store,category,day_of_week,month,revenue
S01,Baby Care,Friday,2024-01,89952.17999999998
S01,Baby Care,Monday,2024-01,130620.62999999999
S01,Baby Care,Saturday,2024-01,100609.76999999999
S01,Baby Care,Sunday,2024-01,120780.54000000002
S01,Baby Care,Thursday,2024-01,88083.54
S01,Baby Care,Tuesday,2024-01,109777.48999999998
S01,Baby Care,Wednesday,2024-01,94671.39999999998
S01,Bakery,Friday,2024-01,14729.4
S01,Bakery,Monday,2024-01,11438.56
S01,Bakery,Saturday,2024-01,16404.260000000002
S01,Bakery,Sunday,2024-01,19594.890000000007
S01,Bakery,Thursday,2024-01,11898.519999999999
S01,Bakery,Tuesday,2024-01,13423.969999999998
S01,Bakery,Wednesday,2024-01,17492.090000000004
S01,Beverages,Friday,2024-01,31436.890000000007
S01,Beverages,Monday,2024-01,25576.780000000002
S01,Beverages,Saturday,2024-01,41614.39
S01,Beverages,Sunday,2024-01,30299.289999999997
S01,Beverages,Thursday,2024-01,23242.980000000007
S01,Beverages,Tuesday,2024-01,22691.68
S01,Beverages,Wednesday,2024-01,26271.94
S01,Biscuits & Snacks,Friday,2024-01,6339.15
S01,Biscuits & Snacks,Monday,2024-01,6120.540000000002
S01,Biscuits & Snacks,Saturday,2024-01,11009.050000000003
S01,Biscuits & Snacks,Sunday,2024-01,8320.529999999997
S01,Biscuits & Snacks,Thursday,2024-01,8126.969999999996
S01,Biscuits & Snacks,Tuesday,2024-01,7108.97
S01,Biscuits & Snacks,Wednesday,2024-01,9619.460000000001
S01,Confectionery,Friday,2024-01,19960.66
S01,Confectionery,Monday,2024-01,11640.539999999997
S01,Confectionery,Saturday,2024-01,20066.440000000002
S01,Confectionery,Sunday,2024-01,20993.089999999993
S01,Confectionery,Thursday,2024-01,18791.929999999993
S01,Confectionery,Tuesday,2024-01,16703.780000000002
S01,Confectionery,Wednesday,2024-01,18738.5
S01,Dairy,Friday,2024-01,35337.64
S01,Dairy,Monday,2024-01,53370.83999999999
S01,Dairy,Saturday,2024-01,49760.64
S01,Dairy,Sunday,2024-01,53806.499999999985
S01,Dairy,Thursday,2024-01,38773.98999999999
S01,Dairy,Tuesday,2024-01,60250.189999999995
S01,Dairy,Wednesday,2024-01,52281.89
S01,Edible Oils,Friday,2024-01,93756.85
S01,Edible Oils,Monday,2024-01,94649.73000000001
S01,Edible Oils,Saturday,2024-01,105914.72999999998
S01,Edible Oils,Sunday,2024-01,126708.99999999993
S01,Edible Oils,Thursday,2024-01,73223.8
S01,Edible Oils,Tuesday,2024-01,98611.25999999997
S01,Edible Oils,Wednesday,2024-01,87397.10999999999
S01,Frozen & Ready to Eat,Friday,2024-01,33062.43000000001
S01,Frozen & Ready to Eat,Monday,2024-01,37174.79
S01,Frozen & Ready to Eat,Saturday,2024-01,41343.8
S01,Frozen & Ready to Eat,Sunday,2024-01,54983.599999999955
S01,Frozen & Ready to Eat,Thursday,2024-01,28184.7
S01,Frozen & Ready to Eat,Tuesday,2024-01,32613.320000000003
S01,Frozen & Ready to Eat,Wednesday,2024-01,31862.40000000001
S01,Fruits & Vegetables,Friday,2024-01,11437.440000000004
S01,Fruits & Vegetables,Monday,2024-01,13327.170000000002
S01,Fruits & Vegetables,Saturday,2024-01,19620.919999999995
S01,Fruits & Vegetables,Sunday,2024-01,23572.23
S01,Fruits & Vegetables,Thursday,2024-01,11853.250000000004
S01,Fruits & Vegetables,Tuesday,2024-01,17068.46
S01,Fruits & Vegetables,Wednesday,2024-01,13589.980000000001
S01,Home Care,Friday,2024-01,29480.710000000003
S01,Home Care,Monday,2024-01,36501.169999999984
S01,Home Care,Saturday,2024-01,44168.57000000001
S01,Home Care,Sunday,2024-01,45351.46
S01,Home Care,Thursday,2024-01,26605.969999999994
S01,Home Care,Tuesday,2024-01,23731.039999999997
S01,Home Care,Wednesday,2024-01,30188.349999999995
S01,Personal Care,Friday,2024-01,46437.19999999998
S01,Personal Care,Monday,2024-01,34230.729999999996
S01,Personal Care,Saturday,2024-01,50807.63
S01,Personal Care,Sunday,2024-01,47885.98999999999
S01,Personal Care,Thursday,2024-01,40329.520000000004
S01,Personal Care,Tuesday,2024-01,33875.79000000001
S01,Personal Care,Wednesday,2024-01,46117.179999999986
S01,Spices & Masala,Friday,2024-01,20340.66
S01,Spices & Masala,Monday,2024-01,27830.10000000001
S01,Spices & Masala,Saturday,2024-01,27901.36000000001
S01,Spices & Masala,Sunday,2024-01,15324.400000000001
S01,Spices & Masala,Thursday,2024-01,18242.97
S01,Spices & Masala,Tuesday,2024-01,22137.370000000003
S01,Spices & Masala,Wednesday,2024-01,15153.58
S01,Staples & Grains,Friday,2024-01,99949.92000000001
S01,Staples & Grains,Monday,2024-01,144795.96000000005
S01,Staples & Grains,Saturday,2024-01,144592.82999999996
S01,Staples & Grains,Sunday,2024-01,146249.87000000002
S01,Staples & Grains,Thursday,2024-01,109753.47
S01,Staples & Grains,Tuesday,2024-01,115712.75000000001
S01,Staples & Grains,Wednesday,2024-01,150034.0199999999
S01,Stationery & General,Friday,2024-01,35071.55
S01,Stationery & General,Monday,2024-01,24532.649999999998
S01,Stationery & General,Saturday,2024-01,29662.470000000005
S01,Stationery & General,Sunday,2024-01,33955.47
S01,Stationery & General,Thursday,2024-01,26165.409999999996
S01,Stationery & General,Tuesday,2024-01,24625.230000000003
S01,Stationery & General,Wednesday,2024-01,34945.850000000006
S01,UNKNOWN,Friday,2024-01,-4677.57
S01,UNKNOWN,Monday,2024-01,-10272.9
S01,UNKNOWN,Saturday,2024-01,-7679.129999999998
S01,UNKNOWN,Sunday,2024-01,-8489.869999999999
S01,UNKNOWN,Thursday,2024-01,-4759.060000000001
S01,UNKNOWN,Tuesday,2024-01,-6589.549999999998
S01,UNKNOWN,Wednesday,2024-01,-6486.210000000002
S01,Baby Care,Friday,2024-02,79296.95
S01,Baby Care,Monday,2024-02,85275.47999999998
S01,Baby Care,Saturday,2024-02,133486.68999999994
S01,Baby Care,Sunday,2024-02,132230.80999999997
S01,Baby Care,Thursday,2024-02,87055.26000000001
S01,Baby Care,Tuesday,2024-02,59260.72000000001
S01,Baby Care,Wednesday,2024-02,98801.76000000002
S01,Bakery,Friday,2024-02,16014.77
S01,Bakery,Monday,2024-02,11113.76
S01,Bakery,Saturday,2024-02,23698.079999999998
S01,Bakery,Sunday,2024-02,13628.710000000001
S01,Bakery,Thursday,2024-02,12909.56
S01,Bakery,Tuesday,2024-02,11372.52
S01,Bakery,Wednesday,2024-02,9218.56
S01,Beverages,Friday,2024-02,22453.18
S01,Beverages,Monday,2024-02,11643.8
S01,Beverages,Saturday,2024-02,35138.740000000005
S01,Beverages,Sunday,2024-02,45843.479999999996
S01,Beverages,Thursday,2024-02,27165.35
S01,Beverages,Tuesday,2024-02,17660.419999999995
S01,Beverages,Wednesday,2024-02,20161.66000000001
S01,Biscuits & Snacks,Friday,2024-02,8299.829999999998
S01,Biscuits & Snacks,Monday,2024-02,2927.47
S01,Biscuits & Snacks,Saturday,2024-02,9189.049999999997
S01,Biscuits & Snacks,Sunday,2024-02,9239.24
S01,Biscuits & Snacks,Thursday,2024-02,7201.65
S01,Biscuits & Snacks,Tuesday,2024-02,5744.54
S01,Biscuits & Snacks,Wednesday,2024-02,4417.03
S01,Confectionery,Friday,2024-02,21839.329999999994
S01,Confectionery,Monday,2024-02,11931.86
S01,Confectionery,Saturday,2024-02,23428.72
S01,Confectionery,Sunday,2024-02,16362.919999999996
S01,Confectionery,Thursday,2024-02,12384.51
S01,Confectionery,Tuesday,2024-02,10829.769999999997
S01,Confectionery,Wednesday,2024-02,22591.720000000012
S01,Dairy,Friday,2024-02,38815.01999999998
S01,Dairy,Monday,2024-02,13902.359999999999
S01,Dairy,Saturday,2024-02,63831.11999999998
S01,Dairy,Sunday,2024-02,49807.88999999997
S01,Dairy,Thursday,2024-02,34687.0
S01,Dairy,Tuesday,2024-02,26735.86
S01,Dairy,Wednesday,2024-02,22519.750000000004
S01,Edible Oils,Friday,2024-02,80874.4
S01,Edible Oils,Monday,2024-02,58827.83
S01,Edible Oils,Saturday,2024-02,174684.03999999992
S01,Edible Oils,Sunday,2024-02,109000.04999999997
S01,Edible Oils,Thursday,2024-02,85242.01999999997
S01,Edible Oils,Tuesday,2024-02,68046.62
S01,Edible Oils,Wednesday,2024-02,55707.369999999995
S01,Frozen & Ready to Eat,Friday,2024-02,42463.83
S01,Frozen & Ready to Eat,Monday,2024-02,15202.210000000003
S01,Frozen & Ready to Eat,Saturday,2024-02,34736.61000000001
S01,Frozen & Ready to Eat,Sunday,2024-02,39507.85000000001
S01,Frozen & Ready to Eat,Thursday,2024-02,33057.77
S01,Frozen & Ready to Eat,Tuesday,2024-02,24653.289999999994
S01,Frozen & Ready to Eat,Wednesday,2024-02,22075.10000000001
S01,Fruits & Vegetables,Friday,2024-02,16571.139999999996
S01,Fruits & Vegetables,Monday,2024-02,12313.920000000002
S01,Fruits & Vegetables,Saturday,2024-02,24475.399999999994
S01,Fruits & Vegetables,Sunday,2024-02,23650.39000000001
S01,Fruits & Vegetables,Thursday,2024-02,14689.160000000005
S01,Fruits & Vegetables,Tuesday,2024-02,9166.9
S01,Fruits & Vegetables,Wednesday,2024-02,10331.58
S01,Home Care,Friday,2024-02,29772.099999999995
S01,Home Care,Monday,2024-02,22694.120000000006
S01,Home Care,Saturday,2024-02,28714.370000000017
S01,Home Care,Sunday,2024-02,44288.610000000015
S01,Home Care,Thursday,2024-02,32845.62000000001
S01,Home Care,Tuesday,2024-02,23538.560000000005
S01,Home Care,Wednesday,2024-02,21532.940000000002
S01,Personal Care,Friday,2024-02,44074.41000000002
S01,Personal Care,Monday,2024-02,28342.690000000002
S01,Personal Care,Saturday,2024-02,63980.02000000001
S01,Personal Care,Sunday,2024-02,47632.36000000001
S01,Personal Care,Thursday,2024-02,40899.69
S01,Personal Care,Tuesday,2024-02,17493.640000000003
S01,Personal Care,Wednesday,2024-02,19071.89
S01,Spices & Masala,Friday,2024-02,20469.13
S01,Spices & Masala,Monday,2024-02,12817.44
S01,Spices & Masala,Saturday,2024-02,32197.04000000002
S01,Spices & Masala,Sunday,2024-02,29425.739999999998
S01,Spices & Masala,Thursday,2024-02,15676.07
S01,Spices & Masala,Tuesday,2024-02,8436.539999999999
S01,Spices & Masala,Wednesday,2024-02,17516.070000000003
S01,Staples & Grains,Friday,2024-02,108437.98999999999
S01,Staples & Grains,Monday,2024-02,78094.92999999998
S01,Staples & Grains,Saturday,2024-02,140255.32
S01,Staples & Grains,Sunday,2024-02,137431.57000000004
S01,Staples & Grains,Thursday,2024-02,108974.18999999999
S01,Staples & Grains,Tuesday,2024-02,45100.98
S01,Staples & Grains,Wednesday,2024-02,93481.21
S01,Stationery & General,Friday,2024-02,36488.270000000004
S01,Stationery & General,Monday,2024-02,16362.269999999999
S01,Stationery & General,Saturday,2024-02,37427.64999999999
S01,Stationery & General,Sunday,2024-02,35373.67000000001
S01,Stationery & General,Thursday,2024-02,30076.270000000004
S01,Stationery & General,Tuesday,2024-02,24614.969999999994
S01,Stationery & General,Wednesday,2024-02,18618.890000000003
S01,UNKNOWN,Friday,2024-02,-2945.64
S01,UNKNOWN,Monday,2024-02,-2403.4700000000003
S01,UNKNOWN,Saturday,2024-02,-8588.86
S01,UNKNOWN,Sunday,2024-02,-7341.379999999999
S01,UNKNOWN,Thursday,2024-02,-5721.4
S01,UNKNOWN,Tuesday,2024-02,-4852.41
S01,UNKNOWN,Wednesday,2024-02,-2856.22
S01,Baby Care,Friday,2024-03,111571.19999999998
S01,Baby Care,Monday,2024-03,100935.03000000001
S01,Baby Care,Saturday,2024-03,177477.96000000002
S01,Baby Care,Sunday,2024-03,122926.09999999996
S01,Baby Care,Thursday,2024-03,96109.97
S01,Baby Care,Tuesday,2024-03,68494.53999999998
S01,Baby Care,Wednesday,2024-03,87650.09
S01,Bakery,Friday,2024-03,17530.58
S01,Bakery,Monday,2024-03,10741.050000000003
S01,Bakery,Saturday,2024-03,21204.500000000004
S01,Bakery,Sunday,2024-03,22970.969999999994
S01,Bakery,Thursday,2024-03,12472.03
S01,Bakery,Tuesday,2024-03,9627.059999999996
S01,Bakery,Wednesday,2024-03,10001.959999999997
S01,Beverages,Friday,2024-03,35418.1
S01,Beverages,Monday,2024-03,20093.89
S01,Beverages,Saturday,2024-03,52988.890000000014
S01,Beverages,Sunday,2024-03,38861.04
S01,Beverages,Thursday,2024-03,33002.65000000001
S01,Beverages,Tuesday,2024-03,17026.6
S01,Beverages,Wednesday,2024-03,18050.230000000003
S01,Biscuits & Snacks,Friday,2024-03,8382.970000000001
S01,Biscuits & Snacks,Monday,2024-03,5353.549999999999
S01,Biscuits & Snacks,Saturday,2024-03,13181.86
S01,Biscuits & Snacks,Sunday,2024-03,7715.729999999999
S01,Biscuits & Snacks,Thursday,2024-03,9994.069999999998
S01,Biscuits & Snacks,Tuesday,2024-03,6932.94
S01,Biscuits & Snacks,Wednesday,2024-03,4184.0199999999995
S01,Confectionery,Friday,2024-03,26032.47
S01,Confectionery,Monday,2024-03,14807.390000000001
S01,Confectionery,Saturday,2024-03,36579.780000000006
S01,Confectionery,Sunday,2024-03,28026.78000000001
S01,Confectionery,Thursday,2024-03,17896.74
S01,Confectionery,Tuesday,2024-03,13826.429999999998
S01,Confectionery,Wednesday,2024-03,13928.15
S01,Dairy,Friday,2024-03,51711.69999999999
S01,Dairy,Monday,2024-03,29872.2
S01,Dairy,Saturday,2024-03,72457.74999999996
S01,Dairy,Sunday,2024-03,54507.02
S01,Dairy,Thursday,2024-03,39870.090000000004
S01,Dairy,Tuesday,2024-03,42326.740000000005
S01,Dairy,Wednesday,2024-03,30217.980000000003
S01,Edible Oils,Friday,2024-03,109426.18000000002
S01,Edible Oils,Monday,2024-03,48751.14
S01,Edible Oils,Saturday,2024-03,142114.72999999992
S01,Edible Oils,Sunday,2024-03,176647.91999999998
S01,Edible Oils,Thursday,2024-03,94171.84999999999
S01,Edible Oils,Tuesday,2024-03,71857.01999999997
S01,Edible Oils,Wednesday,2024-03,66478.97000000002
S01,Frozen & Ready to Eat,Friday,2024-03,43794.07
S01,Frozen & Ready to Eat,Monday,2024-03,26700.989999999994
S01,Frozen & Ready to Eat,Saturday,2024-03,48560.24
S01,Frozen & Ready to Eat,Sunday,2024-03,41633.560000000034
S01,Frozen & Ready to Eat,Thursday,2024-03,23950.829999999994
S01,Frozen & Ready to Eat,Tuesday,2024-03,27039.500000000015
S01,Frozen & Ready to Eat,Wednesday,2024-03,23293.200000000004
S01,Fruits & Vegetables,Friday,2024-03,22263.550000000007
S01,Fruits & Vegetables,Monday,2024-03,12430.32
S01,Fruits & Vegetables,Saturday,2024-03,24996.829999999998
S01,Fruits & Vegetables,Sunday,2024-03,25141.01000000001
S01,Fruits & Vegetables,Thursday,2024-03,16368.720000000001
S01,Fruits & Vegetables,Tuesday,2024-03,13432.840000000006
S01,Fruits & Vegetables,Wednesday,2024-03,14005.150000000001
S01,Home Care,Friday,2024-03,38059.49999999998
S01,Home Care,Monday,2024-03,20987.21
S01,Home Care,Saturday,2024-03,48151.47
S01,Home Care,Sunday,2024-03,67924.95999999999
S01,Home Care,Thursday,2024-03,20251.36
S01,Home Care,Tuesday,2024-03,16017.179999999995
S01,Home Care,Wednesday,2024-03,19541.99
S01,Personal Care,Friday,2024-03,59903.10000000003
S01,Personal Care,Monday,2024-03,24716.190000000002
S01,Personal Care,Saturday,2024-03,62364.38000000001
S01,Personal Care,Sunday,2024-03,62530.01999999999
S01,Personal Care,Thursday,2024-03,42588.60999999999
S01,Personal Care,Tuesday,2024-03,28727.920000000002
S01,Personal Care,Wednesday,2024-03,45140.21
S01,Spices & Masala,Friday,2024-03,26399.969999999998
S01,Spices & Masala,Monday,2024-03,23829.050000000007
S01,Spices & Masala,Saturday,2024-03,37413.69000000002
S01,Spices & Masala,Sunday,2024-03,25793.049999999992
S01,Spices & Masala,Thursday,2024-03,27549.67000000001
S01,Spices & Masala,Tuesday,2024-03,14049.81
S01,Spices & Masala,Wednesday,2024-03,11991.140000000001
S01,Staples & Grains,Friday,2024-03,131930.32
S01,Staples & Grains,Monday,2024-03,108973.00000000003
S01,Staples & Grains,Saturday,2024-03,185661.38000000006
S01,Staples & Grains,Sunday,2024-03,151421.96000000005
S01,Staples & Grains,Thursday,2024-03,89964.44000000002
S01,Staples & Grains,Tuesday,2024-03,66797.01000000001
S01,Staples & Grains,Wednesday,2024-03,72536.0
S01,Stationery & General,Friday,2024-03,39007.44000000001
S01,Stationery & General,Monday,2024-03,19617.12
S01,Stationery & General,Saturday,2024-03,53942.38999999996
S01,Stationery & General,Sunday,2024-03,51552.15
S01,Stationery & General,Thursday,2024-03,28243.670000000002
S01,Stationery & General,Tuesday,2024-03,22420.5
S01,Stationery & General,Wednesday,2024-03,21437.940000000006
S01,UNKNOWN,Friday,2024-03,-5989.889999999999
S01,UNKNOWN,Monday,2024-03,-1973.6100000000001
S01,UNKNOWN,Saturday,2024-03,-10159.3
S01,UNKNOWN,Sunday,2024-03,-10107.319999999998
S01,UNKNOWN,Thursday,2024-03,-6385.960000000001
S01,UNKNOWN,Tuesday,2024-03,-4862.19
S01,UNKNOWN,Wednesday,2024-03,-5000.3
S01,Baby Care,Friday,2024-04,93115.06999999999
S01,Baby Care,Monday,2024-04,105327.00999999998
S01,Baby Care,Saturday,2024-04,124777.41999999997
S01,Baby Care,Sunday,2024-04,143746.12999999998
S01,Baby Care,Thursday,2024-04,84662.15
S01,Baby Care,Tuesday,2024-04,79976.43
S01,Baby Care,Wednesday,2024-04,110844.98999999993
S01,Bakery,Friday,2024-04,9765.599999999997
S01,Bakery,Monday,2024-04,14568.739999999998
S01,Bakery,Saturday,2024-04,18091.43
S01,Bakery,Sunday,2024-04,18810.180000000004
S01,Bakery,Thursday,2024-04,11454.660000000003
S01,Bakery,Tuesday,2024-04,15861.760000000007
S01,Bakery,Wednesday,2024-04,6753.169999999996
S01,Beverages,Friday,2024-04,17543.6
S01,Beverages,Monday,2024-04,30151.030000000006
S01,Beverages,Saturday,2024-04,33850.930000000015
S01,Beverages,Sunday,2024-04,42224.759999999995
S01,Beverages,Thursday,2024-04,19919.780000000002
S01,Beverages,Tuesday,2024-04,24710.56
S01,Beverages,Wednesday,2024-04,23518.55
S01,Biscuits & Snacks,Friday,2024-04,7433.719999999998
S01,Biscuits & Snacks,Monday,2024-04,6809.17
S01,Biscuits & Snacks,Saturday,2024-04,11418.25
S01,Biscuits & Snacks,Sunday,2024-04,7820.789999999996
S01,Biscuits & Snacks,Thursday,2024-04,5717.76
S01,Biscuits & Snacks,Tuesday,2024-04,6139.1
S01,Biscuits & Snacks,Wednesday,2024-04,5719.76
S01,Confectionery,Friday,2024-04,17739.170000000002
S01,Confectionery,Monday,2024-04,16948.65
S01,Confectionery,Saturday,2024-04,23900.65
S01,Confectionery,Sunday,2024-04,19665.790000000005
S01,Confectionery,Thursday,2024-04,18456.399999999998
S01,Confectionery,Tuesday,2024-04,19239.75
S01,Confectionery,Wednesday,2024-04,16765.14
S01,Dairy,Friday,2024-04,33870.649999999994
S01,Dairy,Monday,2024-04,51874.15999999999
S01,Dairy,Saturday,2024-04,59495.46000000001
S01,Dairy,Sunday,2024-04,41171.37000000001
S01,Dairy,Thursday,2024-04,32004.37000000001
S01,Dairy,Tuesday,2024-04,44865.34999999999
S01,Dairy,Wednesday,2024-04,33730.39
S01,Edible Oils,Friday,2024-04,92444.88
S01,Edible Oils,Monday,2024-04,121197.39000000006
S01,Edible Oils,Saturday,2024-04,130091.34000000001
S01,Edible Oils,Sunday,2024-04,114051.25999999998
S01,Edible Oils,Thursday,2024-04,56713.509999999995
S01,Edible Oils,Tuesday,2024-04,73182.69999999998
S01,Edible Oils,Wednesday,2024-04,53644.69
S01,Frozen & Ready to Eat,Friday,2024-04,34829.78
S01,Frozen & Ready to Eat,Monday,2024-04,36411.65
S01,Frozen & Ready to Eat,Saturday,2024-04,47503.00999999998
S01,Frozen & Ready to Eat,Sunday,2024-04,39246.23
S01,Frozen & Ready to Eat,Thursday,2024-04,26751.660000000003
S01,Frozen & Ready to Eat,Tuesday,2024-04,24707.520000000008
S01,Frozen & Ready to Eat,Wednesday,2024-04,21540.699999999993
S01,Fruits & Vegetables,Friday,2024-04,17864.439999999995
S01,Fruits & Vegetables,Monday,2024-04,14439.330000000002
S01,Fruits & Vegetables,Saturday,2024-04,21758.480000000007
S01,Fruits & Vegetables,Sunday,2024-04,24813.17
S01,Fruits & Vegetables,Thursday,2024-04,12833.480000000001
S01,Fruits & Vegetables,Tuesday,2024-04,18390.960000000006
S01,Fruits & Vegetables,Wednesday,2024-04,13384.190000000004
S01,Home Care,Friday,2024-04,35566.590000000004
S01,Home Care,Monday,2024-04,39320.8
S01,Home Care,Saturday,2024-04,45091.469999999994
S01,Home Care,Sunday,2024-04,31609.48
S01,Home Care,Thursday,2024-04,26925.42
S01,Home Care,Tuesday,2024-04,17421.849999999995
S01,Home Care,Wednesday,2024-04,21343.010000000006
S01,Personal Care,Friday,2024-04,33665.649999999994
S01,Personal Care,Monday,2024-04,38086.67
S01,Personal Care,Saturday,2024-04,53228.719999999994
S01,Personal Care,Sunday,2024-04,60949.400000000016
S01,Personal Care,Thursday,2024-04,21985.309999999998
S01,Personal Care,Tuesday,2024-04,31747.84000000001
S01,Personal Care,Wednesday,2024-04,32291.11
S01,Spices & Masala,Friday,2024-04,21218.60000000001
S01,Spices & Masala,Monday,2024-04,20911.649999999994
S01,Spices & Masala,Saturday,2024-04,28326.249999999993
S01,Spices & Masala,Sunday,2024-04,24969.920000000006
S01,Spices & Masala,Thursday,2024-04,18855.490000000005
S01,Spices & Masala,Tuesday,2024-04,20725.980000000003
S01,Spices & Masala,Wednesday,2024-04,20589.490000000005
S01,Staples & Grains,Friday,2024-04,114917.98999999999
S01,Staples & Grains,Monday,2024-04,109758.63999999997
S01,Staples & Grains,Saturday,2024-04,183248.49000000002
S01,Staples & Grains,Sunday,2024-04,148919.83000000002
S01,Staples & Grains,Thursday,2024-04,126118.41
S01,Staples & Grains,Tuesday,2024-04,144420.6
S01,Staples & Grains,Wednesday,2024-04,79299.99
S01,Stationery & General,Friday,2024-04,25769.74000000001
S01,Stationery & General,Monday,2024-04,22834.27
S01,Stationery & General,Saturday,2024-04,32511.070000000003
S01,Stationery & General,Sunday,2024-04,35860.16999999999
S01,Stationery & General,Thursday,2024-04,25110.930000000004
S01,Stationery & General,Tuesday,2024-04,24307.339999999997
S01,Stationery & General,Wednesday,2024-04,15883.06
S01,UNKNOWN,Friday,2024-04,-5666.450000000002
S01,UNKNOWN,Monday,2024-04,-6548.68
S01,UNKNOWN,Saturday,2024-04,-5451.47
S01,UNKNOWN,Sunday,2024-04,-5795.060000000001
S01,UNKNOWN,Thursday,2024-04,-5279.84
S01,UNKNOWN,Tuesday,2024-04,-4505.040000000001
S01,UNKNOWN,Wednesday,2024-04,-6840.419999999999
S01,Baby Care,Friday,2024-05,143762.61000000004
S01,Baby Care,Monday,2024-05,112594.05999999998
S01,Baby Care,Saturday,2024-05,135121.53999999995
S01,Baby Care,Sunday,2024-05,139780.93999999994
S01,Baby Care,Thursday,2024-05,72825.24999999999
S01,Baby Care,Tuesday,2024-05,92071.68000000004
S01,Baby Care,Wednesday,2024-05,129309.14
S01,Bakery,Friday,2024-05,21227.850000000002
S01,Bakery,Monday,2024-05,8289.939999999999
S01,Bakery,Saturday,2024-05,18718.489999999998
S01,Bakery,Sunday,2024-05,14614.170000000002
S01,Bakery,Thursday,2024-05,13737.59
S01,Bakery,Tuesday,2024-05,9450.439999999999
S01,Bakery,Wednesday,2024-05,16589.019999999997
S01,Beverages,Friday,2024-05,43951.840000000026
S01,Beverages,Monday,2024-05,15242.279999999999
S01,Beverages,Saturday,2024-05,42078.560000000005
S01,Beverages,Sunday,2024-05,32360.639999999996
S01,Beverages,Thursday,2024-05,30154.090000000004
S01,Beverages,Tuesday,2024-05,27862.310000000005
S01,Beverages,Wednesday,2024-05,25014.149999999998
S01,Biscuits & Snacks,Friday,2024-05,10061.409999999998
S01,Biscuits & Snacks,Monday,2024-05,5623.870000000002
S01,Biscuits & Snacks,Saturday,2024-05,12506.740000000003
S01,Biscuits & Snacks,Sunday,2024-05,9636.690000000002
S01,Biscuits & Snacks,Thursday,2024-05,7286.739999999998
S01,Biscuits & Snacks,Tuesday,2024-05,7542.56
S01,Biscuits & Snacks,Wednesday,2024-05,11009.38
S01,Confectionery,Friday,2024-05,26366.080000000005
S01,Confectionery,Monday,2024-05,14164.949999999995
S01,Confectionery,Saturday,2024-05,33941.77
S01,Confectionery,Sunday,2024-05,23134.920000000002
S01,Confectionery,Thursday,2024-05,17753.830000000005
S01,Confectionery,Tuesday,2024-05,15919.400000000005
S01,Confectionery,Wednesday,2024-05,21471.82000000001
S01,Dairy,Friday,2024-05,73549.38999999998
S01,Dairy,Monday,2024-05,30431.16
S01,Dairy,Saturday,2024-05,59176.599999999984
S01,Dairy,Sunday,2024-05,61521.79000000001
S01,Dairy,Thursday,2024-05,37485.07
S01,Dairy,Tuesday,2024-05,35849.54
S01,Dairy,Wednesday,2024-05,42199.12999999999
S01,Edible Oils,Friday,2024-05,128890.03999999996
S01,Edible Oils,Monday,2024-05,75048.51999999996
S01,Edible Oils,Saturday,2024-05,123225.76000000001
S01,Edible Oils,Sunday,2024-05,114368.13999999996
S01,Edible Oils,Thursday,2024-05,103916.09000000001
S01,Edible Oils,Tuesday,2024-05,81057.12999999998
S01,Edible Oils,Wednesday,2024-05,117636.98999999995
S01,Frozen & Ready to Eat,Friday,2024-05,42811.78000000002
S01,Frozen & Ready to Eat,Monday,2024-05,24256.890000000007
S01,Frozen & Ready to Eat,Saturday,2024-05,45182.459999999985
S01,Frozen & Ready to Eat,Sunday,2024-05,48874.109999999986
S01,Frozen & Ready to Eat,Thursday,2024-05,38458.14000000001
S01,Frozen & Ready to Eat,Tuesday,2024-05,25565.219999999998
S01,Frozen & Ready to Eat,Wednesday,2024-05,46249.77000000001
S01,Fruits & Vegetables,Friday,2024-05,21224.880000000005
S01,Fruits & Vegetables,Monday,2024-05,10828.329999999998
S01,Fruits & Vegetables,Saturday,2024-05,22392.580000000013
S01,Fruits & Vegetables,Sunday,2024-05,23214.46000000001
S01,Fruits & Vegetables,Thursday,2024-05,12969.839999999998
S01,Fruits & Vegetables,Tuesday,2024-05,12540.54
S01,Fruits & Vegetables,Wednesday,2024-05,19331.580000000005
S01,Home Care,Friday,2024-05,39963.13
S01,Home Care,Monday,2024-05,22694.3
S01,Home Care,Saturday,2024-05,38745.87
S01,Home Care,Sunday,2024-05,38137.35
S01,Home Care,Thursday,2024-05,28774.589999999997
S01,Home Care,Tuesday,2024-05,28329.06
S01,Home Care,Wednesday,2024-05,33801.69000000001
S01,Personal Care,Friday,2024-05,43889.509999999995
S01,Personal Care,Monday,2024-05,30729.440000000006
S01,Personal Care,Saturday,2024-05,65534.520000000004
S01,Personal Care,Sunday,2024-05,53661.949999999975
S01,Personal Care,Thursday,2024-05,42398.91
S01,Personal Care,Tuesday,2024-05,24806.850000000006
S01,Personal Care,Wednesday,2024-05,44959.50999999999
S01,Spices & Masala,Friday,2024-05,27019.500000000007
S01,Spices & Masala,Monday,2024-05,17320.35
S01,Spices & Masala,Saturday,2024-05,29845.51000000001
S01,Spices & Masala,Sunday,2024-05,25717.81
S01,Spices & Masala,Thursday,2024-05,22809.569999999996
S01,Spices & Masala,Tuesday,2024-05,20389.4
S01,Spices & Masala,Wednesday,2024-05,19538.390000000003
S01,Staples & Grains,Friday,2024-05,144001.48
S01,Staples & Grains,Monday,2024-05,87126.53999999998
S01,Staples & Grains,Saturday,2024-05,203775.26999999996
S01,Staples & Grains,Sunday,2024-05,141281.4
S01,Staples & Grains,Thursday,2024-05,102625.81000000001
S01,Staples & Grains,Tuesday,2024-05,88382.89
S01,Staples & Grains,Wednesday,2024-05,118804.58999999995
S01,Stationery & General,Friday,2024-05,39000.659999999996
S01,Stationery & General,Monday,2024-05,21212.530000000006
S01,Stationery & General,Saturday,2024-05,42943.09
S01,Stationery & General,Sunday,2024-05,38280.349999999984
S01,Stationery & General,Thursday,2024-05,28594.300000000003
S01,Stationery & General,Tuesday,2024-05,21692.839999999997
S01,Stationery & General,Wednesday,2024-05,30981.520000000008
S01,UNKNOWN,Friday,2024-05,-7000.560000000001
S01,UNKNOWN,Monday,2024-05,-6354.910000000002
S01,UNKNOWN,Saturday,2024-05,-8487.539999999997
S01,UNKNOWN,Sunday,2024-05,-5011.26
S01,UNKNOWN,Thursday,2024-05,-5838.16
S01,UNKNOWN,Tuesday,2024-05,-4229.87
S01,UNKNOWN,Wednesday,2024-05,-6489.609999999998
S01,Baby Care,Friday,2024-06,96436.47
S01,Baby Care,Monday,2024-06,83864.42999999998
S01,Baby Care,Saturday,2024-06,159740.1199999999
S01,Baby Care,Sunday,2024-06,142515.97999999998
S01,Baby Care,Thursday,2024-06,70324.59999999999
S01,Baby Care,Tuesday,2024-06,97993.96999999999
S01,Baby Care,Wednesday,2024-06,85302.97
S01,Bakery,Friday,2024-06,14997.690000000004
S01,Bakery,Monday,2024-06,6500.369999999999
S01,Bakery,Saturday,2024-06,25251.92
S01,Bakery,Sunday,2024-06,18715.749999999996
S01,Bakery,Thursday,2024-06,13369.939999999997
S01,Bakery,Tuesday,2024-06,11706.019999999999
S01,Bakery,Wednesday,2024-06,12063.969999999998
S01,Beverages,Friday,2024-06,24792.339999999997
S01,Beverages,Monday,2024-06,26496.920000000002
S01,Beverages,Saturday,2024-06,46396.60999999999
S01,Beverages,Sunday,2024-06,44060.740000000005
S01,Beverages,Thursday,2024-06,28455.11
S01,Beverages,Tuesday,2024-06,16334.35
S01,Beverages,Wednesday,2024-06,20676.87
S01,Biscuits & Snacks,Friday,2024-06,7182.98
S01,Biscuits & Snacks,Monday,2024-06,7378.51
S01,Biscuits & Snacks,Saturday,2024-06,11556.78
S01,Biscuits & Snacks,Sunday,2024-06,14721.810000000005
S01,Biscuits & Snacks,Thursday,2024-06,8160.440000000002
S01,Biscuits & Snacks,Tuesday,2024-06,4263.4400000000005
S01,Biscuits & Snacks,Wednesday,2024-06,7204.570000000001
S01,Confectionery,Friday,2024-06,22572.57
S01,Confectionery,Monday,2024-06,11324.289999999997
S01,Confectionery,Saturday,2024-06,38128.60000000001
S01,Confectionery,Sunday,2024-06,29356.32
S01,Confectionery,Thursday,2024-06,21300.960000000003
S01,Confectionery,Tuesday,2024-06,11412.509999999997
S01,Confectionery,Wednesday,2024-06,12119.92
S01,Dairy,Friday,2024-06,37830.150000000016
S01,Dairy,Monday,2024-06,32802.41
S01,Dairy,Saturday,2024-06,76537.08000000002
S01,Dairy,Sunday,2024-06,73207.92000000001
S01,Dairy,Thursday,2024-06,34832.86
S01,Dairy,Tuesday,2024-06,14582.040000000003
S01,Dairy,Wednesday,2024-06,26829.770000000004
S01,Edible Oils,Friday,2024-06,85344.13999999998
S01,Edible Oils,Monday,2024-06,64942.76
S01,Edible Oils,Saturday,2024-06,147058.63999999993
S01,Edible Oils,Sunday,2024-06,149979.46999999994
S01,Edible Oils,Thursday,2024-06,87677.43999999994
S01,Edible Oils,Tuesday,2024-06,50959.83
S01,Edible Oils,Wednesday,2024-06,55697.58
S01,Frozen & Ready to Eat,Friday,2024-06,31867.22
S01,Frozen & Ready to Eat,Monday,2024-06,22060.77
S01,Frozen & Ready to Eat,Saturday,2024-06,61600.399999999994
S01,Frozen & Ready to Eat,Sunday,2024-06,49817.07000000001
S01,Frozen & Ready to Eat,Thursday,2024-06,23681.73
S01,Frozen & Ready to Eat,Tuesday,2024-06,26255.790000000008
S01,Frozen & Ready to Eat,Wednesday,2024-06,23619.170000000006
S01,Fruits & Vegetables,Friday,2024-06,14456.52
S01,Fruits & Vegetables,Monday,2024-06,15962.050000000001
S01,Fruits & Vegetables,Saturday,2024-06,26741.83
S01,Fruits & Vegetables,Sunday,2024-06,21806.40000000001
S01,Fruits & Vegetables,Thursday,2024-06,11418.91
S01,Fruits & Vegetables,Tuesday,2024-06,15425.459999999995
S01,Fruits & Vegetables,Wednesday,2024-06,18712.759999999995
S01,Home Care,Friday,2024-06,33695.01
S01,Home Care,Monday,2024-06,15285.19
S01,Home Care,Saturday,2024-06,49920.16999999999
S01,Home Care,Sunday,2024-06,49293.649999999994
S01,Home Care,Thursday,2024-06,24803.57
S01,Home Care,Tuesday,2024-06,18257.059999999998
S01,Home Care,Wednesday,2024-06,28599.520000000004
S01,Personal Care,Friday,2024-06,48625.34
S01,Personal Care,Monday,2024-06,21262.29
S01,Personal Care,Saturday,2024-06,83201.74
S01,Personal Care,Sunday,2024-06,54334.55999999998
S01,Personal Care,Thursday,2024-06,37474.92
S01,Personal Care,Tuesday,2024-06,32368.010000000002
S01,Personal Care,Wednesday,2024-06,37723.59
S01,Spices & Masala,Friday,2024-06,24980.449999999997
S01,Spices & Masala,Monday,2024-06,15804.599999999999
S01,Spices & Masala,Saturday,2024-06,26144.750000000004
S01,Spices & Masala,Sunday,2024-06,29540.910000000003
S01,Spices & Masala,Thursday,2024-06,17889.899999999994
S01,Spices & Masala,Tuesday,2024-06,15440.120000000004
S01,Spices & Masala,Wednesday,2024-06,13686.859999999997
S01,Staples & Grains,Friday,2024-06,96178.32
S01,Staples & Grains,Monday,2024-06,65028.26
S01,Staples & Grains,Saturday,2024-06,192838.86999999997
S01,Staples & Grains,Sunday,2024-06,185963.21999999997
S01,Staples & Grains,Thursday,2024-06,90936.45999999999
S01,Staples & Grains,Tuesday,2024-06,82157.57
S01,Staples & Grains,Wednesday,2024-06,65680.10999999999
S01,Stationery & General,Friday,2024-06,28913.66000000001
S01,Stationery & General,Monday,2024-06,17409.15
S01,Stationery & General,Saturday,2024-06,53400.169999999984
S01,Stationery & General,Sunday,2024-06,41353.350000000006
S01,Stationery & General,Thursday,2024-06,26577.820000000003
S01,Stationery & General,Tuesday,2024-06,24386.01
S01,Stationery & General,Wednesday,2024-06,20661.640000000003
S01,UNKNOWN,Friday,2024-06,-4738.169999999999
S01,UNKNOWN,Monday,2024-06,-3808.3900000000003
S01,UNKNOWN,Saturday,2024-06,-7598.9800000000005
S01,UNKNOWN,Sunday,2024-06,-6314.96
S01,UNKNOWN,Thursday,2024-06,-2409.72
S01,UNKNOWN,Tuesday,2024-06,-5174.870000000001
S01,UNKNOWN,Wednesday,2024-06,-6376.45
S01,Baby Care,Friday,2024-07,110803.23
S01,Baby Care,Monday,2024-07,81534.58
S01,Baby Care,Saturday,2024-07,136884.07000000004
S01,Baby Care,Sunday,2024-07,148820.05000000002
S01,Baby Care,Thursday,2024-07,55271.75
S01,Baby Care,Tuesday,2024-07,83880.51000000001
S01,Baby Care,Wednesday,2024-07,89100.45
S01,Bakery,Friday,2024-07,14902.72
S01,Bakery,Monday,2024-07,13118.589999999998
S01,Bakery,Saturday,2024-07,19352.96
S01,Bakery,Sunday,2024-07,19774.460000000003
S01,Bakery,Thursday,2024-07,10833.959999999995
S01,Bakery,Tuesday,2024-07,12339.959999999997
S01,Bakery,Wednesday,2024-07,13556.389999999998
S01,Beverages,Friday,2024-07,39664.68
S01,Beverages,Monday,2024-07,25100.17
S01,Beverages,Saturday,2024-07,48498.72000000002
S01,Beverages,Sunday,2024-07,31894.6
S01,Beverages,Thursday,2024-07,19640.43
S01,Beverages,Tuesday,2024-07,23829.700000000004
S01,Beverages,Wednesday,2024-07,24661.36
S01,Biscuits & Snacks,Friday,2024-07,8139.400000000001
S01,Biscuits & Snacks,Monday,2024-07,10009.289999999995
S01,Biscuits & Snacks,Saturday,2024-07,12224.25
S01,Biscuits & Snacks,Sunday,2024-07,11069.769999999997
S01,Biscuits & Snacks,Thursday,2024-07,3503.18
S01,Biscuits & Snacks,Tuesday,2024-07,5087.589999999999
S01,Biscuits & Snacks,Wednesday,2024-07,6548.199999999998
S01,Confectionery,Friday,2024-07,19188.389999999996
S01,Confectionery,Monday,2024-07,21573.329999999998
S01,Confectionery,Saturday,2024-07,21093.81000000001
S01,Confectionery,Sunday,2024-07,26732.550000000017
S01,Confectionery,Thursday,2024-07,21341.780000000006
S01,Confectionery,Tuesday,2024-07,19284.540000000005
S01,Confectionery,Wednesday,2024-07,18630.63
S01,Dairy,Friday,2024-07,42855.96999999999
S01,Dairy,Monday,2024-07,38969.02000000001
S01,Dairy,Saturday,2024-07,48767.000000000015
S01,Dairy,Sunday,2024-07,39972.88999999999
S01,Dairy,Thursday,2024-07,39850.060000000005
S01,Dairy,Tuesday,2024-07,37973.58999999999
S01,Dairy,Wednesday,2024-07,41363.030000000006
S01,Edible Oils,Friday,2024-07,91191.92999999998
S01,Edible Oils,Monday,2024-07,86262.21999999999
S01,Edible Oils,Saturday,2024-07,122214.60999999996
S01,Edible Oils,Sunday,2024-07,141136.34999999995
S01,Edible Oils,Thursday,2024-07,97944.00999999998
S01,Edible Oils,Tuesday,2024-07,70735.16999999997
S01,Edible Oils,Wednesday,2024-07,90842.24999999994
S01,Frozen & Ready to Eat,Friday,2024-07,39609.36
S01,Frozen & Ready to Eat,Monday,2024-07,32007.53
S01,Frozen & Ready to Eat,Saturday,2024-07,45995.759999999995
S01,Frozen & Ready to Eat,Sunday,2024-07,50626.67999999999
S01,Frozen & Ready to Eat,Thursday,2024-07,28584.83000000001
S01,Frozen & Ready to Eat,Tuesday,2024-07,22679.710000000003
S01,Frozen & Ready to Eat,Wednesday,2024-07,24193.820000000007
S01,Fruits & Vegetables,Friday,2024-07,19578.46
S01,Fruits & Vegetables,Monday,2024-07,10722.810000000005
S01,Fruits & Vegetables,Saturday,2024-07,24725.750000000007
S01,Fruits & Vegetables,Sunday,2024-07,24279.980000000007
S01,Fruits & Vegetables,Thursday,2024-07,15942.65
S01,Fruits & Vegetables,Tuesday,2024-07,15417.289999999997
S01,Fruits & Vegetables,Wednesday,2024-07,16619.21
S01,Home Care,Friday,2024-07,43893.649999999994
S01,Home Care,Monday,2024-07,31613.059999999998
S01,Home Care,Saturday,2024-07,37188.020000000004
S01,Home Care,Sunday,2024-07,35577.54
S01,Home Care,Thursday,2024-07,25891.540000000005
S01,Home Care,Tuesday,2024-07,25112.769999999993
S01,Home Care,Wednesday,2024-07,38397.95000000001
S01,Personal Care,Friday,2024-07,49067.49000000001
S01,Personal Care,Monday,2024-07,46104.05000000001
S01,Personal Care,Saturday,2024-07,65292.100000000006
S01,Personal Care,Sunday,2024-07,61492.040000000015
S01,Personal Care,Thursday,2024-07,42934.23000000001
S01,Personal Care,Tuesday,2024-07,42933.32999999999
S01,Personal Care,Wednesday,2024-07,38877.03
S01,Spices & Masala,Friday,2024-07,19339.39
S01,Spices & Masala,Monday,2024-07,24749.410000000003
S01,Spices & Masala,Saturday,2024-07,32392.769999999997
S01,Spices & Masala,Sunday,2024-07,21473.189999999995
S01,Spices & Masala,Thursday,2024-07,15231.84
S01,Spices & Masala,Tuesday,2024-07,13540.250000000002
S01,Spices & Masala,Wednesday,2024-07,21902.809999999998
S01,Staples & Grains,Friday,2024-07,118811.51999999996
S01,Staples & Grains,Monday,2024-07,87750.22000000002
S01,Staples & Grains,Saturday,2024-07,113869.34
S01,Staples & Grains,Sunday,2024-07,142886.23999999996
S01,Staples & Grains,Thursday,2024-07,67790.90999999999
S01,Staples & Grains,Tuesday,2024-07,89362.26999999999
S01,Staples & Grains,Wednesday,2024-07,105640.33000000002
S01,Stationery & General,Friday,2024-07,41534.40999999999
S01,Stationery & General,Monday,2024-07,23089.32
S01,Stationery & General,Saturday,2024-07,39550.84000000001
S01,Stationery & General,Sunday,2024-07,31320.320000000007
S01,Stationery & General,Thursday,2024-07,23993.71000000001
S01,Stationery & General,Tuesday,2024-07,19947.230000000003
S01,Stationery & General,Wednesday,2024-07,38033.26999999999
S01,UNKNOWN,Friday,2024-07,-6319.85
S01,UNKNOWN,Monday,2024-07,-3501.4599999999996
S01,UNKNOWN,Saturday,2024-07,-7771.790000000002
S01,UNKNOWN,Sunday,2024-07,-11675.250000000004
S01,UNKNOWN,Thursday,2024-07,-4201.9400000000005
S01,UNKNOWN,Tuesday,2024-07,-6164.479999999999
S01,UNKNOWN,Wednesday,2024-07,-5839.5599999999995
S01,Baby Care,Friday,2024-08,160262.24000000002
S01,Baby Care,Monday,2024-08,73508.58000000002
S01,Baby Care,Saturday,2024-08,220995.29999999993
S01,Baby Care,Sunday,2024-08,127373.71999999999
S01,Baby Care,Thursday,2024-08,108077.98000000001
S01,Baby Care,Tuesday,2024-08,66044.66
S01,Baby Care,Wednesday,2024-08,73450.98000000004
S01,Bakery,Friday,2024-08,21877.01
S01,Bakery,Monday,2024-08,10519.470000000001
S01,Bakery,Saturday,2024-08,28318.020000000008
S01,Bakery,Sunday,2024-08,16805.030000000006
S01,Bakery,Thursday,2024-08,16003.709999999997
S01,Bakery,Tuesday,2024-08,9740.44
S01,Bakery,Wednesday,2024-08,8182.550000000002
S01,Beverages,Friday,2024-08,40273.05
S01,Beverages,Monday,2024-08,32251.09
S01,Beverages,Saturday,2024-08,46153.29000000001
S01,Beverages,Sunday,2024-08,38363.21
S01,Beverages,Thursday,2024-08,39611.38000000001
S01,Beverages,Tuesday,2024-08,19159.969999999998
S01,Beverages,Wednesday,2024-08,28661.709999999995
S01,Biscuits & Snacks,Friday,2024-08,14823.69
S01,Biscuits & Snacks,Monday,2024-08,7157.66
S01,Biscuits & Snacks,Saturday,2024-08,12902.359999999997
S01,Biscuits & Snacks,Sunday,2024-08,14603.469999999992
S01,Biscuits & Snacks,Thursday,2024-08,6827.7599999999975
S01,Biscuits & Snacks,Tuesday,2024-08,6889.65
S01,Biscuits & Snacks,Wednesday,2024-08,9231.049999999997
S01,Confectionery,Friday,2024-08,31074.110000000004
S01,Confectionery,Monday,2024-08,16252.539999999995
S01,Confectionery,Saturday,2024-08,44795.25000000002
S01,Confectionery,Sunday,2024-08,30841.31999999999
S01,Confectionery,Thursday,2024-08,20499.639999999996
S01,Confectionery,Tuesday,2024-08,10329.810000000001
S01,Confectionery,Wednesday,2024-08,13148.549999999996
S01,Dairy,Friday,2024-08,56245.539999999986
S01,Dairy,Monday,2024-08,35839.67
S01,Dairy,Saturday,2024-08,87513.91999999995
S01,Dairy,Sunday,2024-08,60920.65
S01,Dairy,Thursday,2024-08,47239.96999999999
S01,Dairy,Tuesday,2024-08,46689.54000000001
S01,Dairy,Wednesday,2024-08,33663.73000000001
S01,Edible Oils,Friday,2024-08,125912.10999999993
S01,Edible Oils,Monday,2024-08,97545.30999999995
S01,Edible Oils,Saturday,2024-08,155460.71999999997
S01,Edible Oils,Sunday,2024-08,126391.84999999998
S01,Edible Oils,Thursday,2024-08,106583.12999999999
S01,Edible Oils,Tuesday,2024-08,68209.91999999998
S01,Edible Oils,Wednesday,2024-08,57039.91000000001
S01,Frozen & Ready to Eat,Friday,2024-08,54552.73000000002
S01,Frozen & Ready to Eat,Monday,2024-08,30712.820000000007
S01,Frozen & Ready to Eat,Saturday,2024-08,56726.109999999986
S01,Frozen & Ready to Eat,Sunday,2024-08,43938.240000000005
S01,Frozen & Ready to Eat,Thursday,2024-08,37820.76
S01,Frozen & Ready to Eat,Tuesday,2024-08,26735.78
S01,Frozen & Ready to Eat,Wednesday,2024-08,28543.24
S01,Fruits & Vegetables,Friday,2024-08,26090.00999999999
S01,Fruits & Vegetables,Monday,2024-08,11729.999999999996
S01,Fruits & Vegetables,Saturday,2024-08,32864.64999999999
S01,Fruits & Vegetables,Sunday,2024-08,30625.920000000013
S01,Fruits & Vegetables,Thursday,2024-08,16604.089999999997
S01,Fruits & Vegetables,Tuesday,2024-08,16246.539999999999
S01,Fruits & Vegetables,Wednesday,2024-08,18055.729999999996
S01,Home Care,Friday,2024-08,47972.219999999994
S01,Home Care,Monday,2024-08,35746.75
S01,Home Care,Saturday,2024-08,49638.03000000001
S01,Home Care,Sunday,2024-08,41702.82000000002
S01,Home Care,Thursday,2024-08,38121.7
S01,Home Care,Tuesday,2024-08,24840.329999999998
S01,Home Care,Wednesday,2024-08,26469.850000000002
S01,Personal Care,Friday,2024-08,54609.36999999999
S01,Personal Care,Monday,2024-08,30548.280000000006
S01,Personal Care,Saturday,2024-08,70581.31999999999
S01,Personal Care,Sunday,2024-08,45527.249999999985
S01,Personal Care,Thursday,2024-08,52093.01999999998
S01,Personal Care,Tuesday,2024-08,46528.619999999995
S01,Personal Care,Wednesday,2024-08,31760.870000000003
S01,Spices & Masala,Friday,2024-08,38654.57000000001
S01,Spices & Masala,Monday,2024-08,15620.750000000002
S01,Spices & Masala,Saturday,2024-08,36878.920000000006
S01,Spices & Masala,Sunday,2024-08,26594.39000000001
S01,Spices & Masala,Thursday,2024-08,32834.26
S01,Spices & Masala,Tuesday,2024-08,17925.25
S01,Spices & Masala,Wednesday,2024-08,18065.49
S01,Staples & Grains,Friday,2024-08,156762.94999999998
S01,Staples & Grains,Monday,2024-08,79693.76999999999
S01,Staples & Grains,Saturday,2024-08,231911.95
S01,Staples & Grains,Sunday,2024-08,154809.47999999995
S01,Staples & Grains,Thursday,2024-08,128903.71000000002
S01,Staples & Grains,Tuesday,2024-08,95479.19999999998
S01,Staples & Grains,Wednesday,2024-08,90913.40000000001
S01,Stationery & General,Friday,2024-08,41006.240000000005
S01,Stationery & General,Monday,2024-08,25599.15
S01,Stationery & General,Saturday,2024-08,57637.26
S01,Stationery & General,Sunday,2024-08,52897.099999999984
S01,Stationery & General,Thursday,2024-08,41793.6
S01,Stationery & General,Tuesday,2024-08,21893.600000000002
S01,Stationery & General,Wednesday,2024-08,23323.630000000005
S01,UNKNOWN,Friday,2024-08,-11443.739999999998
S01,UNKNOWN,Monday,2024-08,-6285.96
S01,UNKNOWN,Saturday,2024-08,-11855.699999999999
S01,UNKNOWN,Sunday,2024-08,-9261.299999999997
S01,UNKNOWN,Thursday,2024-08,-7319.090000000003
S01,UNKNOWN,Tuesday,2024-08,-5416.660000000001
S01,UNKNOWN,Wednesday,2024-08,-3031.6200000000003
S01,Baby Care,Friday,2024-09,140580.07
S01,Baby Care,Monday,2024-09,111483.79
S01,Baby Care,Saturday,2024-09,109471.72000000002
S01,Baby Care,Sunday,2024-09,180471.21000000002
S01,Baby Care,Thursday,2024-09,95667.92000000003
S01,Baby Care,Tuesday,2024-09,78197.62
S01,Baby Care,Wednesday,2024-09,98251.78
S01,Bakery,Friday,2024-09,19754.609999999997
S01,Bakery,Monday,2024-09,22864.339999999997
S01,Bakery,Saturday,2024-09,17254.769999999993
S01,Bakery,Sunday,2024-09,30760.18
S01,Bakery,Thursday,2024-09,16473.96
S01,Bakery,Tuesday,2024-09,12535.300000000001
S01,Bakery,Wednesday,2024-09,12692.720000000001
S01,Beverages,Friday,2024-09,32055.839999999997
S01,Beverages,Monday,2024-09,39326.96
S01,Beverages,Saturday,2024-09,40614.64000000001
S01,Beverages,Sunday,2024-09,59888.670000000006
S01,Beverages,Thursday,2024-09,21503.4
S01,Beverages,Tuesday,2024-09,25297.270000000004
S01,Beverages,Wednesday,2024-09,23809.54
S01,Biscuits & Snacks,Friday,2024-09,11149.439999999997
S01,Biscuits & Snacks,Monday,2024-09,10235.919999999996
S01,Biscuits & Snacks,Saturday,2024-09,13455.859999999999
S01,Biscuits & Snacks,Sunday,2024-09,11260.98
S01,Biscuits & Snacks,Thursday,2024-09,10065.24
S01,Biscuits & Snacks,Tuesday,2024-09,4959.639999999999
S01,Biscuits & Snacks,Wednesday,2024-09,7250.619999999999
S01,Confectionery,Friday,2024-09,23017.809999999998
S01,Confectionery,Monday,2024-09,26580.220000000005
S01,Confectionery,Saturday,2024-09,29700.43
S01,Confectionery,Sunday,2024-09,35654.92999999999
S01,Confectionery,Thursday,2024-09,16884.390000000003
S01,Confectionery,Tuesday,2024-09,8199.98
S01,Confectionery,Wednesday,2024-09,17503.760000000002
S01,Dairy,Friday,2024-09,48605.14
S01,Dairy,Monday,2024-09,48616.670000000006
S01,Dairy,Saturday,2024-09,70437.92
S01,Dairy,Sunday,2024-09,98712.79000000002
S01,Dairy,Thursday,2024-09,41403.44
S01,Dairy,Tuesday,2024-09,41088.58
S01,Dairy,Wednesday,2024-09,44485.979999999996
S01,Edible Oils,Friday,2024-09,131899.16999999998
S01,Edible Oils,Monday,2024-09,127948.96000000002
S01,Edible Oils,Saturday,2024-09,146869.09999999995
S01,Edible Oils,Sunday,2024-09,152338.11999999997
S01,Edible Oils,Thursday,2024-09,72237.10999999999
S01,Edible Oils,Tuesday,2024-09,61078.5
S01,Edible Oils,Wednesday,2024-09,75042.65999999999
S01,Frozen & Ready to Eat,Friday,2024-09,47434.24000000002
S01,Frozen & Ready to Eat,Monday,2024-09,43757.87000000001
S01,Frozen & Ready to Eat,Saturday,2024-09,43399.06
S01,Frozen & Ready to Eat,Sunday,2024-09,70155.83
S01,Frozen & Ready to Eat,Thursday,2024-09,29321.690000000002
S01,Frozen & Ready to Eat,Tuesday,2024-09,34433.049999999996
S01,Frozen & Ready to Eat,Wednesday,2024-09,32593.989999999998
S01,Fruits & Vegetables,Friday,2024-09,25290.950000000004
S01,Fruits & Vegetables,Monday,2024-09,24334.209999999995
S01,Fruits & Vegetables,Saturday,2024-09,25752.76
S01,Fruits & Vegetables,Sunday,2024-09,30354.060000000005
S01,Fruits & Vegetables,Thursday,2024-09,13754.85
S01,Fruits & Vegetables,Tuesday,2024-09,11858.760000000002
S01,Fruits & Vegetables,Wednesday,2024-09,17235.91
S01,Home Care,Friday,2024-09,37115.82000000001
S01,Home Care,Monday,2024-09,43932.729999999996
S01,Home Care,Saturday,2024-09,41936.77999999999
S01,Home Care,Sunday,2024-09,61526.78999999999
S01,Home Care,Thursday,2024-09,24673.5
S01,Home Care,Tuesday,2024-09,27000.949999999997
S01,Home Care,Wednesday,2024-09,20818.54
S01,Personal Care,Friday,2024-09,49873.87000000001
S01,Personal Care,Monday,2024-09,65109.25000000001
S01,Personal Care,Saturday,2024-09,55753.29000000002
S01,Personal Care,Sunday,2024-09,69637.65000000001
S01,Personal Care,Thursday,2024-09,40079.14
S01,Personal Care,Tuesday,2024-09,31943.050000000003
S01,Personal Care,Wednesday,2024-09,34674.21
S01,Spices & Masala,Friday,2024-09,22791.300000000003
S01,Spices & Masala,Monday,2024-09,27176.270000000004
S01,Spices & Masala,Saturday,2024-09,38647.98000000001
S01,Spices & Masala,Sunday,2024-09,40262.55
S01,Spices & Masala,Thursday,2024-09,25337.29
S01,Spices & Masala,Tuesday,2024-09,15986.429999999997
S01,Spices & Masala,Wednesday,2024-09,19637.249999999996
S01,Staples & Grains,Friday,2024-09,156878.83999999997
S01,Staples & Grains,Monday,2024-09,143642.21
S01,Staples & Grains,Saturday,2024-09,171068.73999999996
S01,Staples & Grains,Sunday,2024-09,190967.0
S01,Staples & Grains,Thursday,2024-09,99719.09
S01,Staples & Grains,Tuesday,2024-09,87700.11
S01,Staples & Grains,Wednesday,2024-09,91217.45999999999
S01,Stationery & General,Friday,2024-09,37311.11
S01,Stationery & General,Monday,2024-09,37762.21
S01,Stationery & General,Saturday,2024-09,44363.08000000001
S01,Stationery & General,Sunday,2024-09,50173.21000000001
S01,Stationery & General,Thursday,2024-09,28680.39
S01,Stationery & General,Tuesday,2024-09,18350.71
S01,Stationery & General,Wednesday,2024-09,20834.829999999998
S01,UNKNOWN,Friday,2024-09,-8743.21
S01,UNKNOWN,Monday,2024-09,-7082.700000000001
S01,UNKNOWN,Saturday,2024-09,-6916.68
S01,UNKNOWN,Sunday,2024-09,-11238.86
S01,UNKNOWN,Thursday,2024-09,-4972.94
S01,UNKNOWN,Tuesday,2024-09,-5012.86
S01,UNKNOWN,Wednesday,2024-09,-4418.42
S01,Baby Care,Friday,2024-10,164362.02000000008
S01,Baby Care,Monday,2024-10,104815.48000000001
S01,Baby Care,Saturday,2024-10,201028.25000000003
S01,Baby Care,Sunday,2024-10,213620.41000000003
S01,Baby Care,Thursday,2024-10,134991.36
S01,Baby Care,Tuesday,2024-10,164807.19999999995
S01,Baby Care,Wednesday,2024-10,123316.32000000005
S01,Bakery,Friday,2024-10,20775.21
S01,Bakery,Monday,2024-10,18459.02999999999
S01,Bakery,Saturday,2024-10,32838.80999999999
S01,Bakery,Sunday,2024-10,27773.7
S01,Bakery,Thursday,2024-10,22043.249999999996
S01,Bakery,Tuesday,2024-10,18485.9
S01,Bakery,Wednesday,2024-10,19731.839999999997
S01,Beverages,Friday,2024-10,47884.18000000002
S01,Beverages,Monday,2024-10,37608.63000000002
S01,Beverages,Saturday,2024-10,39714.55000000001
S01,Beverages,Sunday,2024-10,49371.70999999999
S01,Beverages,Thursday,2024-10,53371.430000000015
S01,Beverages,Tuesday,2024-10,26182.350000000006
S01,Beverages,Wednesday,2024-10,43171.23999999999
S01,Biscuits & Snacks,Friday,2024-10,13696.6
S01,Biscuits & Snacks,Monday,2024-10,9650.979999999998
S01,Biscuits & Snacks,Saturday,2024-10,17444.809999999994
S01,Biscuits & Snacks,Sunday,2024-10,18001.399999999994
S01,Biscuits & Snacks,Thursday,2024-10,12416.069999999996
S01,Biscuits & Snacks,Tuesday,2024-10,13275.679999999998
S01,Biscuits & Snacks,Wednesday,2024-10,11751.319999999992
S01,Confectionery,Friday,2024-10,38338.91
S01,Confectionery,Monday,2024-10,24531.99
S01,Confectionery,Saturday,2024-10,43193.78000000002
S01,Confectionery,Sunday,2024-10,35615.09999999999
S01,Confectionery,Thursday,2024-10,24844.479999999992
S01,Confectionery,Tuesday,2024-10,28918.58000000001
S01,Confectionery,Wednesday,2024-10,25196.67000000001
S01,Dairy,Friday,2024-10,61079.91999999998
S01,Dairy,Monday,2024-10,55874.99999999999
S01,Dairy,Saturday,2024-10,70195.64999999995
S01,Dairy,Sunday,2024-10,92482.58999999998
S01,Dairy,Thursday,2024-10,44922.469999999994
S01,Dairy,Tuesday,2024-10,65002.34
S01,Dairy,Wednesday,2024-10,61655.17999999999
S01,Edible Oils,Friday,2024-10,148050.44000000003
S01,Edible Oils,Monday,2024-10,127333.36999999998
S01,Edible Oils,Saturday,2024-10,184763.36000000004
S01,Edible Oils,Sunday,2024-10,199998.37999999995
S01,Edible Oils,Thursday,2024-10,121424.76000000001
S01,Edible Oils,Tuesday,2024-10,108107.05
S01,Edible Oils,Wednesday,2024-10,140589.63000000006
S01,Frozen & Ready to Eat,Friday,2024-10,47010.75
S01,Frozen & Ready to Eat,Monday,2024-10,44287.469999999994
S01,Frozen & Ready to Eat,Saturday,2024-10,65220.210000000014
S01,Frozen & Ready to Eat,Sunday,2024-10,66351.1
S01,Frozen & Ready to Eat,Thursday,2024-10,47999.94000000001
S01,Frozen & Ready to Eat,Tuesday,2024-10,55390.28000000003
S01,Frozen & Ready to Eat,Wednesday,2024-10,54075.07000000001
S01,Fruits & Vegetables,Friday,2024-10,26178.870000000006
S01,Fruits & Vegetables,Monday,2024-10,23854.780000000002
S01,Fruits & Vegetables,Saturday,2024-10,36750.81999999999
S01,Fruits & Vegetables,Sunday,2024-10,43434.769999999975
S01,Fruits & Vegetables,Thursday,2024-10,27153.46
S01,Fruits & Vegetables,Tuesday,2024-10,23286.329999999994
S01,Fruits & Vegetables,Wednesday,2024-10,28819.359999999997
S01,Home Care,Friday,2024-10,59367.429999999986
S01,Home Care,Monday,2024-10,39746.88
S01,Home Care,Saturday,2024-10,77012.14999999998
S01,Home Care,Sunday,2024-10,61117.98
S01,Home Care,Thursday,2024-10,48678.17999999999
S01,Home Care,Tuesday,2024-10,49991.35999999997
S01,Home Care,Wednesday,2024-10,44461.73
S01,Personal Care,Friday,2024-10,61325.969999999994
S01,Personal Care,Monday,2024-10,41596.31
S01,Personal Care,Saturday,2024-10,72637.36000000002
S01,Personal Care,Sunday,2024-10,72033.53000000001
S01,Personal Care,Thursday,2024-10,69534.86
S01,Personal Care,Tuesday,2024-10,60908.860000000015
S01,Personal Care,Wednesday,2024-10,58149.89999999998
S01,Spices & Masala,Friday,2024-10,28691.529999999995
S01,Spices & Masala,Monday,2024-10,27111.90000000001
S01,Spices & Masala,Saturday,2024-10,35471.03999999999
S01,Spices & Masala,Sunday,2024-10,41619.31
S01,Spices & Masala,Thursday,2024-10,32150.060000000005
S01,Spices & Masala,Tuesday,2024-10,26016.740000000013
S01,Spices & Masala,Wednesday,2024-10,18835.14
S01,Staples & Grains,Friday,2024-10,181017.51000000007
S01,Staples & Grains,Monday,2024-10,109283.47000000003
S01,Staples & Grains,Saturday,2024-10,223964.16999999998
S01,Staples & Grains,Sunday,2024-10,217643.30000000005
S01,Staples & Grains,Thursday,2024-10,156165.09999999998
S01,Staples & Grains,Tuesday,2024-10,140575.38
S01,Staples & Grains,Wednesday,2024-10,182690.4299999999
S01,Stationery & General,Friday,2024-10,43714.399999999994
S01,Stationery & General,Monday,2024-10,38891.95999999999
S01,Stationery & General,Saturday,2024-10,56129.169999999984
S01,Stationery & General,Sunday,2024-10,59968.66000000002
S01,Stationery & General,Thursday,2024-10,37394.12000000002
S01,Stationery & General,Tuesday,2024-10,37814.30000000002
S01,Stationery & General,Wednesday,2024-10,35638.06
S01,UNKNOWN,Friday,2024-10,-10478.62
S01,UNKNOWN,Monday,2024-10,-7013.729999999999
S01,UNKNOWN,Saturday,2024-10,-13668.520000000002
S01,UNKNOWN,Sunday,2024-10,-12028.169999999996
S01,UNKNOWN,Thursday,2024-10,-7198.79
S01,UNKNOWN,Tuesday,2024-10,-8628.55
S01,UNKNOWN,Wednesday,2024-10,-5410.510000000002
S01,Baby Care,Friday,2024-11,190513.1299999999
S01,Baby Care,Monday,2024-11,99019.60999999999
S01,Baby Care,Saturday,2024-11,211546.00000000006
S01,Baby Care,Sunday,2024-11,144730.64000000004
S01,Baby Care,Thursday,2024-11,110092.33
S01,Baby Care,Tuesday,2024-11,74539.34000000001
S01,Baby Care,Wednesday,2024-11,71516.37
S01,Bakery,Friday,2024-11,19836.25999999999
S01,Bakery,Monday,2024-11,13892.910000000005
S01,Bakery,Saturday,2024-11,33375.58999999999
S01,Bakery,Sunday,2024-11,22387.890000000003
S01,Bakery,Thursday,2024-11,17796.360000000004
S01,Bakery,Tuesday,2024-11,11951.710000000001
S01,Bakery,Wednesday,2024-11,13474.870000000003
S01,Beverages,Friday,2024-11,45818.76000000002
S01,Beverages,Monday,2024-11,32174.749999999996
S01,Beverages,Saturday,2024-11,61634.39000000001
S01,Beverages,Sunday,2024-11,53722.53999999999
S01,Beverages,Thursday,2024-11,27181.5
S01,Beverages,Tuesday,2024-11,28974.829999999994
S01,Beverages,Wednesday,2024-11,34312.18999999999
S01,Biscuits & Snacks,Friday,2024-11,16250.550000000003
S01,Biscuits & Snacks,Monday,2024-11,8416.45
S01,Biscuits & Snacks,Saturday,2024-11,20847.03000000001
S01,Biscuits & Snacks,Sunday,2024-11,13043.219999999996
S01,Biscuits & Snacks,Thursday,2024-11,7105.289999999996
S01,Biscuits & Snacks,Tuesday,2024-11,7020.840000000003
S01,Biscuits & Snacks,Wednesday,2024-11,9261.110000000004
S01,Confectionery,Friday,2024-11,32066.069999999996
S01,Confectionery,Monday,2024-11,20937.61
S01,Confectionery,Saturday,2024-11,47516.15
S01,Confectionery,Sunday,2024-11,32591.01000000001
S01,Confectionery,Thursday,2024-11,19027.45
S01,Confectionery,Tuesday,2024-11,16766.63
S01,Confectionery,Wednesday,2024-11,18859.580000000005
S01,Dairy,Friday,2024-11,48089.649999999994
S01,Dairy,Monday,2024-11,37849.21000000001
S01,Dairy,Saturday,2024-11,97848.88999999997
S01,Dairy,Sunday,2024-11,70933.90999999999
S01,Dairy,Thursday,2024-11,41792.68
S01,Dairy,Tuesday,2024-11,53757.689999999995
S01,Dairy,Wednesday,2024-11,56632.72999999999
S01,Edible Oils,Friday,2024-11,164531.83
S01,Edible Oils,Monday,2024-11,86759.85
S01,Edible Oils,Saturday,2024-11,158052.80000000002
S01,Edible Oils,Sunday,2024-11,163018.25
S01,Edible Oils,Thursday,2024-11,100954.74000000002
S01,Edible Oils,Tuesday,2024-11,83466.95999999998
S01,Edible Oils,Wednesday,2024-11,114929.11
S01,Frozen & Ready to Eat,Friday,2024-11,46322.85
S01,Frozen & Ready to Eat,Monday,2024-11,39976.43000000001
S01,Frozen & Ready to Eat,Saturday,2024-11,59746.48000000001
S01,Frozen & Ready to Eat,Sunday,2024-11,42859.540000000015
S01,Frozen & Ready to Eat,Thursday,2024-11,38495.29
S01,Frozen & Ready to Eat,Tuesday,2024-11,28598.9
S01,Frozen & Ready to Eat,Wednesday,2024-11,30557.609999999993
S01,Fruits & Vegetables,Friday,2024-11,27199.75
S01,Fruits & Vegetables,Monday,2024-11,17682.440000000006
S01,Fruits & Vegetables,Saturday,2024-11,31356.999999999996
S01,Fruits & Vegetables,Sunday,2024-11,20091.67999999999
S01,Fruits & Vegetables,Thursday,2024-11,15232.189999999997
S01,Fruits & Vegetables,Tuesday,2024-11,11999.93
S01,Fruits & Vegetables,Wednesday,2024-11,20445.999999999993
S01,Home Care,Friday,2024-11,53441.859999999986
S01,Home Care,Monday,2024-11,31660.290000000005
S01,Home Care,Saturday,2024-11,69433.22999999998
S01,Home Care,Sunday,2024-11,50579.40999999997
S01,Home Care,Thursday,2024-11,39741.78999999999
S01,Home Care,Tuesday,2024-11,23525.84
S01,Home Care,Wednesday,2024-11,19437.96
S01,Personal Care,Friday,2024-11,60165.98999999999
S01,Personal Care,Monday,2024-11,49228.34999999999
S01,Personal Care,Saturday,2024-11,84221.84000000003
S01,Personal Care,Sunday,2024-11,62921.18000000001
S01,Personal Care,Thursday,2024-11,39964.52999999999
S01,Personal Care,Tuesday,2024-11,45284.34
S01,Personal Care,Wednesday,2024-11,39856.09000000001
S01,Spices & Masala,Friday,2024-11,28630.070000000003
S01,Spices & Masala,Monday,2024-11,17438.409999999996
S01,Spices & Masala,Saturday,2024-11,43325.64
S01,Spices & Masala,Sunday,2024-11,32986.899999999994
S01,Spices & Masala,Thursday,2024-11,19781.419999999995
S01,Spices & Masala,Tuesday,2024-11,14458.83
S01,Spices & Masala,Wednesday,2024-11,15379.840000000002
S01,Staples & Grains,Friday,2024-11,184779.67999999985
S01,Staples & Grains,Monday,2024-11,110770.75
S01,Staples & Grains,Saturday,2024-11,248607.75000000003
S01,Staples & Grains,Sunday,2024-11,163493.85000000006
S01,Staples & Grains,Thursday,2024-11,135143.14
S01,Staples & Grains,Tuesday,2024-11,89855.42000000001
S01,Staples & Grains,Wednesday,2024-11,126445.42999999998
S01,Stationery & General,Friday,2024-11,54168.72000000001
S01,Stationery & General,Monday,2024-11,26509.119999999995
S01,Stationery & General,Saturday,2024-11,60824.38000000002
S01,Stationery & General,Sunday,2024-11,40410.15000000001
S01,Stationery & General,Thursday,2024-11,35468.14
S01,Stationery & General,Tuesday,2024-11,20054.450000000004
S01,Stationery & General,Wednesday,2024-11,29147.980000000003
S01,UNKNOWN,Friday,2024-11,-11962.26
S01,UNKNOWN,Monday,2024-11,-8441.82
S01,UNKNOWN,Saturday,2024-11,-9357.839999999998
S01,UNKNOWN,Sunday,2024-11,-8425.150000000001
S01,UNKNOWN,Thursday,2024-11,-5329.969999999999
S01,UNKNOWN,Tuesday,2024-11,-4330.05
S01,UNKNOWN,Wednesday,2024-11,-3702.86
S01,Baby Care,Friday,2024-12,115288.40000000004
S01,Baby Care,Monday,2024-12,128038.01000000004
S01,Baby Care,Saturday,2024-12,137721.77000000002
S01,Baby Care,Sunday,2024-12,155217.97999999998
S01,Baby Care,Thursday,2024-12,122923.32999999997
S01,Baby Care,Tuesday,2024-12,94092.14
S01,Baby Care,Wednesday,2024-12,85974.55000000002
S01,Bakery,Friday,2024-12,24335.909999999993
S01,Bakery,Monday,2024-12,16154.290000000005
S01,Bakery,Saturday,2024-12,23024.959999999992
S01,Bakery,Sunday,2024-12,31787.69999999998
S01,Bakery,Thursday,2024-12,18565.019999999997
S01,Bakery,Tuesday,2024-12,13781.860000000004
S01,Bakery,Wednesday,2024-12,9028.469999999998
S01,Beverages,Friday,2024-12,50386.14000000002
S01,Beverages,Monday,2024-12,37724.140000000014
S01,Beverages,Saturday,2024-12,39926.560000000005
S01,Beverages,Sunday,2024-12,52711.49
S01,Beverages,Thursday,2024-12,30135.86
S01,Beverages,Tuesday,2024-12,30893.829999999984
S01,Beverages,Wednesday,2024-12,37900.450000000004
S01,Biscuits & Snacks,Friday,2024-12,12198.960000000003
S01,Biscuits & Snacks,Monday,2024-12,9803.520000000002
S01,Biscuits & Snacks,Saturday,2024-12,14736.750000000002
S01,Biscuits & Snacks,Sunday,2024-12,15684.33
S01,Biscuits & Snacks,Thursday,2024-12,7516.090000000001
S01,Biscuits & Snacks,Tuesday,2024-12,9298.199999999997
S01,Biscuits & Snacks,Wednesday,2024-12,7965.19
S01,Confectionery,Friday,2024-12,27478.57
S01,Confectionery,Monday,2024-12,26227.589999999993
S01,Confectionery,Saturday,2024-12,31576.08999999999
S01,Confectionery,Sunday,2024-12,35385.03
S01,Confectionery,Thursday,2024-12,20094.769999999997
S01,Confectionery,Tuesday,2024-12,13402.309999999998
S01,Confectionery,Wednesday,2024-12,18839.440000000002
S01,Dairy,Friday,2024-12,68574.79999999997
S01,Dairy,Monday,2024-12,44993.52
S01,Dairy,Saturday,2024-12,82540.98000000001
S01,Dairy,Sunday,2024-12,97401.65999999999
S01,Dairy,Thursday,2024-12,55605.18999999998
S01,Dairy,Tuesday,2024-12,45580.890000000014
S01,Dairy,Wednesday,2024-12,32534.889999999996
S01,Edible Oils,Friday,2024-12,112869.56999999999
S01,Edible Oils,Monday,2024-12,149617.08
S01,Edible Oils,Saturday,2024-12,152462.08000000005
S01,Edible Oils,Sunday,2024-12,165320.56999999995
S01,Edible Oils,Thursday,2024-12,103610.38999999997
S01,Edible Oils,Tuesday,2024-12,99892.89999999997
S01,Edible Oils,Wednesday,2024-12,98621.74
S01,Frozen & Ready to Eat,Friday,2024-12,41697.149999999994
S01,Frozen & Ready to Eat,Monday,2024-12,44924.630000000005
S01,Frozen & Ready to Eat,Saturday,2024-12,45934.66000000002
S01,Frozen & Ready to Eat,Sunday,2024-12,60039.98999999998
S01,Frozen & Ready to Eat,Thursday,2024-12,35389.32
S01,Frozen & Ready to Eat,Tuesday,2024-12,43868.329999999994
S01,Frozen & Ready to Eat,Wednesday,2024-12,26297.550000000003
S01,Fruits & Vegetables,Friday,2024-12,24134.66
S01,Fruits & Vegetables,Monday,2024-12,22306.54
S01,Fruits & Vegetables,Saturday,2024-12,30498.019999999997
S01,Fruits & Vegetables,Sunday,2024-12,40207.380000000005
S01,Fruits & Vegetables,Thursday,2024-12,15106.759999999997
S01,Fruits & Vegetables,Tuesday,2024-12,18927.670000000006
S01,Fruits & Vegetables,Wednesday,2024-12,13808.599999999997
S01,Home Care,Friday,2024-12,31144.69
S01,Home Care,Monday,2024-12,34699.37999999999
S01,Home Care,Saturday,2024-12,53066.239999999976
S01,Home Care,Sunday,2024-12,72035.02000000002
S01,Home Care,Thursday,2024-12,44737.479999999996
S01,Home Care,Tuesday,2024-12,27959.839999999993
S01,Home Care,Wednesday,2024-12,28815.17
S01,Personal Care,Friday,2024-12,56167.670000000006
S01,Personal Care,Monday,2024-12,57352.52
S01,Personal Care,Saturday,2024-12,85150.98
S01,Personal Care,Sunday,2024-12,90215.78000000004
S01,Personal Care,Thursday,2024-12,49744.070000000014
S01,Personal Care,Tuesday,2024-12,33727.9
S01,Personal Care,Wednesday,2024-12,40505.770000000004
S01,Spices & Masala,Friday,2024-12,26591.42000000001
S01,Spices & Masala,Monday,2024-12,15651.179999999998
S01,Spices & Masala,Saturday,2024-12,27630.6
S01,Spices & Masala,Sunday,2024-12,43046.94999999998
S01,Spices & Masala,Thursday,2024-12,25563.14999999999
S01,Spices & Masala,Tuesday,2024-12,20869.99
S01,Spices & Masala,Wednesday,2024-12,13782.800000000001
S01,Staples & Grains,Friday,2024-12,185378.25999999995
S01,Staples & Grains,Monday,2024-12,147484.58000000002
S01,Staples & Grains,Saturday,2024-12,204869.74999999997
S01,Staples & Grains,Sunday,2024-12,241723.79999999993
S01,Staples & Grains,Thursday,2024-12,114797.23999999998
S01,Staples & Grains,Tuesday,2024-12,145916.06999999995
S01,Staples & Grains,Wednesday,2024-12,98676.92000000001
S01,Stationery & General,Friday,2024-12,44630.669999999984
S01,Stationery & General,Monday,2024-12,30115.260000000002
S01,Stationery & General,Saturday,2024-12,39638.07999999999
S01,Stationery & General,Sunday,2024-12,64959.61999999998
S01,Stationery & General,Thursday,2024-12,33269.48
S01,Stationery & General,Tuesday,2024-12,32941.30000000002
S01,Stationery & General,Wednesday,2024-12,26674.809999999998
S01,UNKNOWN,Friday,2024-12,-8205.609999999999
S01,UNKNOWN,Monday,2024-12,-8501.569999999998
S01,UNKNOWN,Saturday,2024-12,-8431.530000000002
S01,UNKNOWN,Sunday,2024-12,-11384.740000000002
S01,UNKNOWN,Thursday,2024-12,-8728.74
S01,UNKNOWN,Tuesday,2024-12,-7072.51
S01,UNKNOWN,Wednesday,2024-12,-5617.95
S02,Baby Care,Friday,2024-01,105796.16
S02,Baby Care,Monday,2024-01,79528.95999999999
S02,Baby Care,Saturday,2024-01,122564.08999999994
S02,Baby Care,Sunday,2024-01,68979.12
S02,Baby Care,Thursday,2024-01,63483.48999999999
S02,Baby Care,Tuesday,2024-01,74236.27
S02,Baby Care,Wednesday,2024-01,89437.97999999995
S02,Bakery,Friday,2024-01,10890.939999999999
S02,Bakery,Monday,2024-01,9010.790000000003
S02,Bakery,Saturday,2024-01,15391.130000000003
S02,Bakery,Sunday,2024-01,15285.210000000003
S02,Bakery,Thursday,2024-01,11193.849999999999
S02,Bakery,Tuesday,2024-01,11575.740000000007
S02,Bakery,Wednesday,2024-01,9757.269999999997
S02,Beverages,Friday,2024-01,28837.190000000002
S02,Beverages,Monday,2024-01,27877.48000000001
S02,Beverages,Saturday,2024-01,20105.690000000002
S02,Beverages,Sunday,2024-01,23890.800000000003
S02,Beverages,Thursday,2024-01,17538.41
S02,Beverages,Tuesday,2024-01,25036.189999999995
S02,Beverages,Wednesday,2024-01,17722.460000000006
S02,Biscuits & Snacks,Friday,2024-01,5771.039999999999
S02,Biscuits & Snacks,Monday,2024-01,4781.629999999999
S02,Biscuits & Snacks,Saturday,2024-01,9209.12
S02,Biscuits & Snacks,Sunday,2024-01,9006.29
S02,Biscuits & Snacks,Thursday,2024-01,7359.909999999995
S02,Biscuits & Snacks,Tuesday,2024-01,7772.969999999996
S02,Biscuits & Snacks,Wednesday,2024-01,6768.789999999998
S02,Confectionery,Friday,2024-01,16590.569999999996
S02,Confectionery,Monday,2024-01,13865.070000000002
S02,Confectionery,Saturday,2024-01,19421.53
S02,Confectionery,Sunday,2024-01,20554.24
S02,Confectionery,Thursday,2024-01,10924.669999999998
S02,Confectionery,Tuesday,2024-01,16055.269999999999
S02,Confectionery,Wednesday,2024-01,15585.43
S02,Dairy,Friday,2024-01,19557.08
S02,Dairy,Monday,2024-01,36538.23
S02,Dairy,Saturday,2024-01,47706.539999999986
S02,Dairy,Sunday,2024-01,31294.820000000003
S02,Dairy,Thursday,2024-01,28826.81
S02,Dairy,Tuesday,2024-01,22146.43
S02,Dairy,Wednesday,2024-01,36740.560000000005
S02,Edible Oils,Friday,2024-01,51807.26999999998
S02,Edible Oils,Monday,2024-01,78009.19999999998
S02,Edible Oils,Saturday,2024-01,115251.91999999998
S02,Edible Oils,Sunday,2024-01,74620.37000000001
S02,Edible Oils,Thursday,2024-01,48213.18
S02,Edible Oils,Tuesday,2024-01,49035.56000000001
S02,Edible Oils,Wednesday,2024-01,78830.36
S02,Frozen & Ready to Eat,Friday,2024-01,32477.580000000016
S02,Frozen & Ready to Eat,Monday,2024-01,25675.400000000012
S02,Frozen & Ready to Eat,Saturday,2024-01,36158.35000000001
S02,Frozen & Ready to Eat,Sunday,2024-01,30281.270000000008
S02,Frozen & Ready to Eat,Thursday,2024-01,18892.620000000003
S02,Frozen & Ready to Eat,Tuesday,2024-01,39769.8
S02,Frozen & Ready to Eat,Wednesday,2024-01,25871.510000000017
S02,Fruits & Vegetables,Friday,2024-01,10113.899999999998
S02,Fruits & Vegetables,Monday,2024-01,12850.289999999999
S02,Fruits & Vegetables,Saturday,2024-01,17190.97
S02,Fruits & Vegetables,Sunday,2024-01,16487.260000000002
S02,Fruits & Vegetables,Thursday,2024-01,11438.68
S02,Fruits & Vegetables,Tuesday,2024-01,12074.310000000001
S02,Fruits & Vegetables,Wednesday,2024-01,13581.55
S02,Home Care,Friday,2024-01,24641.590000000004
S02,Home Care,Monday,2024-01,22821.600000000002
S02,Home Care,Saturday,2024-01,36097.03999999999
S02,Home Care,Sunday,2024-01,20428.029999999995
S02,Home Care,Thursday,2024-01,14646.6
S02,Home Care,Tuesday,2024-01,33201.87000000001
S02,Home Care,Wednesday,2024-01,27818.139999999992
S02,Personal Care,Friday,2024-01,22107.72
S02,Personal Care,Monday,2024-01,34611.10000000002
S02,Personal Care,Saturday,2024-01,49974.54
S02,Personal Care,Sunday,2024-01,37572.87999999999
S02,Personal Care,Thursday,2024-01,25093.84
S02,Personal Care,Tuesday,2024-01,28058.440000000002
S02,Personal Care,Wednesday,2024-01,32100.90000000001
S02,Spices & Masala,Friday,2024-01,22835.469999999998
S02,Spices & Masala,Monday,2024-01,16306.439999999997
S02,Spices & Masala,Saturday,2024-01,23219.250000000007
S02,Spices & Masala,Sunday,2024-01,12149.389999999998
S02,Spices & Masala,Thursday,2024-01,12158.699999999999
S02,Spices & Masala,Tuesday,2024-01,15961.910000000005
S02,Spices & Masala,Wednesday,2024-01,17175.73
S02,Staples & Grains,Friday,2024-01,84526.12999999999
S02,Staples & Grains,Monday,2024-01,100032.95000000003
S02,Staples & Grains,Saturday,2024-01,124588.38999999996
S02,Staples & Grains,Sunday,2024-01,69551.11
S02,Staples & Grains,Thursday,2024-01,76538.11
S02,Staples & Grains,Tuesday,2024-01,75299.63999999998
S02,Staples & Grains,Wednesday,2024-01,106686.89
S02,Stationery & General,Friday,2024-01,20818.26
S02,Stationery & General,Monday,2024-01,22125.960000000003
S02,Stationery & General,Saturday,2024-01,29627.82
S02,Stationery & General,Sunday,2024-01,28217.47000000001
S02,Stationery & General,Thursday,2024-01,20010.55
S02,Stationery & General,Tuesday,2024-01,17293.119999999995
S02,Stationery & General,Wednesday,2024-01,17449.920000000006
S02,UNKNOWN,Friday,2024-01,-5944.239999999999
S02,UNKNOWN,Monday,2024-01,-7096.169999999999
S02,UNKNOWN,Saturday,2024-01,-7653.980000000001
S02,UNKNOWN,Sunday,2024-01,-3933.64
S02,UNKNOWN,Thursday,2024-01,-4233.31
S02,UNKNOWN,Tuesday,2024-01,-4645.03
S02,UNKNOWN,Wednesday,2024-01,-6284.58
S02,Baby Care,Friday,2024-02,67254.96
S02,Baby Care,Monday,2024-02,56635.45999999999
S02,Baby Care,Saturday,2024-02,123573.53
S02,Baby Care,Sunday,2024-02,85880.14000000001
S02,Baby Care,Thursday,2024-02,88474.60000000002
S02,Baby Care,Tuesday,2024-02,70414.11
S02,Baby Care,Wednesday,2024-02,47807.54000000001
S02,Bakery,Friday,2024-02,11585.020000000002
S02,Bakery,Monday,2024-02,6830.95
S02,Bakery,Saturday,2024-02,16283.390000000001
S02,Bakery,Sunday,2024-02,15748.560000000001
S02,Bakery,Thursday,2024-02,10576.990000000002
S02,Bakery,Tuesday,2024-02,9383.919999999998
S02,Bakery,Wednesday,2024-02,6989.919999999999
S02,Beverages,Friday,2024-02,15532.27
S02,Beverages,Monday,2024-02,18674.3
S02,Beverages,Saturday,2024-02,29856.75
S02,Beverages,Sunday,2024-02,21945.150000000005
S02,Beverages,Thursday,2024-02,29211.980000000007
S02,Beverages,Tuesday,2024-02,22193.809999999998
S02,Beverages,Wednesday,2024-02,12164.190000000002
S02,Biscuits & Snacks,Friday,2024-02,6746.9400000000005
S02,Biscuits & Snacks,Monday,2024-02,3816.21
S02,Biscuits & Snacks,Saturday,2024-02,7554.28
S02,Biscuits & Snacks,Sunday,2024-02,5376.879999999998
S02,Biscuits & Snacks,Thursday,2024-02,7663.609999999998
S02,Biscuits & Snacks,Tuesday,2024-02,5729.94
S02,Biscuits & Snacks,Wednesday,2024-02,4393.6399999999985
S02,Confectionery,Friday,2024-02,13689.679999999998
S02,Confectionery,Monday,2024-02,12216.929999999997
S02,Confectionery,Saturday,2024-02,16770.210000000003
S02,Confectionery,Sunday,2024-02,21460.22
S02,Confectionery,Thursday,2024-02,9828.709999999997
S02,Confectionery,Tuesday,2024-02,11972.01
S02,Confectionery,Wednesday,2024-02,15424.139999999998
S02,Dairy,Friday,2024-02,31195.8
S02,Dairy,Monday,2024-02,23044.49
S02,Dairy,Saturday,2024-02,43268.5
S02,Dairy,Sunday,2024-02,43554.610000000015
S02,Dairy,Thursday,2024-02,28237.279999999995
S02,Dairy,Tuesday,2024-02,27644.35
S02,Dairy,Wednesday,2024-02,23920.350000000002
S02,Edible Oils,Friday,2024-02,51810.1
S02,Edible Oils,Monday,2024-02,64825.299999999996
S02,Edible Oils,Saturday,2024-02,94703.32999999999
S02,Edible Oils,Sunday,2024-02,80972.4
S02,Edible Oils,Thursday,2024-02,69039.97
S02,Edible Oils,Tuesday,2024-02,64392.090000000004
S02,Edible Oils,Wednesday,2024-02,50239.079999999994
S02,Frozen & Ready to Eat,Friday,2024-02,25960.989999999998
S02,Frozen & Ready to Eat,Monday,2024-02,20131.569999999996
S02,Frozen & Ready to Eat,Saturday,2024-02,38437.259999999995
S02,Frozen & Ready to Eat,Sunday,2024-02,30884.090000000004
S02,Frozen & Ready to Eat,Thursday,2024-02,24020.14
S02,Frozen & Ready to Eat,Tuesday,2024-02,20590.65
S02,Frozen & Ready to Eat,Wednesday,2024-02,23591.44
S02,Fruits & Vegetables,Friday,2024-02,14624.989999999998
S02,Fruits & Vegetables,Monday,2024-02,5100.149999999999
S02,Fruits & Vegetables,Saturday,2024-02,12275.16
S02,Fruits & Vegetables,Sunday,2024-02,13548.980000000001
S02,Fruits & Vegetables,Thursday,2024-02,10276.79
S02,Fruits & Vegetables,Tuesday,2024-02,7948.429999999999
S02,Fruits & Vegetables,Wednesday,2024-02,11358.890000000001
S02,Home Care,Friday,2024-02,23033.570000000003
S02,Home Care,Monday,2024-02,21086.449999999997
S02,Home Care,Saturday,2024-02,33640.74000000001
S02,Home Care,Sunday,2024-02,24554.210000000006
S02,Home Care,Thursday,2024-02,26818.33
S02,Home Care,Tuesday,2024-02,23405.36
S02,Home Care,Wednesday,2024-02,14356.630000000001
S02,Personal Care,Friday,2024-02,29303.5
S02,Personal Care,Monday,2024-02,24804.14
S02,Personal Care,Saturday,2024-02,50412.239999999976
S02,Personal Care,Sunday,2024-02,36529.03999999999
S02,Personal Care,Thursday,2024-02,32692.640000000003
S02,Personal Care,Tuesday,2024-02,30744.289999999994
S02,Personal Care,Wednesday,2024-02,30164.55
S02,Spices & Masala,Friday,2024-02,11959.960000000001
S02,Spices & Masala,Monday,2024-02,13456.69
S02,Spices & Masala,Saturday,2024-02,14643.209999999997
S02,Spices & Masala,Sunday,2024-02,17693.62
S02,Spices & Masala,Thursday,2024-02,14735.749999999996
S02,Spices & Masala,Tuesday,2024-02,17868.15
S02,Spices & Masala,Wednesday,2024-02,14561.77
S02,Staples & Grains,Friday,2024-02,40092.11000000001
S02,Staples & Grains,Monday,2024-02,51087.35
S02,Staples & Grains,Saturday,2024-02,111487.13999999998
S02,Staples & Grains,Sunday,2024-02,94514.72
S02,Staples & Grains,Thursday,2024-02,70764.23
S02,Staples & Grains,Tuesday,2024-02,97840.03999999996
S02,Staples & Grains,Wednesday,2024-02,46015.979999999996
S02,Stationery & General,Friday,2024-02,17436.13
S02,Stationery & General,Monday,2024-02,21831.83000000001
S02,Stationery & General,Saturday,2024-02,29123.9
S02,Stationery & General,Sunday,2024-02,20496.570000000003
S02,Stationery & General,Thursday,2024-02,22113.33000000001
S02,Stationery & General,Tuesday,2024-02,14276.510000000002
S02,Stationery & General,Wednesday,2024-02,16980.17
S02,UNKNOWN,Friday,2024-02,-5852.61
S02,UNKNOWN,Monday,2024-02,-3807.7999999999997
S02,UNKNOWN,Saturday,2024-02,-5676.85
S02,UNKNOWN,Sunday,2024-02,-5519.070000000001
S02,UNKNOWN,Thursday,2024-02,-5280.78
S02,UNKNOWN,Tuesday,2024-02,-5855.660000000001
S02,UNKNOWN,Wednesday,2024-02,-3613.0599999999995
S02,Baby Care,Friday,2024-03,114401.50999999998
S02,Baby Care,Monday,2024-03,45687.78999999999
S02,Baby Care,Saturday,2024-03,113947.85999999987
S02,Baby Care,Sunday,2024-03,146759.45
S02,Baby Care,Thursday,2024-03,91834.29999999997
S02,Baby Care,Tuesday,2024-03,62744.0
S02,Baby Care,Wednesday,2024-03,59653.32000000001
S02,Bakery,Friday,2024-03,15160.940000000004
S02,Bakery,Monday,2024-03,8960.460000000001
S02,Bakery,Saturday,2024-03,17694.93
S02,Bakery,Sunday,2024-03,17283.739999999994
S02,Bakery,Thursday,2024-03,11879.109999999997
S02,Bakery,Tuesday,2024-03,9634.24
S02,Bakery,Wednesday,2024-03,6518.400000000001
S02,Beverages,Friday,2024-03,29812.150000000005
S02,Beverages,Monday,2024-03,13469.979999999998
S02,Beverages,Saturday,2024-03,38173.05999999999
S02,Beverages,Sunday,2024-03,42099.51999999999
S02,Beverages,Thursday,2024-03,23558.27999999999
S02,Beverages,Tuesday,2024-03,11306.859999999997
S02,Beverages,Wednesday,2024-03,25557.280000000013
S02,Biscuits & Snacks,Friday,2024-03,10958.439999999999
S02,Biscuits & Snacks,Monday,2024-03,3831.5699999999997
S02,Biscuits & Snacks,Saturday,2024-03,13074.090000000006
S02,Biscuits & Snacks,Sunday,2024-03,9576.4
S02,Biscuits & Snacks,Thursday,2024-03,6282.76
S02,Biscuits & Snacks,Tuesday,2024-03,5156.229999999997
S02,Biscuits & Snacks,Wednesday,2024-03,6562.169999999998
S02,Confectionery,Friday,2024-03,25873.999999999996
S02,Confectionery,Monday,2024-03,11036.03
S02,Confectionery,Saturday,2024-03,26122.38
S02,Confectionery,Sunday,2024-03,26086.98999999999
S02,Confectionery,Thursday,2024-03,16713.859999999997
S02,Confectionery,Tuesday,2024-03,9279.43
S02,Confectionery,Wednesday,2024-03,15355.69
S02,Dairy,Friday,2024-03,45414.33999999999
S02,Dairy,Monday,2024-03,16141.220000000003
S02,Dairy,Saturday,2024-03,76868.00999999997
S02,Dairy,Sunday,2024-03,58534.98999999998
S02,Dairy,Thursday,2024-03,37299.340000000004
S02,Dairy,Tuesday,2024-03,32424.760000000002
S02,Dairy,Wednesday,2024-03,28495.640000000003
S02,Edible Oils,Friday,2024-03,107829.87999999999
S02,Edible Oils,Monday,2024-03,28658.479999999996
S02,Edible Oils,Saturday,2024-03,125426.40000000002
S02,Edible Oils,Sunday,2024-03,121084.12000000001
S02,Edible Oils,Thursday,2024-03,96889.04999999997
S02,Edible Oils,Tuesday,2024-03,52712.42
S02,Edible Oils,Wednesday,2024-03,75344.84999999998
S02,Frozen & Ready to Eat,Friday,2024-03,29226.679999999997
S02,Frozen & Ready to Eat,Monday,2024-03,12487.589999999998
S02,Frozen & Ready to Eat,Saturday,2024-03,42311.60999999999
S02,Frozen & Ready to Eat,Sunday,2024-03,44852.04999999999
S02,Frozen & Ready to Eat,Thursday,2024-03,25709.81
S02,Frozen & Ready to Eat,Tuesday,2024-03,19577.97
S02,Frozen & Ready to Eat,Wednesday,2024-03,22892.85
S02,Fruits & Vegetables,Friday,2024-03,20683.260000000002
S02,Fruits & Vegetables,Monday,2024-03,7292.959999999998
S02,Fruits & Vegetables,Saturday,2024-03,18559.2
S02,Fruits & Vegetables,Sunday,2024-03,19184.140000000003
S02,Fruits & Vegetables,Thursday,2024-03,11849.43
S02,Fruits & Vegetables,Tuesday,2024-03,10334.0
S02,Fruits & Vegetables,Wednesday,2024-03,9756.260000000002
S02,Home Care,Friday,2024-03,37095.31
S02,Home Care,Monday,2024-03,8592.310000000001
S02,Home Care,Saturday,2024-03,41492.069999999985
S02,Home Care,Sunday,2024-03,40248.229999999996
S02,Home Care,Thursday,2024-03,20637.289999999997
S02,Home Care,Tuesday,2024-03,16952.39
S02,Home Care,Wednesday,2024-03,27218.23
S02,Personal Care,Friday,2024-03,44543.47000000001
S02,Personal Care,Monday,2024-03,18905.739999999998
S02,Personal Care,Saturday,2024-03,69710.16999999997
S02,Personal Care,Sunday,2024-03,35721.42
S02,Personal Care,Thursday,2024-03,27463.539999999997
S02,Personal Care,Tuesday,2024-03,26580.070000000003
S02,Personal Care,Wednesday,2024-03,23507.089999999997
S02,Spices & Masala,Friday,2024-03,28475.530000000002
S02,Spices & Masala,Monday,2024-03,10173.880000000001
S02,Spices & Masala,Saturday,2024-03,38080.48
S02,Spices & Masala,Sunday,2024-03,22397.429999999997
S02,Spices & Masala,Thursday,2024-03,17377.83
S02,Spices & Masala,Tuesday,2024-03,16405.199999999997
S02,Spices & Masala,Wednesday,2024-03,14455.92
S02,Staples & Grains,Friday,2024-03,107154.67999999995
S02,Staples & Grains,Monday,2024-03,50508.49999999999
S02,Staples & Grains,Saturday,2024-03,157422.31999999998
S02,Staples & Grains,Sunday,2024-03,116113.58999999995
S02,Staples & Grains,Thursday,2024-03,77423.34000000001
S02,Staples & Grains,Tuesday,2024-03,72992.4
S02,Staples & Grains,Wednesday,2024-03,82552.97
S02,Stationery & General,Friday,2024-03,29897.339999999997
S02,Stationery & General,Monday,2024-03,16711.690000000002
S02,Stationery & General,Saturday,2024-03,30896.699999999993
S02,Stationery & General,Sunday,2024-03,40777.97
S02,Stationery & General,Thursday,2024-03,25169.38
S02,Stationery & General,Tuesday,2024-03,19396.079999999998
S02,Stationery & General,Wednesday,2024-03,16737.239999999998
S02,UNKNOWN,Friday,2024-03,-7038.189999999999
S02,UNKNOWN,Monday,2024-03,-2328.8599999999997
S02,UNKNOWN,Saturday,2024-03,-9713.519999999999
S02,UNKNOWN,Sunday,2024-03,-6092.170000000001
S02,UNKNOWN,Thursday,2024-03,-7570.329999999999
S02,UNKNOWN,Tuesday,2024-03,-3435.1400000000003
S02,UNKNOWN,Wednesday,2024-03,-3132.5299999999997
S02,Baby Care,Friday,2024-04,75190.84999999996
S02,Baby Care,Monday,2024-04,66423.85999999999
S02,Baby Care,Saturday,2024-04,99005.37
S02,Baby Care,Sunday,2024-04,111914.61999999997
S02,Baby Care,Thursday,2024-04,69311.58999999998
S02,Baby Care,Tuesday,2024-04,88602.93
S02,Baby Care,Wednesday,2024-04,59308.16000000002
S02,Bakery,Friday,2024-04,10510.419999999998
S02,Bakery,Monday,2024-04,11266.82
S02,Bakery,Saturday,2024-04,14055.51
S02,Bakery,Sunday,2024-04,13208.509999999998
S02,Bakery,Thursday,2024-04,9028.039999999997
S02,Bakery,Tuesday,2024-04,11643.330000000002
S02,Bakery,Wednesday,2024-04,7718.429999999999
S02,Beverages,Friday,2024-04,21362.390000000007
S02,Beverages,Monday,2024-04,18749.85
S02,Beverages,Saturday,2024-04,37985.840000000004
S02,Beverages,Sunday,2024-04,29567.290000000008
S02,Beverages,Thursday,2024-04,24679.399999999998
S02,Beverages,Tuesday,2024-04,21874.709999999995
S02,Beverages,Wednesday,2024-04,19044.759999999995
S02,Biscuits & Snacks,Friday,2024-04,8110.36
S02,Biscuits & Snacks,Monday,2024-04,6396.230000000001
S02,Biscuits & Snacks,Saturday,2024-04,9168.83
S02,Biscuits & Snacks,Sunday,2024-04,6359.64
S02,Biscuits & Snacks,Thursday,2024-04,5649.870000000001
S02,Biscuits & Snacks,Tuesday,2024-04,9865.890000000001
S02,Biscuits & Snacks,Wednesday,2024-04,5120.680000000001
S02,Confectionery,Friday,2024-04,15106.979999999998
S02,Confectionery,Monday,2024-04,23122.060000000005
S02,Confectionery,Saturday,2024-04,22308.940000000002
S02,Confectionery,Sunday,2024-04,16856.32
S02,Confectionery,Thursday,2024-04,17959.4
S02,Confectionery,Tuesday,2024-04,16213.72
S02,Confectionery,Wednesday,2024-04,16774.239999999998
S02,Dairy,Friday,2024-04,45636.35999999999
S02,Dairy,Monday,2024-04,39396.159999999996
S02,Dairy,Saturday,2024-04,38813.85
S02,Dairy,Sunday,2024-04,44703.65999999999
S02,Dairy,Thursday,2024-04,30371.329999999994
S02,Dairy,Tuesday,2024-04,40822.13000000001
S02,Dairy,Wednesday,2024-04,19739.109999999997
S02,Edible Oils,Friday,2024-04,121700.01000000002
S02,Edible Oils,Monday,2024-04,75507.93000000001
S02,Edible Oils,Saturday,2024-04,88404.99000000003
S02,Edible Oils,Sunday,2024-04,89132.32999999999
S02,Edible Oils,Thursday,2024-04,62344.95000000001
S02,Edible Oils,Tuesday,2024-04,73656.60999999999
S02,Edible Oils,Wednesday,2024-04,76986.06999999996
S02,Frozen & Ready to Eat,Friday,2024-04,32809.93000000001
S02,Frozen & Ready to Eat,Monday,2024-04,28399.150000000005
S02,Frozen & Ready to Eat,Saturday,2024-04,40994.479999999996
S02,Frozen & Ready to Eat,Sunday,2024-04,43569.67999999999
S02,Frozen & Ready to Eat,Thursday,2024-04,16310.170000000004
S02,Frozen & Ready to Eat,Tuesday,2024-04,34428.44
S02,Frozen & Ready to Eat,Wednesday,2024-04,17263.69
S02,Fruits & Vegetables,Friday,2024-04,13619.899999999996
S02,Fruits & Vegetables,Monday,2024-04,18387.940000000006
S02,Fruits & Vegetables,Saturday,2024-04,19619.65
S02,Fruits & Vegetables,Sunday,2024-04,22043.340000000015
S02,Fruits & Vegetables,Thursday,2024-04,12650.409999999998
S02,Fruits & Vegetables,Tuesday,2024-04,17086.390000000003
S02,Fruits & Vegetables,Wednesday,2024-04,10491.45
S02,Home Care,Friday,2024-04,33989.96
S02,Home Care,Monday,2024-04,20889.519999999997
S02,Home Care,Saturday,2024-04,33167.14000000001
S02,Home Care,Sunday,2024-04,29085.039999999994
S02,Home Care,Thursday,2024-04,25801.46
S02,Home Care,Tuesday,2024-04,25250.09
S02,Home Care,Wednesday,2024-04,28908.799999999992
S02,Personal Care,Friday,2024-04,35025.41
S02,Personal Care,Monday,2024-04,35775.76
S02,Personal Care,Saturday,2024-04,33426.96000000001
S02,Personal Care,Sunday,2024-04,44479.11000000001
S02,Personal Care,Thursday,2024-04,29981.240000000005
S02,Personal Care,Tuesday,2024-04,36446.820000000014
S02,Personal Care,Wednesday,2024-04,20976.78
S02,Spices & Masala,Friday,2024-04,19749.160000000003
S02,Spices & Masala,Monday,2024-04,11061.280000000002
S02,Spices & Masala,Saturday,2024-04,23783.179999999997
S02,Spices & Masala,Sunday,2024-04,25240.08000000001
S02,Spices & Masala,Thursday,2024-04,14362.620000000003
S02,Spices & Masala,Tuesday,2024-04,16112.880000000001
S02,Spices & Masala,Wednesday,2024-04,15615.160000000002
S02,Staples & Grains,Friday,2024-04,106733.71999999997
S02,Staples & Grains,Monday,2024-04,84664.80999999997
S02,Staples & Grains,Saturday,2024-04,147768.98
S02,Staples & Grains,Sunday,2024-04,113842.28999999992
S02,Staples & Grains,Thursday,2024-04,115262.22
S02,Staples & Grains,Tuesday,2024-04,91882.71999999999
S02,Staples & Grains,Wednesday,2024-04,65494.740000000005
S02,Stationery & General,Friday,2024-04,34259.969999999994
S02,Stationery & General,Monday,2024-04,16324.719999999996
S02,Stationery & General,Saturday,2024-04,27257.28
S02,Stationery & General,Sunday,2024-04,36451.790000000015
S02,Stationery & General,Thursday,2024-04,14685.459999999997
S02,Stationery & General,Tuesday,2024-04,23247.67
S02,Stationery & General,Wednesday,2024-04,17054.72
S02,UNKNOWN,Friday,2024-04,-6981.599999999999
S02,UNKNOWN,Monday,2024-04,-4857.99
S02,UNKNOWN,Saturday,2024-04,-7399.080000000001
S02,UNKNOWN,Sunday,2024-04,-6064.500000000001
S02,UNKNOWN,Thursday,2024-04,-4149.139999999999
S02,UNKNOWN,Tuesday,2024-04,-3900.5299999999997
S02,UNKNOWN,Wednesday,2024-04,-2110.0599999999995
S02,Baby Care,Friday,2024-05,157821.53999999998
S02,Baby Care,Monday,2024-05,104936.60999999999
S02,Baby Care,Saturday,2024-05,163091.04
S02,Baby Care,Sunday,2024-05,111256.40000000001
S02,Baby Care,Thursday,2024-05,87756.95000000003
S02,Baby Care,Tuesday,2024-05,58161.36000000001
S02,Baby Care,Wednesday,2024-05,59940.13
S02,Bakery,Friday,2024-05,20149.400000000005
S02,Bakery,Monday,2024-05,9502.800000000001
S02,Bakery,Saturday,2024-05,14809.060000000001
S02,Bakery,Sunday,2024-05,11090.220000000003
S02,Bakery,Thursday,2024-05,12313.8
S02,Bakery,Tuesday,2024-05,10870.659999999998
S02,Bakery,Wednesday,2024-05,11111.329999999998
S02,Beverages,Friday,2024-05,33452.340000000004
S02,Beverages,Monday,2024-05,25523.670000000002
S02,Beverages,Saturday,2024-05,35627.850000000006
S02,Beverages,Sunday,2024-05,27107.919999999995
S02,Beverages,Thursday,2024-05,25806.500000000007
S02,Beverages,Tuesday,2024-05,27619.29
S02,Beverages,Wednesday,2024-05,15235.280000000004
S02,Biscuits & Snacks,Friday,2024-05,9969.789999999995
S02,Biscuits & Snacks,Monday,2024-05,5099.3
S02,Biscuits & Snacks,Saturday,2024-05,9304.050000000003
S02,Biscuits & Snacks,Sunday,2024-05,7472.7
S02,Biscuits & Snacks,Thursday,2024-05,7990.2300000000005
S02,Biscuits & Snacks,Tuesday,2024-05,4996.6
S02,Biscuits & Snacks,Wednesday,2024-05,7070.109999999999
S02,Confectionery,Friday,2024-05,23751.320000000003
S02,Confectionery,Monday,2024-05,14485.800000000001
S02,Confectionery,Saturday,2024-05,21486.660000000003
S02,Confectionery,Sunday,2024-05,19046.599999999995
S02,Confectionery,Thursday,2024-05,14780.57
S02,Confectionery,Tuesday,2024-05,9095.61
S02,Confectionery,Wednesday,2024-05,11959.59
S02,Dairy,Friday,2024-05,53430.13999999999
S02,Dairy,Monday,2024-05,35596.17999999999
S02,Dairy,Saturday,2024-05,61433.51999999998
S02,Dairy,Sunday,2024-05,45773.270000000004
S02,Dairy,Thursday,2024-05,29571.860000000008
S02,Dairy,Tuesday,2024-05,22490.97
S02,Dairy,Wednesday,2024-05,34754.77
S02,Edible Oils,Friday,2024-05,127545.84000000001
S02,Edible Oils,Monday,2024-05,52123.369999999995
S02,Edible Oils,Saturday,2024-05,119607.73000000001
S02,Edible Oils,Sunday,2024-05,86228.26
S02,Edible Oils,Thursday,2024-05,97420.85
S02,Edible Oils,Tuesday,2024-05,88091.08999999998
S02,Edible Oils,Wednesday,2024-05,48324.87999999999
S02,Frozen & Ready to Eat,Friday,2024-05,32291.979999999996
S02,Frozen & Ready to Eat,Monday,2024-05,21575.019999999997
S02,Frozen & Ready to Eat,Saturday,2024-05,41931.04000000001
S02,Frozen & Ready to Eat,Sunday,2024-05,32313.559999999998
S02,Frozen & Ready to Eat,Thursday,2024-05,34948.54000000001
S02,Frozen & Ready to Eat,Tuesday,2024-05,32012.870000000003
S02,Frozen & Ready to Eat,Wednesday,2024-05,21337.029999999995
S02,Fruits & Vegetables,Friday,2024-05,15001.390000000003
S02,Fruits & Vegetables,Monday,2024-05,9151.849999999999
S02,Fruits & Vegetables,Saturday,2024-05,23671.100000000006
S02,Fruits & Vegetables,Sunday,2024-05,12207.61
S02,Fruits & Vegetables,Thursday,2024-05,19796.579999999998
S02,Fruits & Vegetables,Tuesday,2024-05,12411.650000000001
S02,Fruits & Vegetables,Wednesday,2024-05,11692.28
S02,Home Care,Friday,2024-05,48383.83
S02,Home Care,Monday,2024-05,18890.710000000003
S02,Home Care,Saturday,2024-05,37427.450000000004
S02,Home Care,Sunday,2024-05,25152.510000000006
S02,Home Care,Thursday,2024-05,30016.67
S02,Home Care,Tuesday,2024-05,23482.51
S02,Home Care,Wednesday,2024-05,23217.400000000005
S02,Personal Care,Friday,2024-05,36171.32000000001
S02,Personal Care,Monday,2024-05,30999.960000000003
S02,Personal Care,Saturday,2024-05,45624.04
S02,Personal Care,Sunday,2024-05,45789.100000000006
S02,Personal Care,Thursday,2024-05,38676.07000000001
S02,Personal Care,Tuesday,2024-05,32873.670000000006
S02,Personal Care,Wednesday,2024-05,24485.159999999996
S02,Spices & Masala,Friday,2024-05,20014.849999999995
S02,Spices & Masala,Monday,2024-05,11202.58
S02,Spices & Masala,Saturday,2024-05,24140.54000000001
S02,Spices & Masala,Sunday,2024-05,24337.28999999999
S02,Spices & Masala,Thursday,2024-05,19774.390000000003
S02,Spices & Masala,Tuesday,2024-05,13607.109999999999
S02,Spices & Masala,Wednesday,2024-05,13701.009999999997
S02,Staples & Grains,Friday,2024-05,122856.96000000002
S02,Staples & Grains,Monday,2024-05,64866.92
S02,Staples & Grains,Saturday,2024-05,131552.40999999997
S02,Staples & Grains,Sunday,2024-05,79629.81
S02,Staples & Grains,Thursday,2024-05,139099.39
S02,Staples & Grains,Tuesday,2024-05,96235.13999999998
S02,Staples & Grains,Wednesday,2024-05,71494.53
S02,Stationery & General,Friday,2024-05,35834.549999999996
S02,Stationery & General,Monday,2024-05,18527.850000000002
S02,Stationery & General,Saturday,2024-05,41326.019999999975
S02,Stationery & General,Sunday,2024-05,31173.239999999994
S02,Stationery & General,Thursday,2024-05,28958.62
S02,Stationery & General,Tuesday,2024-05,15888.470000000001
S02,Stationery & General,Wednesday,2024-05,25075.840000000004
S02,UNKNOWN,Friday,2024-05,-4534.94
S02,UNKNOWN,Monday,2024-05,-3845.59
S02,UNKNOWN,Saturday,2024-05,-6720.6500000000015
S02,UNKNOWN,Sunday,2024-05,-5560.650000000001
S02,UNKNOWN,Thursday,2024-05,-6152.5599999999995
S02,UNKNOWN,Tuesday,2024-05,-3642.01
S02,UNKNOWN,Wednesday,2024-05,-6805.080000000001
S02,Baby Care,Friday,2024-06,92704.16999999998
S02,Baby Care,Monday,2024-06,64897.07999999997
S02,Baby Care,Saturday,2024-06,175211.10999999993
S02,Baby Care,Sunday,2024-06,100251.49999999994
S02,Baby Care,Thursday,2024-06,57406.95
S02,Baby Care,Tuesday,2024-06,65014.03999999999
S02,Baby Care,Wednesday,2024-06,47001.95
S02,Bakery,Friday,2024-06,14702.920000000002
S02,Bakery,Monday,2024-06,8954.73
S02,Bakery,Saturday,2024-06,19959.540000000008
S02,Bakery,Sunday,2024-06,19169.090000000004
S02,Bakery,Thursday,2024-06,10678.180000000002
S02,Bakery,Tuesday,2024-06,10401.64
S02,Bakery,Wednesday,2024-06,14164.909999999998
S02,Beverages,Friday,2024-06,25640.58
S02,Beverages,Monday,2024-06,16356.939999999999
S02,Beverages,Saturday,2024-06,48072.26999999998
S02,Beverages,Sunday,2024-06,38059.94
S02,Beverages,Thursday,2024-06,18338.980000000003
S02,Beverages,Tuesday,2024-06,25271.110000000004
S02,Beverages,Wednesday,2024-06,13575.809999999998
S02,Biscuits & Snacks,Friday,2024-06,6003.019999999999
S02,Biscuits & Snacks,Monday,2024-06,5085.5599999999995
S02,Biscuits & Snacks,Saturday,2024-06,11713.700000000004
S02,Biscuits & Snacks,Sunday,2024-06,10402.740000000002
S02,Biscuits & Snacks,Thursday,2024-06,5178.689999999999
S02,Biscuits & Snacks,Tuesday,2024-06,5257.759999999999
S02,Biscuits & Snacks,Wednesday,2024-06,6008.390000000001
S02,Confectionery,Friday,2024-06,17336.010000000006
S02,Confectionery,Monday,2024-06,11096.2
S02,Confectionery,Saturday,2024-06,28104.59
S02,Confectionery,Sunday,2024-06,28521.509999999995
S02,Confectionery,Thursday,2024-06,9953.13
S02,Confectionery,Tuesday,2024-06,11462.96
S02,Confectionery,Wednesday,2024-06,15383.52
S02,Dairy,Friday,2024-06,25190.22
S02,Dairy,Monday,2024-06,20450.539999999997
S02,Dairy,Saturday,2024-06,58767.169999999984
S02,Dairy,Sunday,2024-06,51993.14
S02,Dairy,Thursday,2024-06,27702.71
S02,Dairy,Tuesday,2024-06,28678.86
S02,Dairy,Wednesday,2024-06,19817.32
S02,Edible Oils,Friday,2024-06,67205.26999999997
S02,Edible Oils,Monday,2024-06,35872.24999999999
S02,Edible Oils,Saturday,2024-06,130376.93999999996
S02,Edible Oils,Sunday,2024-06,113635.90999999996
S02,Edible Oils,Thursday,2024-06,75198.11000000002
S02,Edible Oils,Tuesday,2024-06,55817.18999999998
S02,Edible Oils,Wednesday,2024-06,54582.71999999998
S02,Frozen & Ready to Eat,Friday,2024-06,32013.460000000003
S02,Frozen & Ready to Eat,Monday,2024-06,21192.07
S02,Frozen & Ready to Eat,Saturday,2024-06,43289.11000000001
S02,Frozen & Ready to Eat,Sunday,2024-06,37505.37
S02,Frozen & Ready to Eat,Thursday,2024-06,27051.09999999999
S02,Frozen & Ready to Eat,Tuesday,2024-06,31793.47
S02,Frozen & Ready to Eat,Wednesday,2024-06,22077.600000000002
S02,Fruits & Vegetables,Friday,2024-06,12287.210000000005
S02,Fruits & Vegetables,Monday,2024-06,9886.269999999999
S02,Fruits & Vegetables,Saturday,2024-06,19854.329999999998
S02,Fruits & Vegetables,Sunday,2024-06,19350.210000000003
S02,Fruits & Vegetables,Thursday,2024-06,13193.99
S02,Fruits & Vegetables,Tuesday,2024-06,9142.979999999998
S02,Fruits & Vegetables,Wednesday,2024-06,8952.419999999998
S02,Home Care,Friday,2024-06,29412.75999999999
S02,Home Care,Monday,2024-06,22350.110000000008
S02,Home Care,Saturday,2024-06,56689.63999999999
S02,Home Care,Sunday,2024-06,32265.570000000003
S02,Home Care,Thursday,2024-06,20531.010000000002
S02,Home Care,Tuesday,2024-06,22433.879999999997
S02,Home Care,Wednesday,2024-06,21150.469999999998
S02,Personal Care,Friday,2024-06,27745.250000000007
S02,Personal Care,Monday,2024-06,17757.23
S02,Personal Care,Saturday,2024-06,57555.129999999976
S02,Personal Care,Sunday,2024-06,59414.35999999998
S02,Personal Care,Thursday,2024-06,30306.930000000004
S02,Personal Care,Tuesday,2024-06,15446.12
S02,Personal Care,Wednesday,2024-06,34009.36
S02,Spices & Masala,Friday,2024-06,19673.879999999997
S02,Spices & Masala,Monday,2024-06,12679.360000000002
S02,Spices & Masala,Saturday,2024-06,29763.00000000001
S02,Spices & Masala,Sunday,2024-06,31369.400000000005
S02,Spices & Masala,Thursday,2024-06,15433.380000000001
S02,Spices & Masala,Tuesday,2024-06,10677.369999999997
S02,Spices & Masala,Wednesday,2024-06,10928.970000000007
S02,Staples & Grains,Friday,2024-06,95855.78000000001
S02,Staples & Grains,Monday,2024-06,64119.900000000016
S02,Staples & Grains,Saturday,2024-06,150690.16
S02,Staples & Grains,Sunday,2024-06,144981.18999999997
S02,Staples & Grains,Thursday,2024-06,61994.57000000001
S02,Staples & Grains,Tuesday,2024-06,87514.20000000001
S02,Staples & Grains,Wednesday,2024-06,46735.13
S02,Stationery & General,Friday,2024-06,22562.279999999995
S02,Stationery & General,Monday,2024-06,18440.109999999997
S02,Stationery & General,Saturday,2024-06,52035.23
S02,Stationery & General,Sunday,2024-06,33093.66
S02,Stationery & General,Thursday,2024-06,22424.750000000004
S02,Stationery & General,Tuesday,2024-06,15412.439999999999
S02,Stationery & General,Wednesday,2024-06,12912.559999999998
S02,UNKNOWN,Friday,2024-06,-4206.76
S02,UNKNOWN,Monday,2024-06,-2869.0499999999997
S02,UNKNOWN,Saturday,2024-06,-9989.96
S02,UNKNOWN,Sunday,2024-06,-7260.880000000001
S02,UNKNOWN,Thursday,2024-06,-3215.54
S02,UNKNOWN,Tuesday,2024-06,-4092.0299999999997
S02,UNKNOWN,Wednesday,2024-06,-1819.9099999999999
S02,Baby Care,Friday,2024-07,90081.25999999998
S02,Baby Care,Monday,2024-07,74098.25999999998
S02,Baby Care,Saturday,2024-07,92038.51000000001
S02,Baby Care,Sunday,2024-07,131125.52999999994
S02,Baby Care,Thursday,2024-07,87246.31999999995
S02,Baby Care,Tuesday,2024-07,81138.70999999999
S02,Baby Care,Wednesday,2024-07,85596.39000000001
S02,Bakery,Friday,2024-07,10145.220000000003
S02,Bakery,Monday,2024-07,13705.539999999999
S02,Bakery,Saturday,2024-07,18780.56
S02,Bakery,Sunday,2024-07,12648.820000000007
S02,Bakery,Thursday,2024-07,14248.390000000003
S02,Bakery,Tuesday,2024-07,11504.66
S02,Bakery,Wednesday,2024-07,8315.810000000001
S02,Beverages,Friday,2024-07,16684.23
S02,Beverages,Monday,2024-07,27691.399999999998
S02,Beverages,Saturday,2024-07,33437.35000000002
S02,Beverages,Sunday,2024-07,20867.26
S02,Beverages,Thursday,2024-07,18362.68
S02,Beverages,Tuesday,2024-07,22465.160000000003
S02,Beverages,Wednesday,2024-07,19191.18
S02,Biscuits & Snacks,Friday,2024-07,5969.19
S02,Biscuits & Snacks,Monday,2024-07,7366.459999999998
S02,Biscuits & Snacks,Saturday,2024-07,10035.590000000002
S02,Biscuits & Snacks,Sunday,2024-07,7533.250000000002
S02,Biscuits & Snacks,Thursday,2024-07,8514.119999999999
S02,Biscuits & Snacks,Tuesday,2024-07,6745.089999999997
S02,Biscuits & Snacks,Wednesday,2024-07,4815.460000000001
S02,Confectionery,Friday,2024-07,15784.420000000004
S02,Confectionery,Monday,2024-07,14340.779999999999
S02,Confectionery,Saturday,2024-07,25961.10999999999
S02,Confectionery,Sunday,2024-07,22642.65
S02,Confectionery,Thursday,2024-07,13624.220000000001
S02,Confectionery,Tuesday,2024-07,12264.24
S02,Confectionery,Wednesday,2024-07,12649.979999999998
S02,Dairy,Friday,2024-07,29356.269999999993
S02,Dairy,Monday,2024-07,40500.719999999994
S02,Dairy,Saturday,2024-07,54100.939999999995
S02,Dairy,Sunday,2024-07,46791.52000000002
S02,Dairy,Thursday,2024-07,38386.81
S02,Dairy,Tuesday,2024-07,46854.20000000002
S02,Dairy,Wednesday,2024-07,34276.30000000001
S02,Edible Oils,Friday,2024-07,74821.01999999999
S02,Edible Oils,Monday,2024-07,96148.95999999999
S02,Edible Oils,Saturday,2024-07,109106.52999999997
S02,Edible Oils,Sunday,2024-07,109823.18999999996
S02,Edible Oils,Thursday,2024-07,59241.18
S02,Edible Oils,Tuesday,2024-07,91089.04
S02,Edible Oils,Wednesday,2024-07,85867.93000000002
S02,Frozen & Ready to Eat,Friday,2024-07,21931.300000000003
S02,Frozen & Ready to Eat,Monday,2024-07,30131.850000000002
S02,Frozen & Ready to Eat,Saturday,2024-07,39130.47000000001
S02,Frozen & Ready to Eat,Sunday,2024-07,25597.250000000007
S02,Frozen & Ready to Eat,Thursday,2024-07,17319.519999999997
S02,Frozen & Ready to Eat,Tuesday,2024-07,29374.32
S02,Frozen & Ready to Eat,Wednesday,2024-07,25706.76
S02,Fruits & Vegetables,Friday,2024-07,8807.379999999997
S02,Fruits & Vegetables,Monday,2024-07,17493.719999999998
S02,Fruits & Vegetables,Saturday,2024-07,17737.31
S02,Fruits & Vegetables,Sunday,2024-07,16434.38
S02,Fruits & Vegetables,Thursday,2024-07,11829.46
S02,Fruits & Vegetables,Tuesday,2024-07,14716.890000000003
S02,Fruits & Vegetables,Wednesday,2024-07,13296.32
S02,Home Care,Friday,2024-07,18627.56
S02,Home Care,Monday,2024-07,35400.05
S02,Home Care,Saturday,2024-07,29928.2
S02,Home Care,Sunday,2024-07,31927.489999999994
S02,Home Care,Thursday,2024-07,19913.22
S02,Home Care,Tuesday,2024-07,27743.259999999995
S02,Home Care,Wednesday,2024-07,21696.670000000006
S02,Personal Care,Friday,2024-07,31023.97
S02,Personal Care,Monday,2024-07,46737.630000000005
S02,Personal Care,Saturday,2024-07,47909.350000000006
S02,Personal Care,Sunday,2024-07,40847.47
S02,Personal Care,Thursday,2024-07,28881.800000000003
S02,Personal Care,Tuesday,2024-07,34693.13999999999
S02,Personal Care,Wednesday,2024-07,44365.99999999999
S02,Spices & Masala,Friday,2024-07,17668.07
S02,Spices & Masala,Monday,2024-07,20521.159999999993
S02,Spices & Masala,Saturday,2024-07,27190.319999999992
S02,Spices & Masala,Sunday,2024-07,13612.11
S02,Spices & Masala,Thursday,2024-07,19223.690000000002
S02,Spices & Masala,Tuesday,2024-07,12518.179999999998
S02,Spices & Masala,Wednesday,2024-07,18536.720000000005
S02,Staples & Grains,Friday,2024-07,95859.22
S02,Staples & Grains,Monday,2024-07,132784.08
S02,Staples & Grains,Saturday,2024-07,133342.68999999997
S02,Staples & Grains,Sunday,2024-07,111389.11
S02,Staples & Grains,Thursday,2024-07,87411.27999999998
S02,Staples & Grains,Tuesday,2024-07,112989.98999999999
S02,Staples & Grains,Wednesday,2024-07,106511.32999999993
S02,Stationery & General,Friday,2024-07,25754.880000000012
S02,Stationery & General,Monday,2024-07,26456.53
S02,Stationery & General,Saturday,2024-07,41417.409999999996
S02,Stationery & General,Sunday,2024-07,31880.629999999997
S02,Stationery & General,Thursday,2024-07,28579.490000000005
S02,Stationery & General,Tuesday,2024-07,15745.600000000004
S02,Stationery & General,Wednesday,2024-07,25524.38000000001
S02,UNKNOWN,Friday,2024-07,-3626.7700000000004
S02,UNKNOWN,Monday,2024-07,-3419.4399999999996
S02,UNKNOWN,Saturday,2024-07,-8421.710000000001
S02,UNKNOWN,Sunday,2024-07,-5564.580000000001
S02,UNKNOWN,Thursday,2024-07,-2878.5099999999998
S02,UNKNOWN,Tuesday,2024-07,-6513.279999999998
S02,UNKNOWN,Wednesday,2024-07,-3946.7799999999993
S02,Baby Care,Friday,2024-08,140910.29
S02,Baby Care,Monday,2024-08,59305.20000000001
S02,Baby Care,Saturday,2024-08,186993.69999999992
S02,Baby Care,Sunday,2024-08,124055.66
S02,Baby Care,Thursday,2024-08,89363.74999999999
S02,Baby Care,Tuesday,2024-08,72527.76999999999
S02,Baby Care,Wednesday,2024-08,96530.98000000001
S02,Bakery,Friday,2024-08,17754.289999999997
S02,Bakery,Monday,2024-08,11614.68
S02,Bakery,Saturday,2024-08,23572.51000000001
S02,Bakery,Sunday,2024-08,12775.699999999997
S02,Bakery,Thursday,2024-08,11515.160000000003
S02,Bakery,Tuesday,2024-08,11191.49
S02,Bakery,Wednesday,2024-08,14904.519999999999
S02,Beverages,Friday,2024-08,35120.31000000002
S02,Beverages,Monday,2024-08,9658.449999999999
S02,Beverages,Saturday,2024-08,46250.74
S02,Beverages,Sunday,2024-08,30864.99000000001
S02,Beverages,Thursday,2024-08,19927.469999999994
S02,Beverages,Tuesday,2024-08,13798.85
S02,Beverages,Wednesday,2024-08,22851.58
S02,Biscuits & Snacks,Friday,2024-08,9719.609999999999
S02,Biscuits & Snacks,Monday,2024-08,3785.89
S02,Biscuits & Snacks,Saturday,2024-08,11236.540000000003
S02,Biscuits & Snacks,Sunday,2024-08,8876.960000000001
S02,Biscuits & Snacks,Thursday,2024-08,6792.329999999999
S02,Biscuits & Snacks,Tuesday,2024-08,4384.49
S02,Biscuits & Snacks,Wednesday,2024-08,7372.710000000002
S02,Confectionery,Friday,2024-08,20345.38
S02,Confectionery,Monday,2024-08,12112.43
S02,Confectionery,Saturday,2024-08,31578.269999999993
S02,Confectionery,Sunday,2024-08,20160.69000000001
S02,Confectionery,Thursday,2024-08,16608.609999999997
S02,Confectionery,Tuesday,2024-08,15131.409999999998
S02,Confectionery,Wednesday,2024-08,17282.599999999995
S02,Dairy,Friday,2024-08,73669.28
S02,Dairy,Monday,2024-08,22235.769999999997
S02,Dairy,Saturday,2024-08,68989.90000000002
S02,Dairy,Sunday,2024-08,54331.44
S02,Dairy,Thursday,2024-08,29844.06
S02,Dairy,Tuesday,2024-08,34398.83000000001
S02,Dairy,Wednesday,2024-08,43179.390000000014
S02,Edible Oils,Friday,2024-08,91734.44999999998
S02,Edible Oils,Monday,2024-08,41114.61999999998
S02,Edible Oils,Saturday,2024-08,160348.18999999994
S02,Edible Oils,Sunday,2024-08,103588.54999999997
S02,Edible Oils,Thursday,2024-08,74630.17999999996
S02,Edible Oils,Tuesday,2024-08,57088.53999999999
S02,Edible Oils,Wednesday,2024-08,86465.76999999999
S02,Frozen & Ready to Eat,Friday,2024-08,35163.29
S02,Frozen & Ready to Eat,Monday,2024-08,23484.58
S02,Frozen & Ready to Eat,Saturday,2024-08,49039.28000000001
S02,Frozen & Ready to Eat,Sunday,2024-08,32071.48000000001
S02,Frozen & Ready to Eat,Thursday,2024-08,30820.760000000002
S02,Frozen & Ready to Eat,Tuesday,2024-08,24963.360000000004
S02,Frozen & Ready to Eat,Wednesday,2024-08,25123.839999999997
S02,Fruits & Vegetables,Friday,2024-08,22300.7
S02,Fruits & Vegetables,Monday,2024-08,9271.87
S02,Fruits & Vegetables,Saturday,2024-08,24753.560000000016
S02,Fruits & Vegetables,Sunday,2024-08,19301.41
S02,Fruits & Vegetables,Thursday,2024-08,18678.650000000005
S02,Fruits & Vegetables,Tuesday,2024-08,13454.200000000004
S02,Fruits & Vegetables,Wednesday,2024-08,11789.899999999998
S02,Home Care,Friday,2024-08,33488.400000000016
S02,Home Care,Monday,2024-08,23502.820000000003
S02,Home Care,Saturday,2024-08,46789.35000000002
S02,Home Care,Sunday,2024-08,28913.51
S02,Home Care,Thursday,2024-08,34393.31000000001
S02,Home Care,Tuesday,2024-08,18872.589999999997
S02,Home Care,Wednesday,2024-08,37374.690000000024
S02,Personal Care,Friday,2024-08,41513.70000000001
S02,Personal Care,Monday,2024-08,22266.040000000008
S02,Personal Care,Saturday,2024-08,68381.70999999998
S02,Personal Care,Sunday,2024-08,27555.049999999992
S02,Personal Care,Thursday,2024-08,25669.80000000001
S02,Personal Care,Tuesday,2024-08,23696.370000000006
S02,Personal Care,Wednesday,2024-08,28725.650000000005
S02,Spices & Masala,Friday,2024-08,26429.15000000001
S02,Spices & Masala,Monday,2024-08,11788.71
S02,Spices & Masala,Saturday,2024-08,26111.89
S02,Spices & Masala,Sunday,2024-08,19253.910000000003
S02,Spices & Masala,Thursday,2024-08,20104.010000000002
S02,Spices & Masala,Tuesday,2024-08,15482.889999999996
S02,Spices & Masala,Wednesday,2024-08,20489.56000000001
S02,Staples & Grains,Friday,2024-08,159698.94
S02,Staples & Grains,Monday,2024-08,52392.53
S02,Staples & Grains,Saturday,2024-08,181414.9299999999
S02,Staples & Grains,Sunday,2024-08,103880.02000000002
S02,Staples & Grains,Thursday,2024-08,119668.70000000006
S02,Staples & Grains,Tuesday,2024-08,63507.20000000001
S02,Staples & Grains,Wednesday,2024-08,103495.42000000003
S02,Stationery & General,Friday,2024-08,30586.710000000003
S02,Stationery & General,Monday,2024-08,17830.829999999998
S02,Stationery & General,Saturday,2024-08,41047.64000000001
S02,Stationery & General,Sunday,2024-08,28289.2
S02,Stationery & General,Thursday,2024-08,29950.52
S02,Stationery & General,Tuesday,2024-08,16758.530000000002
S02,Stationery & General,Wednesday,2024-08,29475.450000000008
S02,UNKNOWN,Friday,2024-08,-3899.4400000000005
S02,UNKNOWN,Monday,2024-08,-2090.02
S02,UNKNOWN,Saturday,2024-08,-12553.330000000005
S02,UNKNOWN,Sunday,2024-08,-6610.790000000001
S02,UNKNOWN,Thursday,2024-08,-3796.0600000000004
S02,UNKNOWN,Tuesday,2024-08,-1105.12
S02,UNKNOWN,Wednesday,2024-08,-6268.35
S02,Baby Care,Friday,2024-09,113171.23
S02,Baby Care,Monday,2024-09,112467.45000000001
S02,Baby Care,Saturday,2024-09,143268.33000000002
S02,Baby Care,Sunday,2024-09,142463.53
S02,Baby Care,Thursday,2024-09,47665.380000000005
S02,Baby Care,Tuesday,2024-09,70374.62
S02,Baby Care,Wednesday,2024-09,61967.880000000005
S02,Bakery,Friday,2024-09,11530.28
S02,Bakery,Monday,2024-09,13109.22
S02,Bakery,Saturday,2024-09,19760.59
S02,Bakery,Sunday,2024-09,22298.66
S02,Bakery,Thursday,2024-09,5776.360000000001
S02,Bakery,Tuesday,2024-09,11147.789999999995
S02,Bakery,Wednesday,2024-09,11110.080000000004
S02,Beverages,Friday,2024-09,32699.63000000001
S02,Beverages,Monday,2024-09,16528.84
S02,Beverages,Saturday,2024-09,40409.5
S02,Beverages,Sunday,2024-09,34327.04000000001
S02,Beverages,Thursday,2024-09,22346.27
S02,Beverages,Tuesday,2024-09,14103.01
S02,Beverages,Wednesday,2024-09,18688.310000000005
S02,Biscuits & Snacks,Friday,2024-09,7193.679999999999
S02,Biscuits & Snacks,Monday,2024-09,8624.990000000002
S02,Biscuits & Snacks,Saturday,2024-09,11881.66
S02,Biscuits & Snacks,Sunday,2024-09,13824.29
S02,Biscuits & Snacks,Thursday,2024-09,5356.5
S02,Biscuits & Snacks,Tuesday,2024-09,4467.619999999999
S02,Biscuits & Snacks,Wednesday,2024-09,4604.929999999999
S02,Confectionery,Friday,2024-09,15896.02
S02,Confectionery,Monday,2024-09,13120.449999999997
S02,Confectionery,Saturday,2024-09,21553.620000000003
S02,Confectionery,Sunday,2024-09,31969.620000000006
S02,Confectionery,Thursday,2024-09,12419.68
S02,Confectionery,Tuesday,2024-09,12087.089999999997
S02,Confectionery,Wednesday,2024-09,11310.55
S02,Dairy,Friday,2024-09,34638.57
S02,Dairy,Monday,2024-09,51599.08
S02,Dairy,Saturday,2024-09,54856.93999999999
S02,Dairy,Sunday,2024-09,76610.15999999999
S02,Dairy,Thursday,2024-09,25658.110000000008
S02,Dairy,Tuesday,2024-09,22621.430000000008
S02,Dairy,Wednesday,2024-09,23556.7
S02,Edible Oils,Friday,2024-09,85589.88999999998
S02,Edible Oils,Monday,2024-09,88496.27999999997
S02,Edible Oils,Saturday,2024-09,127529.37999999996
S02,Edible Oils,Sunday,2024-09,154979.83999999994
S02,Edible Oils,Thursday,2024-09,81915.28
S02,Edible Oils,Tuesday,2024-09,53928.4
S02,Edible Oils,Wednesday,2024-09,73114.15999999999
S02,Frozen & Ready to Eat,Friday,2024-09,33190.65
S02,Frozen & Ready to Eat,Monday,2024-09,32866.930000000015
S02,Frozen & Ready to Eat,Saturday,2024-09,42278.35
S02,Frozen & Ready to Eat,Sunday,2024-09,44621.02999999999
S02,Frozen & Ready to Eat,Thursday,2024-09,28351.38
S02,Frozen & Ready to Eat,Tuesday,2024-09,27481.149999999994
S02,Frozen & Ready to Eat,Wednesday,2024-09,23960.42
S02,Fruits & Vegetables,Friday,2024-09,16754.769999999997
S02,Fruits & Vegetables,Monday,2024-09,16735.08
S02,Fruits & Vegetables,Saturday,2024-09,27701.339999999997
S02,Fruits & Vegetables,Sunday,2024-09,21465.299999999992
S02,Fruits & Vegetables,Thursday,2024-09,14181.210000000003
S02,Fruits & Vegetables,Tuesday,2024-09,10195.63
S02,Fruits & Vegetables,Wednesday,2024-09,13993.320000000002
S02,Home Care,Friday,2024-09,25524.569999999992
S02,Home Care,Monday,2024-09,33417.44999999999
S02,Home Care,Saturday,2024-09,47883.23999999998
S02,Home Care,Sunday,2024-09,55284.04
S02,Home Care,Thursday,2024-09,24827.559999999998
S02,Home Care,Tuesday,2024-09,24814.710000000003
S02,Home Care,Wednesday,2024-09,22086.23
S02,Personal Care,Friday,2024-09,24785.789999999997
S02,Personal Care,Monday,2024-09,37433.560000000005
S02,Personal Care,Saturday,2024-09,65001.08
S02,Personal Care,Sunday,2024-09,76283.49999999999
S02,Personal Care,Thursday,2024-09,31349.760000000002
S02,Personal Care,Tuesday,2024-09,25824.230000000007
S02,Personal Care,Wednesday,2024-09,35153.68
S02,Spices & Masala,Friday,2024-09,16493.059999999998
S02,Spices & Masala,Monday,2024-09,21040.450000000004
S02,Spices & Masala,Saturday,2024-09,31382.700000000004
S02,Spices & Masala,Sunday,2024-09,22422.8
S02,Spices & Masala,Thursday,2024-09,17358.640000000007
S02,Spices & Masala,Tuesday,2024-09,12636.529999999999
S02,Spices & Masala,Wednesday,2024-09,18512.6
S02,Staples & Grains,Friday,2024-09,129995.36999999997
S02,Staples & Grains,Monday,2024-09,109989.34000000003
S02,Staples & Grains,Saturday,2024-09,109485.64999999998
S02,Staples & Grains,Sunday,2024-09,176099.76
S02,Staples & Grains,Thursday,2024-09,76299.37000000001
S02,Staples & Grains,Tuesday,2024-09,44319.63
S02,Staples & Grains,Wednesday,2024-09,64220.43999999999
S02,Stationery & General,Friday,2024-09,37115.00999999999
S02,Stationery & General,Monday,2024-09,18143.47
S02,Stationery & General,Saturday,2024-09,37387.7
S02,Stationery & General,Sunday,2024-09,43055.97000000001
S02,Stationery & General,Thursday,2024-09,18838.91
S02,Stationery & General,Tuesday,2024-09,18219.640000000003
S02,Stationery & General,Wednesday,2024-09,20008.599999999995
S02,UNKNOWN,Friday,2024-09,-6897.2300000000005
S02,UNKNOWN,Monday,2024-09,-5481.08
S02,UNKNOWN,Saturday,2024-09,-7826.51
S02,UNKNOWN,Sunday,2024-09,-9966.849999999999
S02,UNKNOWN,Thursday,2024-09,-2096.08
S02,UNKNOWN,Tuesday,2024-09,-3473.32
S02,UNKNOWN,Wednesday,2024-09,-4943.5
S02,Baby Care,Friday,2024-10,86502.49999999999
S02,Baby Care,Monday,2024-10,81043.93000000002
S02,Baby Care,Saturday,2024-10,135894.34000000005
S02,Baby Care,Sunday,2024-10,143161.65999999997
S02,Baby Care,Thursday,2024-10,99953.24000000002
S02,Baby Care,Tuesday,2024-10,147558.21999999997
S02,Baby Care,Wednesday,2024-10,125189.65000000004
S02,Bakery,Friday,2024-10,10934.070000000002
S02,Bakery,Monday,2024-10,14528.579999999998
S02,Bakery,Saturday,2024-10,24911.74999999999
S02,Bakery,Sunday,2024-10,25177.960000000006
S02,Bakery,Thursday,2024-10,16675.79
S02,Bakery,Tuesday,2024-10,17535.040000000005
S02,Bakery,Wednesday,2024-10,17348.729999999996
S02,Beverages,Friday,2024-10,23042.45
S02,Beverages,Monday,2024-10,23964.83000000001
S02,Beverages,Saturday,2024-10,43596.330000000016
S02,Beverages,Sunday,2024-10,55348.470000000016
S02,Beverages,Thursday,2024-10,41475.39
S02,Beverages,Tuesday,2024-10,34438.94
S02,Beverages,Wednesday,2024-10,28646.930000000004
S02,Biscuits & Snacks,Friday,2024-10,8940.57
S02,Biscuits & Snacks,Monday,2024-10,7903.339999999998
S02,Biscuits & Snacks,Saturday,2024-10,13234.430000000002
S02,Biscuits & Snacks,Sunday,2024-10,13363.079999999998
S02,Biscuits & Snacks,Thursday,2024-10,10127.660000000003
S02,Biscuits & Snacks,Tuesday,2024-10,11944.310000000001
S02,Biscuits & Snacks,Wednesday,2024-10,9243.339999999995
S02,Confectionery,Friday,2024-10,17215.129999999994
S02,Confectionery,Monday,2024-10,24021.28
S02,Confectionery,Saturday,2024-10,33482.439999999995
S02,Confectionery,Sunday,2024-10,30378.460000000006
S02,Confectionery,Thursday,2024-10,20721.380000000012
S02,Confectionery,Tuesday,2024-10,24143.12999999999
S02,Confectionery,Wednesday,2024-10,27832.089999999997
S02,Dairy,Friday,2024-10,48561.13000000002
S02,Dairy,Monday,2024-10,39552.71
S02,Dairy,Saturday,2024-10,77461.08000000002
S02,Dairy,Sunday,2024-10,74504.31999999999
S02,Dairy,Thursday,2024-10,67347.53999999998
S02,Dairy,Tuesday,2024-10,66650.94
S02,Dairy,Wednesday,2024-10,59336.799999999996
S02,Edible Oils,Friday,2024-10,81886.28999999996
S02,Edible Oils,Monday,2024-10,94997.04999999999
S02,Edible Oils,Saturday,2024-10,148047.91999999995
S02,Edible Oils,Sunday,2024-10,103256.03999999998
S02,Edible Oils,Thursday,2024-10,139188.13999999998
S02,Edible Oils,Tuesday,2024-10,127547.34999999995
S02,Edible Oils,Wednesday,2024-10,97346.56
S02,Frozen & Ready to Eat,Friday,2024-10,25347.87
S02,Frozen & Ready to Eat,Monday,2024-10,26619.469999999998
S02,Frozen & Ready to Eat,Saturday,2024-10,49815.81000000002
S02,Frozen & Ready to Eat,Sunday,2024-10,49146.2
S02,Frozen & Ready to Eat,Thursday,2024-10,47858.280000000006
S02,Frozen & Ready to Eat,Tuesday,2024-10,36518.00000000001
S02,Frozen & Ready to Eat,Wednesday,2024-10,40715.26000000001
S02,Fruits & Vegetables,Friday,2024-10,13910.559999999998
S02,Fruits & Vegetables,Monday,2024-10,21050.5
S02,Fruits & Vegetables,Saturday,2024-10,27332.020000000004
S02,Fruits & Vegetables,Sunday,2024-10,30815.379999999994
S02,Fruits & Vegetables,Thursday,2024-10,22605.969999999994
S02,Fruits & Vegetables,Tuesday,2024-10,29878.250000000015
S02,Fruits & Vegetables,Wednesday,2024-10,26666.659999999996
S02,Home Care,Friday,2024-10,38905.21
S02,Home Care,Monday,2024-10,31923.479999999996
S02,Home Care,Saturday,2024-10,46200.489999999976
S02,Home Care,Sunday,2024-10,47200.079999999994
S02,Home Care,Thursday,2024-10,44843.79000000001
S02,Home Care,Tuesday,2024-10,34221.17
S02,Home Care,Wednesday,2024-10,36887.93999999999
S02,Personal Care,Friday,2024-10,42385.049999999996
S02,Personal Care,Monday,2024-10,39795.99999999999
S02,Personal Care,Saturday,2024-10,55263.68999999998
S02,Personal Care,Sunday,2024-10,55199.28
S02,Personal Care,Thursday,2024-10,64515.98
S02,Personal Care,Tuesday,2024-10,50722.43
S02,Personal Care,Wednesday,2024-10,72931.61
S02,Spices & Masala,Friday,2024-10,20972.260000000006
S02,Spices & Masala,Monday,2024-10,14295.069999999998
S02,Spices & Masala,Saturday,2024-10,38857.009999999995
S02,Spices & Masala,Sunday,2024-10,24425.200000000008
S02,Spices & Masala,Thursday,2024-10,18667.809999999998
S02,Spices & Masala,Tuesday,2024-10,17736.45
S02,Spices & Masala,Wednesday,2024-10,24517.909999999993
S02,Staples & Grains,Friday,2024-10,96413.49999999997
S02,Staples & Grains,Monday,2024-10,132239.40000000005
S02,Staples & Grains,Saturday,2024-10,122355.92999999998
S02,Staples & Grains,Sunday,2024-10,163477.16
S02,Staples & Grains,Thursday,2024-10,193270.58999999997
S02,Staples & Grains,Tuesday,2024-10,108782.03999999996
S02,Staples & Grains,Wednesday,2024-10,141704.12
S02,Stationery & General,Friday,2024-10,24111.0
S02,Stationery & General,Monday,2024-10,29441.420000000002
S02,Stationery & General,Saturday,2024-10,42276.03000000002
S02,Stationery & General,Sunday,2024-10,51463.94
S02,Stationery & General,Thursday,2024-10,37683.579999999994
S02,Stationery & General,Tuesday,2024-10,39390.75000000001
S02,Stationery & General,Wednesday,2024-10,41678.19000000001
S02,UNKNOWN,Friday,2024-10,-4289.03
S02,UNKNOWN,Monday,2024-10,-6500.3099999999995
S02,UNKNOWN,Saturday,2024-10,-11010.68
S02,UNKNOWN,Sunday,2024-10,-9094.27
S02,UNKNOWN,Thursday,2024-10,-11340.41
S02,UNKNOWN,Tuesday,2024-10,-7612.37
S02,UNKNOWN,Wednesday,2024-10,-8169.320000000001
S02,Baby Care,Friday,2024-11,164320.2199999999
S02,Baby Care,Monday,2024-11,52035.43999999999
S02,Baby Care,Saturday,2024-11,154415.21
S02,Baby Care,Sunday,2024-11,149775.79999999993
S02,Baby Care,Thursday,2024-11,107285.09000000003
S02,Baby Care,Tuesday,2024-11,106131.51000000002
S02,Baby Care,Wednesday,2024-11,118254.09999999999
S02,Bakery,Friday,2024-11,23856.09
S02,Bakery,Monday,2024-11,7988.650000000001
S02,Bakery,Saturday,2024-11,22319.929999999982
S02,Bakery,Sunday,2024-11,15839.390000000003
S02,Bakery,Thursday,2024-11,20870.290000000005
S02,Bakery,Tuesday,2024-11,14095.350000000002
S02,Bakery,Wednesday,2024-11,14673.749999999996
S02,Beverages,Friday,2024-11,42814.49000000001
S02,Beverages,Monday,2024-11,30169.120000000003
S02,Beverages,Saturday,2024-11,48609.66
S02,Beverages,Sunday,2024-11,31788.510000000002
S02,Beverages,Thursday,2024-11,28455.86999999999
S02,Beverages,Tuesday,2024-11,28521.87
S02,Beverages,Wednesday,2024-11,32780.86000000001
S02,Biscuits & Snacks,Friday,2024-11,12871.780000000006
S02,Biscuits & Snacks,Monday,2024-11,7489.37
S02,Biscuits & Snacks,Saturday,2024-11,12901.400000000003
S02,Biscuits & Snacks,Sunday,2024-11,11555.900000000005
S02,Biscuits & Snacks,Thursday,2024-11,7403.220000000002
S02,Biscuits & Snacks,Tuesday,2024-11,7204.369999999999
S02,Biscuits & Snacks,Wednesday,2024-11,6542.779999999998
S02,Confectionery,Friday,2024-11,27134.08000000001
S02,Confectionery,Monday,2024-11,12871.82
S02,Confectionery,Saturday,2024-11,29689.439999999988
S02,Confectionery,Sunday,2024-11,28558.06
S02,Confectionery,Thursday,2024-11,19309.999999999993
S02,Confectionery,Tuesday,2024-11,17546.359999999997
S02,Confectionery,Wednesday,2024-11,16373.21
S02,Dairy,Friday,2024-11,49397.30000000001
S02,Dairy,Monday,2024-11,34458.720000000016
S02,Dairy,Saturday,2024-11,87233.18999999997
S02,Dairy,Sunday,2024-11,52239.19000000002
S02,Dairy,Thursday,2024-11,39846.46999999999
S02,Dairy,Tuesday,2024-11,39237.36000000001
S02,Dairy,Wednesday,2024-11,39458.520000000004
S02,Edible Oils,Friday,2024-11,124738.85999999999
S02,Edible Oils,Monday,2024-11,89879.06
S02,Edible Oils,Saturday,2024-11,145392.95
S02,Edible Oils,Sunday,2024-11,124812.78000000001
S02,Edible Oils,Thursday,2024-11,86215.18999999999
S02,Edible Oils,Tuesday,2024-11,70972.90000000001
S02,Edible Oils,Wednesday,2024-11,103852.11
S02,Frozen & Ready to Eat,Friday,2024-11,40695.82
S02,Frozen & Ready to Eat,Monday,2024-11,21606.36
S02,Frozen & Ready to Eat,Saturday,2024-11,65273.83000000002
S02,Frozen & Ready to Eat,Sunday,2024-11,38389.340000000004
S02,Frozen & Ready to Eat,Thursday,2024-11,37968.98
S02,Frozen & Ready to Eat,Tuesday,2024-11,27768.37
S02,Frozen & Ready to Eat,Wednesday,2024-11,30416.889999999985
S02,Fruits & Vegetables,Friday,2024-11,27882.02
S02,Fruits & Vegetables,Monday,2024-11,14429.650000000001
S02,Fruits & Vegetables,Saturday,2024-11,29326.499999999985
S02,Fruits & Vegetables,Sunday,2024-11,23766.48999999999
S02,Fruits & Vegetables,Thursday,2024-11,18309.650000000005
S02,Fruits & Vegetables,Tuesday,2024-11,14054.09
S02,Fruits & Vegetables,Wednesday,2024-11,16584.769999999997
S02,Home Care,Friday,2024-11,40236.35999999998
S02,Home Care,Monday,2024-11,17023.510000000002
S02,Home Care,Saturday,2024-11,36440.979999999996
S02,Home Care,Sunday,2024-11,40658.43
S02,Home Care,Thursday,2024-11,34196.57
S02,Home Care,Tuesday,2024-11,20548.399999999998
S02,Home Care,Wednesday,2024-11,19645.319999999996
S02,Personal Care,Friday,2024-11,69455.9
S02,Personal Care,Monday,2024-11,24405.830000000005
S02,Personal Care,Saturday,2024-11,66027.67000000001
S02,Personal Care,Sunday,2024-11,52890.6
S02,Personal Care,Thursday,2024-11,43536.760000000024
S02,Personal Care,Tuesday,2024-11,35323.7
S02,Personal Care,Wednesday,2024-11,43189.49
S02,Spices & Masala,Friday,2024-11,32028.93000000001
S02,Spices & Masala,Monday,2024-11,17170.460000000003
S02,Spices & Masala,Saturday,2024-11,28512.789999999997
S02,Spices & Masala,Sunday,2024-11,34633.869999999995
S02,Spices & Masala,Thursday,2024-11,18130.53
S02,Spices & Masala,Tuesday,2024-11,21022.030000000002
S02,Spices & Masala,Wednesday,2024-11,22856.829999999994
S02,Staples & Grains,Friday,2024-11,180354.89
S02,Staples & Grains,Monday,2024-11,78961.87000000001
S02,Staples & Grains,Saturday,2024-11,161585.03999999995
S02,Staples & Grains,Sunday,2024-11,180246.9000000001
S02,Staples & Grains,Thursday,2024-11,127717.81
S02,Staples & Grains,Tuesday,2024-11,122491.25999999998
S02,Staples & Grains,Wednesday,2024-11,91098.29000000002
S02,Stationery & General,Friday,2024-11,39169.77000000001
S02,Stationery & General,Monday,2024-11,24970.979999999996
S02,Stationery & General,Saturday,2024-11,46738.93999999999
S02,Stationery & General,Sunday,2024-11,33984.02999999999
S02,Stationery & General,Thursday,2024-11,32086.79
S02,Stationery & General,Tuesday,2024-11,16480.059999999998
S02,Stationery & General,Wednesday,2024-11,28570.379999999997
S02,UNKNOWN,Friday,2024-11,-8706.360000000002
S02,UNKNOWN,Monday,2024-11,-3200.100000000001
S02,UNKNOWN,Saturday,2024-11,-9953.949999999997
S02,UNKNOWN,Sunday,2024-11,-7462.089999999998
S02,UNKNOWN,Thursday,2024-11,-5584.23
S02,UNKNOWN,Tuesday,2024-11,-5839.45
S02,UNKNOWN,Wednesday,2024-11,-5273.29
S02,Baby Care,Friday,2024-12,129252.96999999997
S02,Baby Care,Monday,2024-12,95233.71999999999
S02,Baby Care,Saturday,2024-12,153030.90999999997
S02,Baby Care,Sunday,2024-12,198055.93000000002
S02,Baby Care,Thursday,2024-12,73014.30999999998
S02,Baby Care,Tuesday,2024-12,93768.12
S02,Baby Care,Wednesday,2024-12,92883.99999999999
S02,Bakery,Friday,2024-12,13629.799999999997
S02,Bakery,Monday,2024-12,14297.830000000002
S02,Bakery,Saturday,2024-12,25587.69999999999
S02,Bakery,Sunday,2024-12,22743.21999999998
S02,Bakery,Thursday,2024-12,12647.990000000003
S02,Bakery,Tuesday,2024-12,11142.199999999999
S02,Bakery,Wednesday,2024-12,15043.769999999999
S02,Beverages,Friday,2024-12,34516.79
S02,Beverages,Monday,2024-12,20162.760000000002
S02,Beverages,Saturday,2024-12,39549.789999999986
S02,Beverages,Sunday,2024-12,50750.62
S02,Beverages,Thursday,2024-12,22980.86
S02,Beverages,Tuesday,2024-12,29008.60999999999
S02,Beverages,Wednesday,2024-12,19410.710000000003
S02,Biscuits & Snacks,Friday,2024-12,12251.820000000002
S02,Biscuits & Snacks,Monday,2024-12,4527.039999999999
S02,Biscuits & Snacks,Saturday,2024-12,11915.85
S02,Biscuits & Snacks,Sunday,2024-12,13289.790000000003
S02,Biscuits & Snacks,Thursday,2024-12,4995.799999999999
S02,Biscuits & Snacks,Tuesday,2024-12,7536.5199999999995
S02,Biscuits & Snacks,Wednesday,2024-12,6357.740000000002
S02,Confectionery,Friday,2024-12,25890.940000000002
S02,Confectionery,Monday,2024-12,14710.160000000003
S02,Confectionery,Saturday,2024-12,18195.54
S02,Confectionery,Sunday,2024-12,27902.909999999985
S02,Confectionery,Thursday,2024-12,7744.429999999999
S02,Confectionery,Tuesday,2024-12,17246.990000000005
S02,Confectionery,Wednesday,2024-12,15555.030000000002
S02,Dairy,Friday,2024-12,58705.34
S02,Dairy,Monday,2024-12,41160.21000000001
S02,Dairy,Saturday,2024-12,69596.60999999999
S02,Dairy,Sunday,2024-12,80095.08
S02,Dairy,Thursday,2024-12,19109.709999999995
S02,Dairy,Tuesday,2024-12,43570.4
S02,Dairy,Wednesday,2024-12,39749.74999999999
S02,Edible Oils,Friday,2024-12,148997.37999999998
S02,Edible Oils,Monday,2024-12,81631.75
S02,Edible Oils,Saturday,2024-12,140603.33
S02,Edible Oils,Sunday,2024-12,122568.63000000002
S02,Edible Oils,Thursday,2024-12,81297.93999999997
S02,Edible Oils,Tuesday,2024-12,76493.99
S02,Edible Oils,Wednesday,2024-12,76973.03000000001
S02,Frozen & Ready to Eat,Friday,2024-12,42360.50000000001
S02,Frozen & Ready to Eat,Monday,2024-12,23287.269999999997
S02,Frozen & Ready to Eat,Saturday,2024-12,49279.34000000002
S02,Frozen & Ready to Eat,Sunday,2024-12,56416.94000000001
S02,Frozen & Ready to Eat,Thursday,2024-12,23463.500000000004
S02,Frozen & Ready to Eat,Tuesday,2024-12,21506.83
S02,Frozen & Ready to Eat,Wednesday,2024-12,26559.870000000006
S02,Fruits & Vegetables,Friday,2024-12,22332.989999999987
S02,Fruits & Vegetables,Monday,2024-12,14844.990000000002
S02,Fruits & Vegetables,Saturday,2024-12,24485.589999999997
S02,Fruits & Vegetables,Sunday,2024-12,28351.910000000007
S02,Fruits & Vegetables,Thursday,2024-12,13733.629999999997
S02,Fruits & Vegetables,Tuesday,2024-12,16355.649999999998
S02,Fruits & Vegetables,Wednesday,2024-12,17866.710000000003
S02,Home Care,Friday,2024-12,44023.33999999998
S02,Home Care,Monday,2024-12,22316.85
S02,Home Care,Saturday,2024-12,50898.00999999998
S02,Home Care,Sunday,2024-12,49567.62
S02,Home Care,Thursday,2024-12,33188.3
S02,Home Care,Tuesday,2024-12,30554.309999999987
S02,Home Care,Wednesday,2024-12,29300.059999999994
S02,Personal Care,Friday,2024-12,72011.42999999996
S02,Personal Care,Monday,2024-12,32697.03
S02,Personal Care,Saturday,2024-12,50230.20000000001
S02,Personal Care,Sunday,2024-12,65229.66000000001
S02,Personal Care,Thursday,2024-12,31715.160000000003
S02,Personal Care,Tuesday,2024-12,28626.01
S02,Personal Care,Wednesday,2024-12,38703.11999999999
S02,Spices & Masala,Friday,2024-12,19143.7
S02,Spices & Masala,Monday,2024-12,15005.200000000003
S02,Spices & Masala,Saturday,2024-12,21849.800000000003
S02,Spices & Masala,Sunday,2024-12,32988.21
S02,Spices & Masala,Thursday,2024-12,17031.94
S02,Spices & Masala,Tuesday,2024-12,21090.640000000003
S02,Spices & Masala,Wednesday,2024-12,15195.97
S02,Staples & Grains,Friday,2024-12,134121.46
S02,Staples & Grains,Monday,2024-12,76532.5
S02,Staples & Grains,Saturday,2024-12,142370.15999999995
S02,Staples & Grains,Sunday,2024-12,138763.69
S02,Staples & Grains,Thursday,2024-12,100162.23
S02,Staples & Grains,Tuesday,2024-12,112071.24999999999
S02,Staples & Grains,Wednesday,2024-12,98932.50000000004
S02,Stationery & General,Friday,2024-12,46373.76999999998
S02,Stationery & General,Monday,2024-12,29715.909999999996
S02,Stationery & General,Saturday,2024-12,38633.48000000001
S02,Stationery & General,Sunday,2024-12,51194.030000000006
S02,Stationery & General,Thursday,2024-12,24594.800000000007
S02,Stationery & General,Tuesday,2024-12,22234.750000000004
S02,Stationery & General,Wednesday,2024-12,24279.360000000008
S02,UNKNOWN,Friday,2024-12,-5536.429999999999
S02,UNKNOWN,Monday,2024-12,-4625.47
S02,UNKNOWN,Saturday,2024-12,-6535.089999999999
S02,UNKNOWN,Sunday,2024-12,-9106.369999999999
S02,UNKNOWN,Thursday,2024-12,-2197.25
S02,UNKNOWN,Tuesday,2024-12,-6751.5599999999995
S02,UNKNOWN,Wednesday,2024-12,-3906.6000000000013
S03,Baby Care,Friday,2024-01,85885.37000000002
S03,Baby Care,Monday,2024-01,109586.1
S03,Baby Care,Saturday,2024-01,157661.27000000008
S03,Baby Care,Sunday,2024-01,95772.94999999998
S03,Baby Care,Thursday,2024-01,95538.00999999998
S03,Baby Care,Tuesday,2024-01,108633.91999999995
S03,Baby Care,Wednesday,2024-01,93925.77
S03,Bakery,Friday,2024-01,15616.720000000005
S03,Bakery,Monday,2024-01,15008.179999999998
S03,Bakery,Saturday,2024-01,23068.720000000005
S03,Bakery,Sunday,2024-01,16932.280000000006
S03,Bakery,Thursday,2024-01,13667.47
S03,Bakery,Tuesday,2024-01,13393.810000000001
S03,Bakery,Wednesday,2024-01,13328.259999999998
S03,Beverages,Friday,2024-01,33869.78
S03,Beverages,Monday,2024-01,25736.169999999995
S03,Beverages,Saturday,2024-01,39383.280000000006
S03,Beverages,Sunday,2024-01,33284.81999999999
S03,Beverages,Thursday,2024-01,30799.410000000014
S03,Beverages,Tuesday,2024-01,30913.110000000004
S03,Beverages,Wednesday,2024-01,29483.860000000004
S03,Biscuits & Snacks,Friday,2024-01,6456.569999999997
S03,Biscuits & Snacks,Monday,2024-01,5484.8
S03,Biscuits & Snacks,Saturday,2024-01,10775.289999999994
S03,Biscuits & Snacks,Sunday,2024-01,10796.040000000005
S03,Biscuits & Snacks,Thursday,2024-01,7841.8799999999965
S03,Biscuits & Snacks,Tuesday,2024-01,8556.539999999995
S03,Biscuits & Snacks,Wednesday,2024-01,7869.069999999998
S03,Confectionery,Friday,2024-01,18593.92
S03,Confectionery,Monday,2024-01,15699.020000000002
S03,Confectionery,Saturday,2024-01,18577.180000000004
S03,Confectionery,Sunday,2024-01,26948.470000000005
S03,Confectionery,Thursday,2024-01,11838.640000000003
S03,Confectionery,Tuesday,2024-01,20416.890000000007
S03,Confectionery,Wednesday,2024-01,19303.530000000006
S03,Dairy,Friday,2024-01,40767.53999999999
S03,Dairy,Monday,2024-01,45734.58000000001
S03,Dairy,Saturday,2024-01,60045.59999999999
S03,Dairy,Sunday,2024-01,55593.79999999998
S03,Dairy,Thursday,2024-01,38542.97
S03,Dairy,Tuesday,2024-01,38150.789999999986
S03,Dairy,Wednesday,2024-01,47881.86000000001
S03,Edible Oils,Friday,2024-01,89273.77000000002
S03,Edible Oils,Monday,2024-01,110903.05999999994
S03,Edible Oils,Saturday,2024-01,106271.74999999999
S03,Edible Oils,Sunday,2024-01,101064.04999999992
S03,Edible Oils,Thursday,2024-01,73663.75
S03,Edible Oils,Tuesday,2024-01,100224.12999999999
S03,Edible Oils,Wednesday,2024-01,78549.47999999998
S03,Frozen & Ready to Eat,Friday,2024-01,37941.48
S03,Frozen & Ready to Eat,Monday,2024-01,33511.88000000001
S03,Frozen & Ready to Eat,Saturday,2024-01,41622.87
S03,Frozen & Ready to Eat,Sunday,2024-01,49613.68999999999
S03,Frozen & Ready to Eat,Thursday,2024-01,18641.14
S03,Frozen & Ready to Eat,Tuesday,2024-01,29952.300000000007
S03,Frozen & Ready to Eat,Wednesday,2024-01,45987.4
S03,Fruits & Vegetables,Friday,2024-01,16686.86
S03,Fruits & Vegetables,Monday,2024-01,17186.41
S03,Fruits & Vegetables,Saturday,2024-01,19624.219999999994
S03,Fruits & Vegetables,Sunday,2024-01,17237.940000000002
S03,Fruits & Vegetables,Thursday,2024-01,13656.1
S03,Fruits & Vegetables,Tuesday,2024-01,15841.420000000002
S03,Fruits & Vegetables,Wednesday,2024-01,18791.530000000002
S03,Home Care,Friday,2024-01,32470.629999999997
S03,Home Care,Monday,2024-01,28722.200000000004
S03,Home Care,Saturday,2024-01,53235.08
S03,Home Care,Sunday,2024-01,39854.46000000001
S03,Home Care,Thursday,2024-01,23440.44
S03,Home Care,Tuesday,2024-01,35220.72
S03,Home Care,Wednesday,2024-01,43874.75
S03,Personal Care,Friday,2024-01,36742.63000000001
S03,Personal Care,Monday,2024-01,35952.39
S03,Personal Care,Saturday,2024-01,53553.969999999994
S03,Personal Care,Sunday,2024-01,45406.060000000005
S03,Personal Care,Thursday,2024-01,33161.37
S03,Personal Care,Tuesday,2024-01,47163.58
S03,Personal Care,Wednesday,2024-01,41193.33000000001
S03,Spices & Masala,Friday,2024-01,14227.570000000002
S03,Spices & Masala,Monday,2024-01,18207.190000000002
S03,Spices & Masala,Saturday,2024-01,29386.730000000007
S03,Spices & Masala,Sunday,2024-01,26520.800000000007
S03,Spices & Masala,Thursday,2024-01,22377.330000000005
S03,Spices & Masala,Tuesday,2024-01,27494.869999999995
S03,Spices & Masala,Wednesday,2024-01,19764.94000000001
S03,Staples & Grains,Friday,2024-01,93085.74999999999
S03,Staples & Grains,Monday,2024-01,132155.74999999997
S03,Staples & Grains,Saturday,2024-01,116590.32999999996
S03,Staples & Grains,Sunday,2024-01,159347.94
S03,Staples & Grains,Thursday,2024-01,97716.37999999996
S03,Staples & Grains,Tuesday,2024-01,119626.52000000005
S03,Staples & Grains,Wednesday,2024-01,106928.76000000002
S03,Stationery & General,Friday,2024-01,31579.26000000001
S03,Stationery & General,Monday,2024-01,28118.09000000002
S03,Stationery & General,Saturday,2024-01,34211.869999999995
S03,Stationery & General,Sunday,2024-01,35929.37
S03,Stationery & General,Thursday,2024-01,22039.940000000006
S03,Stationery & General,Tuesday,2024-01,32703.230000000007
S03,Stationery & General,Wednesday,2024-01,28224.32
S03,UNKNOWN,Friday,2024-01,-5855.429999999999
S03,UNKNOWN,Monday,2024-01,-4843.71
S03,UNKNOWN,Saturday,2024-01,-10701.250000000002
S03,UNKNOWN,Sunday,2024-01,-6068.9299999999985
S03,UNKNOWN,Thursday,2024-01,-5667.030000000001
S03,UNKNOWN,Tuesday,2024-01,-7932.65
S03,UNKNOWN,Wednesday,2024-01,-6532.420000000001
S03,Baby Care,Friday,2024-02,138853.27999999994
S03,Baby Care,Monday,2024-02,94404.22999999998
S03,Baby Care,Saturday,2024-02,139217.76
S03,Baby Care,Sunday,2024-02,124676.37999999998
S03,Baby Care,Thursday,2024-02,101642.58000000002
S03,Baby Care,Tuesday,2024-02,67627.48999999999
S03,Baby Care,Wednesday,2024-02,69922.5
S03,Bakery,Friday,2024-02,14411.490000000002
S03,Bakery,Monday,2024-02,8650.78
S03,Bakery,Saturday,2024-02,20579.160000000003
S03,Bakery,Sunday,2024-02,24500.240000000005
S03,Bakery,Thursday,2024-02,12380.92
S03,Bakery,Tuesday,2024-02,12173.319999999996
S03,Bakery,Wednesday,2024-02,13081.269999999997
S03,Beverages,Friday,2024-02,38291.82000000001
S03,Beverages,Monday,2024-02,24440.549999999996
S03,Beverages,Saturday,2024-02,35525.899999999994
S03,Beverages,Sunday,2024-02,25973.88
S03,Beverages,Thursday,2024-02,27108.199999999997
S03,Beverages,Tuesday,2024-02,21919.170000000002
S03,Beverages,Wednesday,2024-02,24140.770000000004
S03,Biscuits & Snacks,Friday,2024-02,8816.05
S03,Biscuits & Snacks,Monday,2024-02,7034.599999999999
S03,Biscuits & Snacks,Saturday,2024-02,9695.109999999999
S03,Biscuits & Snacks,Sunday,2024-02,13242.64
S03,Biscuits & Snacks,Thursday,2024-02,6231.6
S03,Biscuits & Snacks,Tuesday,2024-02,5198.9
S03,Biscuits & Snacks,Wednesday,2024-02,6272.23
S03,Confectionery,Friday,2024-02,20533.75
S03,Confectionery,Monday,2024-02,15057.789999999999
S03,Confectionery,Saturday,2024-02,23419.309999999998
S03,Confectionery,Sunday,2024-02,22208.489999999998
S03,Confectionery,Thursday,2024-02,11812.480000000001
S03,Confectionery,Tuesday,2024-02,12784.660000000003
S03,Confectionery,Wednesday,2024-02,16115.02
S03,Dairy,Friday,2024-02,47104.850000000006
S03,Dairy,Monday,2024-02,33874.86
S03,Dairy,Saturday,2024-02,52528.990000000005
S03,Dairy,Sunday,2024-02,63328.7
S03,Dairy,Thursday,2024-02,43750.13
S03,Dairy,Tuesday,2024-02,36116.92000000001
S03,Dairy,Wednesday,2024-02,37948.18000000001
S03,Edible Oils,Friday,2024-02,103462.2
S03,Edible Oils,Monday,2024-02,76443.07999999999
S03,Edible Oils,Saturday,2024-02,106192.33999999997
S03,Edible Oils,Sunday,2024-02,105900.69
S03,Edible Oils,Thursday,2024-02,124175.75
S03,Edible Oils,Tuesday,2024-02,81984.62000000001
S03,Edible Oils,Wednesday,2024-02,79455.38
S03,Frozen & Ready to Eat,Friday,2024-02,35630.869999999995
S03,Frozen & Ready to Eat,Monday,2024-02,28676.410000000003
S03,Frozen & Ready to Eat,Saturday,2024-02,47135.740000000005
S03,Frozen & Ready to Eat,Sunday,2024-02,51052.7
S03,Frozen & Ready to Eat,Thursday,2024-02,36076.7
S03,Frozen & Ready to Eat,Tuesday,2024-02,31517.240000000005
S03,Frozen & Ready to Eat,Wednesday,2024-02,25953.0
S03,Fruits & Vegetables,Friday,2024-02,20375.42
S03,Fruits & Vegetables,Monday,2024-02,18994.37
S03,Fruits & Vegetables,Saturday,2024-02,25928.929999999993
S03,Fruits & Vegetables,Sunday,2024-02,18328.8
S03,Fruits & Vegetables,Thursday,2024-02,17711.57
S03,Fruits & Vegetables,Tuesday,2024-02,5727.26
S03,Fruits & Vegetables,Wednesday,2024-02,9276.099999999999
S03,Home Care,Friday,2024-02,34247.3
S03,Home Care,Monday,2024-02,26182.420000000002
S03,Home Care,Saturday,2024-02,41988.09
S03,Home Care,Sunday,2024-02,35949.46000000001
S03,Home Care,Thursday,2024-02,30342.930000000004
S03,Home Care,Tuesday,2024-02,26533.86
S03,Home Care,Wednesday,2024-02,20476.39
S03,Personal Care,Friday,2024-02,50375.82000000001
S03,Personal Care,Monday,2024-02,43290.21000000001
S03,Personal Care,Saturday,2024-02,71194.85999999999
S03,Personal Care,Sunday,2024-02,62318.03000000001
S03,Personal Care,Thursday,2024-02,24420.63000000001
S03,Personal Care,Tuesday,2024-02,34238.58
S03,Personal Care,Wednesday,2024-02,28116.43
S03,Spices & Masala,Friday,2024-02,22692.750000000007
S03,Spices & Masala,Monday,2024-02,15325.36
S03,Spices & Masala,Saturday,2024-02,36053.530000000006
S03,Spices & Masala,Sunday,2024-02,26586.939999999995
S03,Spices & Masala,Thursday,2024-02,18695.210000000003
S03,Spices & Masala,Tuesday,2024-02,17826.330000000005
S03,Spices & Masala,Wednesday,2024-02,8783.2
S03,Staples & Grains,Friday,2024-02,96772.74000000002
S03,Staples & Grains,Monday,2024-02,112894.19
S03,Staples & Grains,Saturday,2024-02,131134.32
S03,Staples & Grains,Sunday,2024-02,188256.79999999996
S03,Staples & Grains,Thursday,2024-02,123921.81
S03,Staples & Grains,Tuesday,2024-02,66937.77
S03,Staples & Grains,Wednesday,2024-02,95740.05999999998
S03,Stationery & General,Friday,2024-02,27602.42
S03,Stationery & General,Monday,2024-02,25125.37
S03,Stationery & General,Saturday,2024-02,37795.77
S03,Stationery & General,Sunday,2024-02,35493.340000000004
S03,Stationery & General,Thursday,2024-02,24677.899999999994
S03,Stationery & General,Tuesday,2024-02,16933.72
S03,Stationery & General,Wednesday,2024-02,27873.699999999997
S03,UNKNOWN,Friday,2024-02,-7279.120000000001
S03,UNKNOWN,Monday,2024-02,-4868.6
S03,UNKNOWN,Saturday,2024-02,-3648.9900000000002
S03,UNKNOWN,Sunday,2024-02,-8257.84
S03,UNKNOWN,Thursday,2024-02,-5330.93
S03,UNKNOWN,Tuesday,2024-02,-5235.710000000001
S03,UNKNOWN,Wednesday,2024-02,-5819.01
S03,Baby Care,Friday,2024-03,155967.8900000001
S03,Baby Care,Monday,2024-03,86899.87000000001
S03,Baby Care,Saturday,2024-03,181055.41999999995
S03,Baby Care,Sunday,2024-03,161863.64
S03,Baby Care,Thursday,2024-03,56809.58
S03,Baby Care,Tuesday,2024-03,89538.76999999997
S03,Baby Care,Wednesday,2024-03,66170.91999999997
S03,Bakery,Friday,2024-03,30671.740000000005
S03,Bakery,Monday,2024-03,13871.400000000001
S03,Bakery,Saturday,2024-03,30189.78
S03,Bakery,Sunday,2024-03,28845.07000000001
S03,Bakery,Thursday,2024-03,10949.259999999997
S03,Bakery,Tuesday,2024-03,10548.710000000005
S03,Bakery,Wednesday,2024-03,9243.010000000002
S03,Beverages,Friday,2024-03,40790.85999999999
S03,Beverages,Monday,2024-03,24489.499999999996
S03,Beverages,Saturday,2024-03,52515.220000000016
S03,Beverages,Sunday,2024-03,47635.67000000001
S03,Beverages,Thursday,2024-03,21765.96
S03,Beverages,Tuesday,2024-03,17387.29
S03,Beverages,Wednesday,2024-03,22997.330000000005
S03,Biscuits & Snacks,Friday,2024-03,9821.499999999998
S03,Biscuits & Snacks,Monday,2024-03,4847.369999999999
S03,Biscuits & Snacks,Saturday,2024-03,14964.759999999997
S03,Biscuits & Snacks,Sunday,2024-03,15118.590000000004
S03,Biscuits & Snacks,Thursday,2024-03,6952.66
S03,Biscuits & Snacks,Tuesday,2024-03,3785.37
S03,Biscuits & Snacks,Wednesday,2024-03,9133.5
S03,Confectionery,Friday,2024-03,31263.070000000003
S03,Confectionery,Monday,2024-03,12227.019999999997
S03,Confectionery,Saturday,2024-03,45107.05
S03,Confectionery,Sunday,2024-03,36370.81000000001
S03,Confectionery,Thursday,2024-03,17981.859999999997
S03,Confectionery,Tuesday,2024-03,16000.699999999995
S03,Confectionery,Wednesday,2024-03,15865.789999999999
S03,Dairy,Friday,2024-03,67936.40999999997
S03,Dairy,Monday,2024-03,39265.61000000001
S03,Dairy,Saturday,2024-03,85838.29999999999
S03,Dairy,Sunday,2024-03,86692.83999999994
S03,Dairy,Thursday,2024-03,41348.990000000005
S03,Dairy,Tuesday,2024-03,35794.79
S03,Dairy,Wednesday,2024-03,33497.55
S03,Edible Oils,Friday,2024-03,126140.88999999993
S03,Edible Oils,Monday,2024-03,49350.07000000001
S03,Edible Oils,Saturday,2024-03,177276.31999999995
S03,Edible Oils,Sunday,2024-03,149558.34
S03,Edible Oils,Thursday,2024-03,81838.35999999999
S03,Edible Oils,Tuesday,2024-03,72872.93999999999
S03,Edible Oils,Wednesday,2024-03,81070.25000000001
S03,Frozen & Ready to Eat,Friday,2024-03,57763.130000000005
S03,Frozen & Ready to Eat,Monday,2024-03,17953.160000000003
S03,Frozen & Ready to Eat,Saturday,2024-03,52889.22000000001
S03,Frozen & Ready to Eat,Sunday,2024-03,50320.03999999999
S03,Frozen & Ready to Eat,Thursday,2024-03,37597.030000000006
S03,Frozen & Ready to Eat,Tuesday,2024-03,26592.81
S03,Frozen & Ready to Eat,Wednesday,2024-03,22768.839999999997
S03,Fruits & Vegetables,Friday,2024-03,19298.9
S03,Fruits & Vegetables,Monday,2024-03,12271.58
S03,Fruits & Vegetables,Saturday,2024-03,37062.18000000001
S03,Fruits & Vegetables,Sunday,2024-03,31453.840000000004
S03,Fruits & Vegetables,Thursday,2024-03,14152.769999999999
S03,Fruits & Vegetables,Tuesday,2024-03,13422.02
S03,Fruits & Vegetables,Wednesday,2024-03,13948.529999999997
S03,Home Care,Friday,2024-03,55984.599999999984
S03,Home Care,Monday,2024-03,21924.65
S03,Home Care,Saturday,2024-03,71127.31000000001
S03,Home Care,Sunday,2024-03,62356.439999999995
S03,Home Care,Thursday,2024-03,23278.3
S03,Home Care,Tuesday,2024-03,28546.389999999992
S03,Home Care,Wednesday,2024-03,29639.73
S03,Personal Care,Friday,2024-03,82948.76
S03,Personal Care,Monday,2024-03,39873.180000000015
S03,Personal Care,Saturday,2024-03,106981.71999999996
S03,Personal Care,Sunday,2024-03,72597.09000000001
S03,Personal Care,Thursday,2024-03,42834.25
S03,Personal Care,Tuesday,2024-03,40947.36
S03,Personal Care,Wednesday,2024-03,31603.27
S03,Spices & Masala,Friday,2024-03,33092.36000000002
S03,Spices & Masala,Monday,2024-03,18305.72
S03,Spices & Masala,Saturday,2024-03,36619.0
S03,Spices & Masala,Sunday,2024-03,40239.04
S03,Spices & Masala,Thursday,2024-03,15283.189999999997
S03,Spices & Masala,Tuesday,2024-03,19079.220000000005
S03,Spices & Masala,Wednesday,2024-03,18314.040000000005
S03,Staples & Grains,Friday,2024-03,170661.11000000002
S03,Staples & Grains,Monday,2024-03,85387.97999999998
S03,Staples & Grains,Saturday,2024-03,241349.39999999994
S03,Staples & Grains,Sunday,2024-03,182045.5
S03,Staples & Grains,Thursday,2024-03,85370.84999999999
S03,Staples & Grains,Tuesday,2024-03,63446.31
S03,Staples & Grains,Wednesday,2024-03,101346.7
S03,Stationery & General,Friday,2024-03,44600.59
S03,Stationery & General,Monday,2024-03,14497.82
S03,Stationery & General,Saturday,2024-03,45374.27
S03,Stationery & General,Sunday,2024-03,41286.38999999998
S03,Stationery & General,Thursday,2024-03,24769.69
S03,Stationery & General,Tuesday,2024-03,12887.789999999999
S03,Stationery & General,Wednesday,2024-03,22708.41
S03,UNKNOWN,Friday,2024-03,-9236.830000000005
S03,UNKNOWN,Monday,2024-03,-4591.379999999999
S03,UNKNOWN,Saturday,2024-03,-10646.000000000002
S03,UNKNOWN,Sunday,2024-03,-12330.000000000002
S03,UNKNOWN,Thursday,2024-03,-4443.170000000001
S03,UNKNOWN,Tuesday,2024-03,-6823.820000000001
S03,UNKNOWN,Wednesday,2024-03,-7321.080000000002
S03,Baby Care,Friday,2024-04,113983.66000000003
S03,Baby Care,Monday,2024-04,112118.29999999997
S03,Baby Care,Saturday,2024-04,144690.76999999996
S03,Baby Care,Sunday,2024-04,110975.01999999996
S03,Baby Care,Thursday,2024-04,86804.55999999998
S03,Baby Care,Tuesday,2024-04,127729.18999999997
S03,Baby Care,Wednesday,2024-04,73880.3
S03,Bakery,Friday,2024-04,18604.219999999998
S03,Bakery,Monday,2024-04,9845.0
S03,Bakery,Saturday,2024-04,22576.439999999988
S03,Bakery,Sunday,2024-04,19279.36
S03,Bakery,Thursday,2024-04,11994.22
S03,Bakery,Tuesday,2024-04,11318.289999999999
S03,Bakery,Wednesday,2024-04,13439.450000000003
S03,Beverages,Friday,2024-04,28930.38
S03,Beverages,Monday,2024-04,19240.020000000004
S03,Beverages,Saturday,2024-04,40750.75000000001
S03,Beverages,Sunday,2024-04,40031.76000000001
S03,Beverages,Thursday,2024-04,22655.12
S03,Beverages,Tuesday,2024-04,25740.579999999998
S03,Beverages,Wednesday,2024-04,31752.21
S03,Biscuits & Snacks,Friday,2024-04,10397.870000000003
S03,Biscuits & Snacks,Monday,2024-04,7411.5199999999995
S03,Biscuits & Snacks,Saturday,2024-04,12213.760000000006
S03,Biscuits & Snacks,Sunday,2024-04,10388.439999999995
S03,Biscuits & Snacks,Thursday,2024-04,5414.509999999999
S03,Biscuits & Snacks,Tuesday,2024-04,8902.42
S03,Biscuits & Snacks,Wednesday,2024-04,9079.76
S03,Confectionery,Friday,2024-04,30254.76000000001
S03,Confectionery,Monday,2024-04,18684.359999999997
S03,Confectionery,Saturday,2024-04,32524.579999999994
S03,Confectionery,Sunday,2024-04,32734.550000000003
S03,Confectionery,Thursday,2024-04,14234.86
S03,Confectionery,Tuesday,2024-04,21904.610000000004
S03,Confectionery,Wednesday,2024-04,15428.24
S03,Dairy,Friday,2024-04,36559.02
S03,Dairy,Monday,2024-04,40039.640000000014
S03,Dairy,Saturday,2024-04,56333.89999999999
S03,Dairy,Sunday,2024-04,65607.19
S03,Dairy,Thursday,2024-04,41845.63999999999
S03,Dairy,Tuesday,2024-04,32024.600000000002
S03,Dairy,Wednesday,2024-04,32339.12
S03,Edible Oils,Friday,2024-04,85986.66
S03,Edible Oils,Monday,2024-04,69695.50999999998
S03,Edible Oils,Saturday,2024-04,116100.76999999997
S03,Edible Oils,Sunday,2024-04,143191.41000000003
S03,Edible Oils,Thursday,2024-04,50460.509999999995
S03,Edible Oils,Tuesday,2024-04,85722.80000000002
S03,Edible Oils,Wednesday,2024-04,84712.58000000002
S03,Frozen & Ready to Eat,Friday,2024-04,38622.51
S03,Frozen & Ready to Eat,Monday,2024-04,29498.65
S03,Frozen & Ready to Eat,Saturday,2024-04,58758.60999999997
S03,Frozen & Ready to Eat,Sunday,2024-04,58302.89999999998
S03,Frozen & Ready to Eat,Thursday,2024-04,20903.170000000002
S03,Frozen & Ready to Eat,Tuesday,2024-04,34412.939999999995
S03,Frozen & Ready to Eat,Wednesday,2024-04,23947.77
S03,Fruits & Vegetables,Friday,2024-04,20513.799999999996
S03,Fruits & Vegetables,Monday,2024-04,13768.21
S03,Fruits & Vegetables,Saturday,2024-04,21351.180000000008
S03,Fruits & Vegetables,Sunday,2024-04,28968.140000000003
S03,Fruits & Vegetables,Thursday,2024-04,13660.000000000002
S03,Fruits & Vegetables,Tuesday,2024-04,13679.070000000005
S03,Fruits & Vegetables,Wednesday,2024-04,13703.9
S03,Home Care,Friday,2024-04,40425.44000000001
S03,Home Care,Monday,2024-04,34082.250000000015
S03,Home Care,Saturday,2024-04,45345.43
S03,Home Care,Sunday,2024-04,44336.24999999999
S03,Home Care,Thursday,2024-04,30135.300000000014
S03,Home Care,Tuesday,2024-04,29914.24
S03,Home Care,Wednesday,2024-04,28696.720000000005
S03,Personal Care,Friday,2024-04,47462.88
S03,Personal Care,Monday,2024-04,49786.399999999994
S03,Personal Care,Saturday,2024-04,58607.98
S03,Personal Care,Sunday,2024-04,63910.049999999996
S03,Personal Care,Thursday,2024-04,28056.820000000007
S03,Personal Care,Tuesday,2024-04,34397.720000000016
S03,Personal Care,Wednesday,2024-04,37212.060000000005
S03,Spices & Masala,Friday,2024-04,28741.21
S03,Spices & Masala,Monday,2024-04,24046.65
S03,Spices & Masala,Saturday,2024-04,41100.52999999998
S03,Spices & Masala,Sunday,2024-04,25727.30000000001
S03,Spices & Masala,Thursday,2024-04,21221.179999999997
S03,Spices & Masala,Tuesday,2024-04,20924.7
S03,Spices & Masala,Wednesday,2024-04,18067.549999999996
S03,Staples & Grains,Friday,2024-04,125531.29000000001
S03,Staples & Grains,Monday,2024-04,106053.76999999996
S03,Staples & Grains,Saturday,2024-04,142854.54000000004
S03,Staples & Grains,Sunday,2024-04,139237.44
S03,Staples & Grains,Thursday,2024-04,107530.59999999998
S03,Staples & Grains,Tuesday,2024-04,101455.37999999999
S03,Staples & Grains,Wednesday,2024-04,66005.85999999999
S03,Stationery & General,Friday,2024-04,25641.62
S03,Stationery & General,Monday,2024-04,25580.08
S03,Stationery & General,Saturday,2024-04,44699.44
S03,Stationery & General,Sunday,2024-04,43501.09999999998
S03,Stationery & General,Thursday,2024-04,24588.09
S03,Stationery & General,Tuesday,2024-04,28285.019999999986
S03,Stationery & General,Wednesday,2024-04,18985.090000000007
S03,UNKNOWN,Friday,2024-04,-6923.06
S03,UNKNOWN,Monday,2024-04,-4621.770000000001
S03,UNKNOWN,Saturday,2024-04,-6693.7699999999995
S03,UNKNOWN,Sunday,2024-04,-8372.73
S03,UNKNOWN,Thursday,2024-04,-6125.019999999999
S03,UNKNOWN,Tuesday,2024-04,-6623.5700000000015
S03,UNKNOWN,Wednesday,2024-04,-4283.17
S03,Baby Care,Friday,2024-05,139698.07
S03,Baby Care,Monday,2024-05,125004.52999999997
S03,Baby Care,Saturday,2024-05,123524.01999999997
S03,Baby Care,Sunday,2024-05,122786.50000000001
S03,Baby Care,Thursday,2024-05,131567.32
S03,Baby Care,Tuesday,2024-05,87682.71
S03,Baby Care,Wednesday,2024-05,117368.21999999997
S03,Bakery,Friday,2024-05,21888.769999999997
S03,Bakery,Monday,2024-05,13894.060000000001
S03,Bakery,Saturday,2024-05,22335.46
S03,Bakery,Sunday,2024-05,15830.100000000002
S03,Bakery,Thursday,2024-05,15668.429999999995
S03,Bakery,Tuesday,2024-05,12339.690000000004
S03,Bakery,Wednesday,2024-05,24193.78999999999
S03,Beverages,Friday,2024-05,43068.99
S03,Beverages,Monday,2024-05,18517.99
S03,Beverages,Saturday,2024-05,36006.610000000015
S03,Beverages,Sunday,2024-05,33058.579999999994
S03,Beverages,Thursday,2024-05,43150.79
S03,Beverages,Tuesday,2024-05,29295.68
S03,Beverages,Wednesday,2024-05,34383.48
S03,Biscuits & Snacks,Friday,2024-05,11691.689999999997
S03,Biscuits & Snacks,Monday,2024-05,5369.52
S03,Biscuits & Snacks,Saturday,2024-05,12728.339999999997
S03,Biscuits & Snacks,Sunday,2024-05,10211.939999999997
S03,Biscuits & Snacks,Thursday,2024-05,7543.659999999998
S03,Biscuits & Snacks,Tuesday,2024-05,8986.26
S03,Biscuits & Snacks,Wednesday,2024-05,9661.410000000003
S03,Confectionery,Friday,2024-05,20272.279999999995
S03,Confectionery,Monday,2024-05,17766.939999999995
S03,Confectionery,Saturday,2024-05,28272.050000000003
S03,Confectionery,Sunday,2024-05,23606.61
S03,Confectionery,Thursday,2024-05,18271.370000000003
S03,Confectionery,Tuesday,2024-05,12957.779999999999
S03,Confectionery,Wednesday,2024-05,22140.009999999995
S03,Dairy,Friday,2024-05,71765.32999999999
S03,Dairy,Monday,2024-05,44392.829999999994
S03,Dairy,Saturday,2024-05,74731.07000000002
S03,Dairy,Sunday,2024-05,64069.48999999998
S03,Dairy,Thursday,2024-05,43617.58999999999
S03,Dairy,Tuesday,2024-05,34644.77999999999
S03,Dairy,Wednesday,2024-05,54209.87999999999
S03,Edible Oils,Friday,2024-05,118428.30999999997
S03,Edible Oils,Monday,2024-05,98502.26
S03,Edible Oils,Saturday,2024-05,111520.69999999995
S03,Edible Oils,Sunday,2024-05,108203.98999999996
S03,Edible Oils,Thursday,2024-05,87591.20999999995
S03,Edible Oils,Tuesday,2024-05,101793.76
S03,Edible Oils,Wednesday,2024-05,119894.67999999995
S03,Frozen & Ready to Eat,Friday,2024-05,49942.56999999999
S03,Frozen & Ready to Eat,Monday,2024-05,38883.26
S03,Frozen & Ready to Eat,Saturday,2024-05,39643.060000000005
S03,Frozen & Ready to Eat,Sunday,2024-05,41357.54
S03,Frozen & Ready to Eat,Thursday,2024-05,38179.75000000001
S03,Frozen & Ready to Eat,Tuesday,2024-05,24350.020000000004
S03,Frozen & Ready to Eat,Wednesday,2024-05,44886.390000000014
S03,Fruits & Vegetables,Friday,2024-05,23739.550000000003
S03,Fruits & Vegetables,Monday,2024-05,22530.009999999995
S03,Fruits & Vegetables,Saturday,2024-05,29010.58999999999
S03,Fruits & Vegetables,Sunday,2024-05,29914.290000000008
S03,Fruits & Vegetables,Thursday,2024-05,17484.449999999997
S03,Fruits & Vegetables,Tuesday,2024-05,19798.500000000004
S03,Fruits & Vegetables,Wednesday,2024-05,23904.979999999996
S03,Home Care,Friday,2024-05,34909.24999999999
S03,Home Care,Monday,2024-05,22483.680000000004
S03,Home Care,Saturday,2024-05,46470.310000000005
S03,Home Care,Sunday,2024-05,44096.18999999999
S03,Home Care,Thursday,2024-05,24679.709999999995
S03,Home Care,Tuesday,2024-05,18101.09
S03,Home Care,Wednesday,2024-05,37915.08000000001
S03,Personal Care,Friday,2024-05,70010.10999999997
S03,Personal Care,Monday,2024-05,30650.850000000002
S03,Personal Care,Saturday,2024-05,63815.07000000001
S03,Personal Care,Sunday,2024-05,61133.37999999998
S03,Personal Care,Thursday,2024-05,38321.96999999999
S03,Personal Care,Tuesday,2024-05,39793.74
S03,Personal Care,Wednesday,2024-05,48910.380000000005
S03,Spices & Masala,Friday,2024-05,29423.989999999998
S03,Spices & Masala,Monday,2024-05,22867.36
S03,Spices & Masala,Saturday,2024-05,29722.800000000003
S03,Spices & Masala,Sunday,2024-05,25207.330000000005
S03,Spices & Masala,Thursday,2024-05,26635.919999999995
S03,Spices & Masala,Tuesday,2024-05,10555.589999999997
S03,Spices & Masala,Wednesday,2024-05,21850.36
S03,Staples & Grains,Friday,2024-05,134801.36999999997
S03,Staples & Grains,Monday,2024-05,91578.72999999997
S03,Staples & Grains,Saturday,2024-05,145332.58999999997
S03,Staples & Grains,Sunday,2024-05,131604.11000000002
S03,Staples & Grains,Thursday,2024-05,131851.80000000002
S03,Staples & Grains,Tuesday,2024-05,110513.51999999999
S03,Staples & Grains,Wednesday,2024-05,148730.72000000003
S03,Stationery & General,Friday,2024-05,38430.55
S03,Stationery & General,Monday,2024-05,25795.270000000004
S03,Stationery & General,Saturday,2024-05,44073.54000000001
S03,Stationery & General,Sunday,2024-05,45293.119999999995
S03,Stationery & General,Thursday,2024-05,30096.91999999999
S03,Stationery & General,Tuesday,2024-05,21643.56
S03,Stationery & General,Wednesday,2024-05,34421.31
S03,UNKNOWN,Friday,2024-05,-4220.920000000001
S03,UNKNOWN,Monday,2024-05,-4837.3200000000015
S03,UNKNOWN,Saturday,2024-05,-11154.380000000001
S03,UNKNOWN,Sunday,2024-05,-9415.159999999998
S03,UNKNOWN,Thursday,2024-05,-4618.58
S03,UNKNOWN,Tuesday,2024-05,-7005.43
S03,UNKNOWN,Wednesday,2024-05,-6093.72
S03,Baby Care,Friday,2024-06,108097.77999999998
S03,Baby Care,Monday,2024-06,87590.34999999999
S03,Baby Care,Saturday,2024-06,156978.9799999999
S03,Baby Care,Sunday,2024-06,168048.43000000002
S03,Baby Care,Thursday,2024-06,89766.98999999999
S03,Baby Care,Tuesday,2024-06,81734.18999999996
S03,Baby Care,Wednesday,2024-06,101467.83999999998
S03,Bakery,Friday,2024-06,11841.2
S03,Bakery,Monday,2024-06,11901.680000000002
S03,Bakery,Saturday,2024-06,28413.269999999997
S03,Bakery,Sunday,2024-06,19722.559999999994
S03,Bakery,Thursday,2024-06,18289.620000000006
S03,Bakery,Tuesday,2024-06,10718.569999999998
S03,Bakery,Wednesday,2024-06,13965.01
S03,Beverages,Friday,2024-06,34266.619999999995
S03,Beverages,Monday,2024-06,25566.62
S03,Beverages,Saturday,2024-06,60278.88000000002
S03,Beverages,Sunday,2024-06,44631.639999999985
S03,Beverages,Thursday,2024-06,31106.489999999994
S03,Beverages,Tuesday,2024-06,37161.01000000001
S03,Beverages,Wednesday,2024-06,20482.469999999998
S03,Biscuits & Snacks,Friday,2024-06,11809.690000000004
S03,Biscuits & Snacks,Monday,2024-06,6937.010000000001
S03,Biscuits & Snacks,Saturday,2024-06,15218.240000000002
S03,Biscuits & Snacks,Sunday,2024-06,15081.549999999996
S03,Biscuits & Snacks,Thursday,2024-06,7459.53
S03,Biscuits & Snacks,Tuesday,2024-06,7683.41
S03,Biscuits & Snacks,Wednesday,2024-06,5884.809999999998
S03,Confectionery,Friday,2024-06,17393.100000000002
S03,Confectionery,Monday,2024-06,20756.58
S03,Confectionery,Saturday,2024-06,36361.49000000002
S03,Confectionery,Sunday,2024-06,24221.669999999995
S03,Confectionery,Thursday,2024-06,18660.359999999997
S03,Confectionery,Tuesday,2024-06,14629.059999999996
S03,Confectionery,Wednesday,2024-06,14403.810000000003
S03,Dairy,Friday,2024-06,40080.450000000004
S03,Dairy,Monday,2024-06,32313.690000000013
S03,Dairy,Saturday,2024-06,85646.40000000002
S03,Dairy,Sunday,2024-06,76655.77999999998
S03,Dairy,Thursday,2024-06,45245.58000000002
S03,Dairy,Tuesday,2024-06,44115.03
S03,Dairy,Wednesday,2024-06,35818.44999999999
S03,Edible Oils,Friday,2024-06,105800.77
S03,Edible Oils,Monday,2024-06,108528.17999999998
S03,Edible Oils,Saturday,2024-06,163282.97999999995
S03,Edible Oils,Sunday,2024-06,156627.76999999993
S03,Edible Oils,Thursday,2024-06,92833.73999999999
S03,Edible Oils,Tuesday,2024-06,62546.72999999998
S03,Edible Oils,Wednesday,2024-06,54366.37999999998
S03,Frozen & Ready to Eat,Friday,2024-06,38053.81
S03,Frozen & Ready to Eat,Monday,2024-06,25840.709999999992
S03,Frozen & Ready to Eat,Saturday,2024-06,64915.16000000004
S03,Frozen & Ready to Eat,Sunday,2024-06,51807.869999999995
S03,Frozen & Ready to Eat,Thursday,2024-06,33437.350000000006
S03,Frozen & Ready to Eat,Tuesday,2024-06,32243.08
S03,Frozen & Ready to Eat,Wednesday,2024-06,35453.64
S03,Fruits & Vegetables,Friday,2024-06,17495.27
S03,Fruits & Vegetables,Monday,2024-06,10937.060000000003
S03,Fruits & Vegetables,Saturday,2024-06,26843.81000000001
S03,Fruits & Vegetables,Sunday,2024-06,26764.189999999995
S03,Fruits & Vegetables,Thursday,2024-06,13805.92
S03,Fruits & Vegetables,Tuesday,2024-06,21677.96000000001
S03,Fruits & Vegetables,Wednesday,2024-06,20349.08
S03,Home Care,Friday,2024-06,26848.569999999996
S03,Home Care,Monday,2024-06,30880.800000000007
S03,Home Care,Saturday,2024-06,64587.24
S03,Home Care,Sunday,2024-06,52108.01000000001
S03,Home Care,Thursday,2024-06,30985.2
S03,Home Care,Tuesday,2024-06,24286.980000000003
S03,Home Care,Wednesday,2024-06,32713.34999999999
S03,Personal Care,Friday,2024-06,46255.79
S03,Personal Care,Monday,2024-06,31804.899999999998
S03,Personal Care,Saturday,2024-06,69617.43999999997
S03,Personal Care,Sunday,2024-06,71955.17999999996
S03,Personal Care,Thursday,2024-06,42585.079999999994
S03,Personal Care,Tuesday,2024-06,51618.61
S03,Personal Care,Wednesday,2024-06,43809.85
S03,Spices & Masala,Friday,2024-06,24518.73
S03,Spices & Masala,Monday,2024-06,12014.139999999998
S03,Spices & Masala,Saturday,2024-06,38480.11
S03,Spices & Masala,Sunday,2024-06,24839.109999999997
S03,Spices & Masala,Thursday,2024-06,24639.360000000004
S03,Spices & Masala,Tuesday,2024-06,17771.1
S03,Spices & Masala,Wednesday,2024-06,16816.239999999994
S03,Staples & Grains,Friday,2024-06,111176.73999999999
S03,Staples & Grains,Monday,2024-06,91531.46
S03,Staples & Grains,Saturday,2024-06,188951.54
S03,Staples & Grains,Sunday,2024-06,180486.11999999997
S03,Staples & Grains,Thursday,2024-06,119819.75000000003
S03,Staples & Grains,Tuesday,2024-06,103225.18
S03,Staples & Grains,Wednesday,2024-06,87900.76000000004
S03,Stationery & General,Friday,2024-06,28456.560000000005
S03,Stationery & General,Monday,2024-06,38327.69999999999
S03,Stationery & General,Saturday,2024-06,40858.94999999999
S03,Stationery & General,Sunday,2024-06,38546.27000000001
S03,Stationery & General,Thursday,2024-06,34929.66000000001
S03,Stationery & General,Tuesday,2024-06,26107.529999999995
S03,Stationery & General,Wednesday,2024-06,24556.250000000004
S03,UNKNOWN,Friday,2024-06,-7821.869999999999
S03,UNKNOWN,Monday,2024-06,-4170.4400000000005
S03,UNKNOWN,Saturday,2024-06,-10709.28
S03,UNKNOWN,Sunday,2024-06,-8180.05
S03,UNKNOWN,Thursday,2024-06,-4106.1900000000005
S03,UNKNOWN,Tuesday,2024-06,-4085.4500000000003
S03,UNKNOWN,Wednesday,2024-06,-7531.449999999999
S03,Baby Care,Friday,2024-07,119782.29000000001
S03,Baby Care,Monday,2024-07,109440.91
S03,Baby Care,Saturday,2024-07,143733.22999999995
S03,Baby Care,Sunday,2024-07,158374.22000000003
S03,Baby Care,Thursday,2024-07,52518.340000000004
S03,Baby Care,Tuesday,2024-07,142081.71999999994
S03,Baby Care,Wednesday,2024-07,104021.04999999994
S03,Bakery,Friday,2024-07,21992.070000000003
S03,Bakery,Monday,2024-07,15052.630000000006
S03,Bakery,Saturday,2024-07,21416.9
S03,Bakery,Sunday,2024-07,18504.480000000003
S03,Bakery,Thursday,2024-07,15181.460000000005
S03,Bakery,Tuesday,2024-07,10612.349999999997
S03,Bakery,Wednesday,2024-07,20009.710000000006
S03,Beverages,Friday,2024-07,36428.74
S03,Beverages,Monday,2024-07,32459.910000000003
S03,Beverages,Saturday,2024-07,35497.14000000001
S03,Beverages,Sunday,2024-07,39731.73
S03,Beverages,Thursday,2024-07,26597.75000000001
S03,Beverages,Tuesday,2024-07,28561.239999999998
S03,Beverages,Wednesday,2024-07,26048.56
S03,Biscuits & Snacks,Friday,2024-07,8851.28
S03,Biscuits & Snacks,Monday,2024-07,8861.160000000003
S03,Biscuits & Snacks,Saturday,2024-07,10978.240000000002
S03,Biscuits & Snacks,Sunday,2024-07,11977.389999999998
S03,Biscuits & Snacks,Thursday,2024-07,8409.74
S03,Biscuits & Snacks,Tuesday,2024-07,7228.3
S03,Biscuits & Snacks,Wednesday,2024-07,7163.6799999999985
S03,Confectionery,Friday,2024-07,21678.510000000002
S03,Confectionery,Monday,2024-07,19603.980000000003
S03,Confectionery,Saturday,2024-07,29944.779999999995
S03,Confectionery,Sunday,2024-07,34757.60000000001
S03,Confectionery,Thursday,2024-07,14244.119999999997
S03,Confectionery,Tuesday,2024-07,23710.690000000002
S03,Confectionery,Wednesday,2024-07,27559.379999999997
S03,Dairy,Friday,2024-07,56111.59999999998
S03,Dairy,Monday,2024-07,61277.44999999999
S03,Dairy,Saturday,2024-07,73933.61999999998
S03,Dairy,Sunday,2024-07,63798.459999999985
S03,Dairy,Thursday,2024-07,47316.03
S03,Dairy,Tuesday,2024-07,31976.059999999994
S03,Dairy,Wednesday,2024-07,49796.95000000001
S03,Edible Oils,Friday,2024-07,94499.56999999999
S03,Edible Oils,Monday,2024-07,107317.48999999996
S03,Edible Oils,Saturday,2024-07,124144.37999999998
S03,Edible Oils,Sunday,2024-07,167016.41999999993
S03,Edible Oils,Thursday,2024-07,99398.18999999993
S03,Edible Oils,Tuesday,2024-07,78115.8
S03,Edible Oils,Wednesday,2024-07,131044.06999999998
S03,Frozen & Ready to Eat,Friday,2024-07,37440.98000000001
S03,Frozen & Ready to Eat,Monday,2024-07,36967.01
S03,Frozen & Ready to Eat,Saturday,2024-07,41132.73
S03,Frozen & Ready to Eat,Sunday,2024-07,48755.73999999998
S03,Frozen & Ready to Eat,Thursday,2024-07,36599.81
S03,Frozen & Ready to Eat,Tuesday,2024-07,41637.450000000004
S03,Frozen & Ready to Eat,Wednesday,2024-07,35289.770000000004
S03,Fruits & Vegetables,Friday,2024-07,22654.010000000002
S03,Fruits & Vegetables,Monday,2024-07,20941.059999999998
S03,Fruits & Vegetables,Saturday,2024-07,25618.270000000004
S03,Fruits & Vegetables,Sunday,2024-07,19213.21
S03,Fruits & Vegetables,Thursday,2024-07,13176.299999999997
S03,Fruits & Vegetables,Tuesday,2024-07,18553.52
S03,Fruits & Vegetables,Wednesday,2024-07,20232.68
S03,Home Care,Friday,2024-07,34751.65999999999
S03,Home Care,Monday,2024-07,40757.990000000005
S03,Home Care,Saturday,2024-07,44583.88000000002
S03,Home Care,Sunday,2024-07,60821.78000000002
S03,Home Care,Thursday,2024-07,29983.780000000006
S03,Home Care,Tuesday,2024-07,32883.57
S03,Home Care,Wednesday,2024-07,35067.5
S03,Personal Care,Friday,2024-07,62192.16999999999
S03,Personal Care,Monday,2024-07,30574.740000000005
S03,Personal Care,Saturday,2024-07,75375.22000000003
S03,Personal Care,Sunday,2024-07,57035.83000000001
S03,Personal Care,Thursday,2024-07,38230.75
S03,Personal Care,Tuesday,2024-07,50723.8
S03,Personal Care,Wednesday,2024-07,36197.979999999996
S03,Spices & Masala,Friday,2024-07,24850.699999999997
S03,Spices & Masala,Monday,2024-07,19631.890000000007
S03,Spices & Masala,Saturday,2024-07,42620.23
S03,Spices & Masala,Sunday,2024-07,31500.55
S03,Spices & Masala,Thursday,2024-07,22215.54
S03,Spices & Masala,Tuesday,2024-07,29333.909999999996
S03,Spices & Masala,Wednesday,2024-07,19233.130000000005
S03,Staples & Grains,Friday,2024-07,125146.74
S03,Staples & Grains,Monday,2024-07,93578.03000000003
S03,Staples & Grains,Saturday,2024-07,177501.26999999993
S03,Staples & Grains,Sunday,2024-07,140082.52000000002
S03,Staples & Grains,Thursday,2024-07,97145.48999999998
S03,Staples & Grains,Tuesday,2024-07,129015.29000000001
S03,Staples & Grains,Wednesday,2024-07,115956.02999999998
S03,Stationery & General,Friday,2024-07,28777.86
S03,Stationery & General,Monday,2024-07,23611.8
S03,Stationery & General,Saturday,2024-07,47303.53
S03,Stationery & General,Sunday,2024-07,52618.679999999986
S03,Stationery & General,Thursday,2024-07,24571.51000000001
S03,Stationery & General,Tuesday,2024-07,30636.920000000016
S03,Stationery & General,Wednesday,2024-07,35462.520000000004
S03,UNKNOWN,Friday,2024-07,-8305.390000000001
S03,UNKNOWN,Monday,2024-07,-4322.65
S03,UNKNOWN,Saturday,2024-07,-8857.610000000002
S03,UNKNOWN,Sunday,2024-07,-8655.749999999998
S03,UNKNOWN,Thursday,2024-07,-5682.68
S03,UNKNOWN,Tuesday,2024-07,-7739.0199999999995
S03,UNKNOWN,Wednesday,2024-07,-6865.829999999999
S03,Baby Care,Friday,2024-08,141806.60999999993
S03,Baby Care,Monday,2024-08,98472.68999999997
S03,Baby Care,Saturday,2024-08,227657.83
S03,Baby Care,Sunday,2024-08,183427.13999999993
S03,Baby Care,Thursday,2024-08,162358.73999999996
S03,Baby Care,Tuesday,2024-08,73729.57999999999
S03,Baby Care,Wednesday,2024-08,141147.90999999997
S03,Bakery,Friday,2024-08,20779.410000000003
S03,Bakery,Monday,2024-08,15281.090000000002
S03,Bakery,Saturday,2024-08,35126.28
S03,Bakery,Sunday,2024-08,17749.050000000003
S03,Bakery,Thursday,2024-08,17081.989999999998
S03,Bakery,Tuesday,2024-08,13136.210000000003
S03,Bakery,Wednesday,2024-08,14700.179999999995
S03,Beverages,Friday,2024-08,55450.880000000005
S03,Beverages,Monday,2024-08,22557.890000000003
S03,Beverages,Saturday,2024-08,56310.11
S03,Beverages,Sunday,2024-08,32138.32
S03,Beverages,Thursday,2024-08,30678.290000000005
S03,Beverages,Tuesday,2024-08,26070.330000000005
S03,Beverages,Wednesday,2024-08,24491.779999999995
S03,Biscuits & Snacks,Friday,2024-08,16606.530000000006
S03,Biscuits & Snacks,Monday,2024-08,5716.46
S03,Biscuits & Snacks,Saturday,2024-08,15602.020000000006
S03,Biscuits & Snacks,Sunday,2024-08,11777.409999999994
S03,Biscuits & Snacks,Thursday,2024-08,10452.779999999999
S03,Biscuits & Snacks,Tuesday,2024-08,4425.9400000000005
S03,Biscuits & Snacks,Wednesday,2024-08,10417.990000000005
S03,Confectionery,Friday,2024-08,28474.739999999987
S03,Confectionery,Monday,2024-08,15287.859999999997
S03,Confectionery,Saturday,2024-08,39825.88
S03,Confectionery,Sunday,2024-08,29405.96999999999
S03,Confectionery,Thursday,2024-08,24841.96
S03,Confectionery,Tuesday,2024-08,17497.54
S03,Confectionery,Wednesday,2024-08,19727.85
S03,Dairy,Friday,2024-08,62793.14
S03,Dairy,Monday,2024-08,35269.84000000002
S03,Dairy,Saturday,2024-08,94631.39000000001
S03,Dairy,Sunday,2024-08,73711.77999999997
S03,Dairy,Thursday,2024-08,53398.57000000002
S03,Dairy,Tuesday,2024-08,37428.44
S03,Dairy,Wednesday,2024-08,49282.73999999998
S03,Edible Oils,Friday,2024-08,150376.43999999994
S03,Edible Oils,Monday,2024-08,75640.94999999997
S03,Edible Oils,Saturday,2024-08,198795.32000000004
S03,Edible Oils,Sunday,2024-08,135483.25999999998
S03,Edible Oils,Thursday,2024-08,113405.09999999993
S03,Edible Oils,Tuesday,2024-08,77314.43999999999
S03,Edible Oils,Wednesday,2024-08,92441.46999999994
S03,Frozen & Ready to Eat,Friday,2024-08,57269.35000000002
S03,Frozen & Ready to Eat,Monday,2024-08,25496.409999999996
S03,Frozen & Ready to Eat,Saturday,2024-08,60980.149999999994
S03,Frozen & Ready to Eat,Sunday,2024-08,52364.78000000002
S03,Frozen & Ready to Eat,Thursday,2024-08,48471.42999999999
S03,Frozen & Ready to Eat,Tuesday,2024-08,29291.58
S03,Frozen & Ready to Eat,Wednesday,2024-08,42097.59
S03,Fruits & Vegetables,Friday,2024-08,26606.209999999995
S03,Fruits & Vegetables,Monday,2024-08,13823.33
S03,Fruits & Vegetables,Saturday,2024-08,38988.8
S03,Fruits & Vegetables,Sunday,2024-08,24773.7
S03,Fruits & Vegetables,Thursday,2024-08,22413.100000000002
S03,Fruits & Vegetables,Tuesday,2024-08,17701.41
S03,Fruits & Vegetables,Wednesday,2024-08,20594.289999999997
S03,Home Care,Friday,2024-08,52368.59000000003
S03,Home Care,Monday,2024-08,27882.45
S03,Home Care,Saturday,2024-08,74675.72999999998
S03,Home Care,Sunday,2024-08,37202.640000000014
S03,Home Care,Thursday,2024-08,43048.32999999999
S03,Home Care,Tuesday,2024-08,22862.380000000005
S03,Home Care,Wednesday,2024-08,33826.229999999996
S03,Personal Care,Friday,2024-08,75579.13999999998
S03,Personal Care,Monday,2024-08,50394.69999999998
S03,Personal Care,Saturday,2024-08,78119.03
S03,Personal Care,Sunday,2024-08,70572.83000000002
S03,Personal Care,Thursday,2024-08,53878.119999999995
S03,Personal Care,Tuesday,2024-08,30586.94000000001
S03,Personal Care,Wednesday,2024-08,46036.82000000001
S03,Spices & Masala,Friday,2024-08,25322.43
S03,Spices & Masala,Monday,2024-08,18322.760000000002
S03,Spices & Masala,Saturday,2024-08,42878.37
S03,Spices & Masala,Sunday,2024-08,32163.149999999994
S03,Spices & Masala,Thursday,2024-08,28722.85000000001
S03,Spices & Masala,Tuesday,2024-08,15283.449999999997
S03,Spices & Masala,Wednesday,2024-08,21095.31000000001
S03,Staples & Grains,Friday,2024-08,159056.87
S03,Staples & Grains,Monday,2024-08,69692.59000000003
S03,Staples & Grains,Saturday,2024-08,221130.5600000001
S03,Staples & Grains,Sunday,2024-08,128263.1
S03,Staples & Grains,Thursday,2024-08,124082.07999999999
S03,Staples & Grains,Tuesday,2024-08,124645.76999999997
S03,Staples & Grains,Wednesday,2024-08,118917.86999999998
S03,Stationery & General,Friday,2024-08,44646.45999999998
S03,Stationery & General,Monday,2024-08,20912.41
S03,Stationery & General,Saturday,2024-08,51957.00000000001
S03,Stationery & General,Sunday,2024-08,36893.540000000015
S03,Stationery & General,Thursday,2024-08,29719.12
S03,Stationery & General,Tuesday,2024-08,27206.530000000002
S03,Stationery & General,Wednesday,2024-08,25616.650000000005
S03,UNKNOWN,Friday,2024-08,-7991.089999999999
S03,UNKNOWN,Monday,2024-08,-7166.41
S03,UNKNOWN,Saturday,2024-08,-11283.880000000003
S03,UNKNOWN,Sunday,2024-08,-14628.119999999999
S03,UNKNOWN,Thursday,2024-08,-6099.540000000001
S03,UNKNOWN,Tuesday,2024-08,-5614.140000000001
S03,UNKNOWN,Wednesday,2024-08,-7662.509999999997
S03,Baby Care,Friday,2024-09,108065.98000000001
S03,Baby Care,Monday,2024-09,110414.7
S03,Baby Care,Saturday,2024-09,188884.82
S03,Baby Care,Sunday,2024-09,210453.30000000002
S03,Baby Care,Thursday,2024-09,99825.78000000003
S03,Baby Care,Tuesday,2024-09,74216.75000000001
S03,Baby Care,Wednesday,2024-09,93575.57999999997
S03,Bakery,Friday,2024-09,21338.680000000004
S03,Bakery,Monday,2024-09,15809.45
S03,Bakery,Saturday,2024-09,24521.469999999998
S03,Bakery,Sunday,2024-09,27575.08
S03,Bakery,Thursday,2024-09,16811.73
S03,Bakery,Tuesday,2024-09,10589.719999999998
S03,Bakery,Wednesday,2024-09,18189.819999999996
S03,Beverages,Friday,2024-09,31949.020000000004
S03,Beverages,Monday,2024-09,47898.68
S03,Beverages,Saturday,2024-09,55807.70000000002
S03,Beverages,Sunday,2024-09,61168.73999999999
S03,Beverages,Thursday,2024-09,28735.09
S03,Beverages,Tuesday,2024-09,19476.86
S03,Beverages,Wednesday,2024-09,27743.86
S03,Biscuits & Snacks,Friday,2024-09,11130.229999999998
S03,Biscuits & Snacks,Monday,2024-09,7455.059999999999
S03,Biscuits & Snacks,Saturday,2024-09,14191.849999999997
S03,Biscuits & Snacks,Sunday,2024-09,14498.610000000002
S03,Biscuits & Snacks,Thursday,2024-09,8462.139999999998
S03,Biscuits & Snacks,Tuesday,2024-09,8284.609999999999
S03,Biscuits & Snacks,Wednesday,2024-09,8496.279999999999
S03,Confectionery,Friday,2024-09,18635.009999999995
S03,Confectionery,Monday,2024-09,25673.22
S03,Confectionery,Saturday,2024-09,27915.049999999996
S03,Confectionery,Sunday,2024-09,28346.21
S03,Confectionery,Thursday,2024-09,21589.05
S03,Confectionery,Tuesday,2024-09,15759.39
S03,Confectionery,Wednesday,2024-09,17708.93
S03,Dairy,Friday,2024-09,50754.56999999999
S03,Dairy,Monday,2024-09,46683.039999999986
S03,Dairy,Saturday,2024-09,68119.99
S03,Dairy,Sunday,2024-09,71543.90000000001
S03,Dairy,Thursday,2024-09,44740.499999999985
S03,Dairy,Tuesday,2024-09,30045.23000000001
S03,Dairy,Wednesday,2024-09,53721.15
S03,Edible Oils,Friday,2024-09,113387.11999999997
S03,Edible Oils,Monday,2024-09,102899.95999999995
S03,Edible Oils,Saturday,2024-09,185356.98000000004
S03,Edible Oils,Sunday,2024-09,180281.79
S03,Edible Oils,Thursday,2024-09,73377.26
S03,Edible Oils,Tuesday,2024-09,80836.14000000003
S03,Edible Oils,Wednesday,2024-09,90425.01999999997
S03,Frozen & Ready to Eat,Friday,2024-09,37931.01
S03,Frozen & Ready to Eat,Monday,2024-09,42885.89999999999
S03,Frozen & Ready to Eat,Saturday,2024-09,49076.209999999985
S03,Frozen & Ready to Eat,Sunday,2024-09,71500.60000000002
S03,Frozen & Ready to Eat,Thursday,2024-09,38450.43
S03,Frozen & Ready to Eat,Tuesday,2024-09,35497.64000000001
S03,Frozen & Ready to Eat,Wednesday,2024-09,29095.390000000003
S03,Fruits & Vegetables,Friday,2024-09,17254.619999999995
S03,Fruits & Vegetables,Monday,2024-09,18292.41999999999
S03,Fruits & Vegetables,Saturday,2024-09,21969.520000000008
S03,Fruits & Vegetables,Sunday,2024-09,38169.51000000001
S03,Fruits & Vegetables,Thursday,2024-09,17426.519999999993
S03,Fruits & Vegetables,Tuesday,2024-09,12080.769999999997
S03,Fruits & Vegetables,Wednesday,2024-09,18141.540000000005
S03,Home Care,Friday,2024-09,48866.219999999994
S03,Home Care,Monday,2024-09,37430.91999999999
S03,Home Care,Saturday,2024-09,55188.169999999984
S03,Home Care,Sunday,2024-09,57797.840000000004
S03,Home Care,Thursday,2024-09,30889.730000000003
S03,Home Care,Tuesday,2024-09,38704.189999999995
S03,Home Care,Wednesday,2024-09,24365.580000000005
S03,Personal Care,Friday,2024-09,42170.69999999998
S03,Personal Care,Monday,2024-09,50611.56
S03,Personal Care,Saturday,2024-09,69014.89999999997
S03,Personal Care,Sunday,2024-09,80395.95000000003
S03,Personal Care,Thursday,2024-09,49753.33000000001
S03,Personal Care,Tuesday,2024-09,31807.900000000005
S03,Personal Care,Wednesday,2024-09,46910.03000000001
S03,Spices & Masala,Friday,2024-09,25057.119999999995
S03,Spices & Masala,Monday,2024-09,23610.090000000015
S03,Spices & Masala,Saturday,2024-09,30793.66
S03,Spices & Masala,Sunday,2024-09,35709.65000000001
S03,Spices & Masala,Thursday,2024-09,17768.41999999999
S03,Spices & Masala,Tuesday,2024-09,18072.479999999996
S03,Spices & Masala,Wednesday,2024-09,13486.26
S03,Staples & Grains,Friday,2024-09,118311.10000000003
S03,Staples & Grains,Monday,2024-09,138413.64000000004
S03,Staples & Grains,Saturday,2024-09,163749.9
S03,Staples & Grains,Sunday,2024-09,196965.98
S03,Staples & Grains,Thursday,2024-09,130513.09000000001
S03,Staples & Grains,Tuesday,2024-09,90730.80000000002
S03,Staples & Grains,Wednesday,2024-09,92569.37000000002
S03,Stationery & General,Friday,2024-09,38009.840000000004
S03,Stationery & General,Monday,2024-09,45807.45000000002
S03,Stationery & General,Saturday,2024-09,50014.420000000006
S03,Stationery & General,Sunday,2024-09,47937.29
S03,Stationery & General,Thursday,2024-09,31017.840000000007
S03,Stationery & General,Tuesday,2024-09,27925.66
S03,Stationery & General,Wednesday,2024-09,35667.56000000001
S03,UNKNOWN,Friday,2024-09,-6778.82
S03,UNKNOWN,Monday,2024-09,-8386.689999999999
S03,UNKNOWN,Saturday,2024-09,-10509.720000000003
S03,UNKNOWN,Sunday,2024-09,-12264.679999999995
S03,UNKNOWN,Thursday,2024-09,-6115.059999999999
S03,UNKNOWN,Tuesday,2024-09,-3901.1499999999996
S03,UNKNOWN,Wednesday,2024-09,-6538.92
S03,Baby Care,Friday,2024-10,139365.10000000003
S03,Baby Care,Monday,2024-10,114215.07999999999
S03,Baby Care,Saturday,2024-10,190502.00999999998
S03,Baby Care,Sunday,2024-10,194560.74999999997
S03,Baby Care,Thursday,2024-10,190775.77000000005
S03,Baby Care,Tuesday,2024-10,145126.97
S03,Baby Care,Wednesday,2024-10,136948.77000000002
S03,Bakery,Friday,2024-10,23815.479999999996
S03,Bakery,Monday,2024-10,19847.699999999997
S03,Bakery,Saturday,2024-10,29799.649999999994
S03,Bakery,Sunday,2024-10,23028.85999999999
S03,Bakery,Thursday,2024-10,23356.059999999994
S03,Bakery,Tuesday,2024-10,19956.04
S03,Bakery,Wednesday,2024-10,25831.370000000006
S03,Beverages,Friday,2024-10,45899.30000000002
S03,Beverages,Monday,2024-10,40539.88
S03,Beverages,Saturday,2024-10,56426.94000000002
S03,Beverages,Sunday,2024-10,68233.57
S03,Beverages,Thursday,2024-10,49331.12000000001
S03,Beverages,Tuesday,2024-10,41882.159999999996
S03,Beverages,Wednesday,2024-10,49723.38000000001
S03,Biscuits & Snacks,Friday,2024-10,12841.829999999996
S03,Biscuits & Snacks,Monday,2024-10,9433.720000000001
S03,Biscuits & Snacks,Saturday,2024-10,20586.100000000006
S03,Biscuits & Snacks,Sunday,2024-10,13807.630000000001
S03,Biscuits & Snacks,Thursday,2024-10,13204.339999999997
S03,Biscuits & Snacks,Tuesday,2024-10,11318.32
S03,Biscuits & Snacks,Wednesday,2024-10,10249.909999999996
S03,Confectionery,Friday,2024-10,31495.890000000007
S03,Confectionery,Monday,2024-10,22551.370000000003
S03,Confectionery,Saturday,2024-10,42164.58999999999
S03,Confectionery,Sunday,2024-10,24475.709999999995
S03,Confectionery,Thursday,2024-10,34056.88999999999
S03,Confectionery,Tuesday,2024-10,26992.659999999996
S03,Confectionery,Wednesday,2024-10,27927.789999999997
S03,Dairy,Friday,2024-10,64578.31
S03,Dairy,Monday,2024-10,46810.18000000001
S03,Dairy,Saturday,2024-10,98984.94000000002
S03,Dairy,Sunday,2024-10,65017.86
S03,Dairy,Thursday,2024-10,72758.73000000001
S03,Dairy,Tuesday,2024-10,57897.36
S03,Dairy,Wednesday,2024-10,90464.07000000002
S03,Edible Oils,Friday,2024-10,135893.99000000002
S03,Edible Oils,Monday,2024-10,86473.07
S03,Edible Oils,Saturday,2024-10,208302.12999999995
S03,Edible Oils,Sunday,2024-10,133671.84000000003
S03,Edible Oils,Thursday,2024-10,124187.88999999996
S03,Edible Oils,Tuesday,2024-10,141994.96999999997
S03,Edible Oils,Wednesday,2024-10,141107.68
S03,Frozen & Ready to Eat,Friday,2024-10,57017.65
S03,Frozen & Ready to Eat,Monday,2024-10,41209.01999999999
S03,Frozen & Ready to Eat,Saturday,2024-10,81159.42000000001
S03,Frozen & Ready to Eat,Sunday,2024-10,59896.549999999996
S03,Frozen & Ready to Eat,Thursday,2024-10,56231.68000000002
S03,Frozen & Ready to Eat,Tuesday,2024-10,50067.0
S03,Frozen & Ready to Eat,Wednesday,2024-10,43142.659999999996
S03,Fruits & Vegetables,Friday,2024-10,26014.61
S03,Fruits & Vegetables,Monday,2024-10,17941.14
S03,Fruits & Vegetables,Saturday,2024-10,38953.65
S03,Fruits & Vegetables,Sunday,2024-10,33711.3
S03,Fruits & Vegetables,Thursday,2024-10,31531.260000000006
S03,Fruits & Vegetables,Tuesday,2024-10,21502.839999999997
S03,Fruits & Vegetables,Wednesday,2024-10,18465.989999999998
S03,Home Care,Friday,2024-10,40958.040000000015
S03,Home Care,Monday,2024-10,33901.46
S03,Home Care,Saturday,2024-10,71936.82999999999
S03,Home Care,Sunday,2024-10,50554.67999999999
S03,Home Care,Thursday,2024-10,43473.06999999999
S03,Home Care,Tuesday,2024-10,45862.25000000001
S03,Home Care,Wednesday,2024-10,59110.73999999999
S03,Personal Care,Friday,2024-10,80212.40000000002
S03,Personal Care,Monday,2024-10,47995.54
S03,Personal Care,Saturday,2024-10,82949.18000000001
S03,Personal Care,Sunday,2024-10,68012.01000000001
S03,Personal Care,Thursday,2024-10,74770.87000000001
S03,Personal Care,Tuesday,2024-10,57733.87000000001
S03,Personal Care,Wednesday,2024-10,47536.59
S03,Spices & Masala,Friday,2024-10,28406.050000000003
S03,Spices & Masala,Monday,2024-10,24211.929999999997
S03,Spices & Masala,Saturday,2024-10,41850.409999999996
S03,Spices & Masala,Sunday,2024-10,38682.6
S03,Spices & Masala,Thursday,2024-10,37229.350000000006
S03,Spices & Masala,Tuesday,2024-10,31053.820000000003
S03,Spices & Masala,Wednesday,2024-10,32375.929999999993
S03,Staples & Grains,Friday,2024-10,115401.48000000001
S03,Staples & Grains,Monday,2024-10,142529.93000000002
S03,Staples & Grains,Saturday,2024-10,248893.90000000002
S03,Staples & Grains,Sunday,2024-10,221404.12999999998
S03,Staples & Grains,Thursday,2024-10,163796.75999999995
S03,Staples & Grains,Tuesday,2024-10,155341.99
S03,Staples & Grains,Wednesday,2024-10,172805.97000000006
S03,Stationery & General,Friday,2024-10,32646.219999999998
S03,Stationery & General,Monday,2024-10,39206.12999999999
S03,Stationery & General,Saturday,2024-10,75043.07000000002
S03,Stationery & General,Sunday,2024-10,71625.81
S03,Stationery & General,Thursday,2024-10,46509.32
S03,Stationery & General,Tuesday,2024-10,47147.51000000001
S03,Stationery & General,Wednesday,2024-10,50002.850000000006
S03,UNKNOWN,Friday,2024-10,-9041.5
S03,UNKNOWN,Monday,2024-10,-8058.490000000001
S03,UNKNOWN,Saturday,2024-10,-13489.78
S03,UNKNOWN,Sunday,2024-10,-11349.86
S03,UNKNOWN,Thursday,2024-10,-10723.48
S03,UNKNOWN,Tuesday,2024-10,-6427.009999999999
S03,UNKNOWN,Wednesday,2024-10,-12197.68
S03,Baby Care,Friday,2024-11,164330.72999999984
S03,Baby Care,Monday,2024-11,131658.85000000003
S03,Baby Care,Saturday,2024-11,193547.62
S03,Baby Care,Sunday,2024-11,186641.88999999993
S03,Baby Care,Thursday,2024-11,131654.87
S03,Baby Care,Tuesday,2024-11,110078.74999999997
S03,Baby Care,Wednesday,2024-11,101210.25
S03,Bakery,Friday,2024-11,23220.669999999995
S03,Bakery,Monday,2024-11,19942.75
S03,Bakery,Saturday,2024-11,36003.75999999999
S03,Bakery,Sunday,2024-11,25534.829999999998
S03,Bakery,Thursday,2024-11,17888.289999999997
S03,Bakery,Tuesday,2024-11,14619.659999999994
S03,Bakery,Wednesday,2024-11,16891.5
S03,Beverages,Friday,2024-11,54542.42999999999
S03,Beverages,Monday,2024-11,34306.619999999995
S03,Beverages,Saturday,2024-11,75991.18000000002
S03,Beverages,Sunday,2024-11,62353.299999999996
S03,Beverages,Thursday,2024-11,34627.72999999999
S03,Beverages,Tuesday,2024-11,37711.14000000001
S03,Beverages,Wednesday,2024-11,38073.90999999999
S03,Biscuits & Snacks,Friday,2024-11,14276.21
S03,Biscuits & Snacks,Monday,2024-11,11763.02
S03,Biscuits & Snacks,Saturday,2024-11,21596.219999999998
S03,Biscuits & Snacks,Sunday,2024-11,18811.610000000008
S03,Biscuits & Snacks,Thursday,2024-11,10616.589999999995
S03,Biscuits & Snacks,Tuesday,2024-11,11761.420000000004
S03,Biscuits & Snacks,Wednesday,2024-11,13315.350000000004
S03,Confectionery,Friday,2024-11,28007.13
S03,Confectionery,Monday,2024-11,17877.539999999997
S03,Confectionery,Saturday,2024-11,47840.47999999999
S03,Confectionery,Sunday,2024-11,34928.36
S03,Confectionery,Thursday,2024-11,28125.61
S03,Confectionery,Tuesday,2024-11,21013.809999999994
S03,Confectionery,Wednesday,2024-11,27902.829999999994
S03,Dairy,Friday,2024-11,68825.68
S03,Dairy,Monday,2024-11,43335.80000000001
S03,Dairy,Saturday,2024-11,97181.81999999999
S03,Dairy,Sunday,2024-11,96870.81999999995
S03,Dairy,Thursday,2024-11,56190.12
S03,Dairy,Tuesday,2024-11,25921.08
S03,Dairy,Wednesday,2024-11,52932.6
S03,Edible Oils,Friday,2024-11,133701.75
S03,Edible Oils,Monday,2024-11,75650.71999999999
S03,Edible Oils,Saturday,2024-11,283081.94999999995
S03,Edible Oils,Sunday,2024-11,179908.2200000001
S03,Edible Oils,Thursday,2024-11,98938.85999999999
S03,Edible Oils,Tuesday,2024-11,69625.93000000001
S03,Edible Oils,Wednesday,2024-11,164176.28999999995
S03,Frozen & Ready to Eat,Friday,2024-11,55558.36999999998
S03,Frozen & Ready to Eat,Monday,2024-11,37501.619999999995
S03,Frozen & Ready to Eat,Saturday,2024-11,70372.04000000001
S03,Frozen & Ready to Eat,Sunday,2024-11,39683.61
S03,Frozen & Ready to Eat,Thursday,2024-11,46098.21999999999
S03,Frozen & Ready to Eat,Tuesday,2024-11,30844.36000000001
S03,Frozen & Ready to Eat,Wednesday,2024-11,35203.68999999999
S03,Fruits & Vegetables,Friday,2024-11,27035.029999999995
S03,Fruits & Vegetables,Monday,2024-11,27925.659999999993
S03,Fruits & Vegetables,Saturday,2024-11,43704.990000000005
S03,Fruits & Vegetables,Sunday,2024-11,34775.849999999984
S03,Fruits & Vegetables,Thursday,2024-11,21748.14
S03,Fruits & Vegetables,Tuesday,2024-11,16076.629999999996
S03,Fruits & Vegetables,Wednesday,2024-11,22766.1
S03,Home Care,Friday,2024-11,52955.619999999995
S03,Home Care,Monday,2024-11,35096.47
S03,Home Care,Saturday,2024-11,81167.12999999999
S03,Home Care,Sunday,2024-11,44604.309999999976
S03,Home Care,Thursday,2024-11,42597.529999999984
S03,Home Care,Tuesday,2024-11,26491.830000000005
S03,Home Care,Wednesday,2024-11,35545.82000000001
S03,Personal Care,Friday,2024-11,67324.28999999998
S03,Personal Care,Monday,2024-11,74771.99
S03,Personal Care,Saturday,2024-11,110045.97999999997
S03,Personal Care,Sunday,2024-11,70680.60000000002
S03,Personal Care,Thursday,2024-11,52393.7
S03,Personal Care,Tuesday,2024-11,40192.75999999999
S03,Personal Care,Wednesday,2024-11,54028.59
S03,Spices & Masala,Friday,2024-11,30550.629999999997
S03,Spices & Masala,Monday,2024-11,23830.969999999998
S03,Spices & Masala,Saturday,2024-11,54103.530000000006
S03,Spices & Masala,Sunday,2024-11,36789.81
S03,Spices & Masala,Thursday,2024-11,24678.879999999994
S03,Spices & Masala,Tuesday,2024-11,16356.669999999998
S03,Spices & Masala,Wednesday,2024-11,25801.969999999994
S03,Staples & Grains,Friday,2024-11,210810.79000000007
S03,Staples & Grains,Monday,2024-11,148167.79
S03,Staples & Grains,Saturday,2024-11,265587.72
S03,Staples & Grains,Sunday,2024-11,187115.88999999993
S03,Staples & Grains,Thursday,2024-11,129568.09000000003
S03,Staples & Grains,Tuesday,2024-11,96733.12999999996
S03,Staples & Grains,Wednesday,2024-11,158122.14999999994
S03,Stationery & General,Friday,2024-11,46269.009999999995
S03,Stationery & General,Monday,2024-11,37806.92000000001
S03,Stationery & General,Saturday,2024-11,70395.97
S03,Stationery & General,Sunday,2024-11,41005.920000000006
S03,Stationery & General,Thursday,2024-11,23648.71
S03,Stationery & General,Tuesday,2024-11,36237.000000000015
S03,Stationery & General,Wednesday,2024-11,39231.53000000001
S03,UNKNOWN,Friday,2024-11,-8998.42
S03,UNKNOWN,Monday,2024-11,-5344.310000000001
S03,UNKNOWN,Saturday,2024-11,-15477.669999999993
S03,UNKNOWN,Sunday,2024-11,-7605.139999999999
S03,UNKNOWN,Thursday,2024-11,-11274.79
S03,UNKNOWN,Tuesday,2024-11,-4070.5799999999995
S03,UNKNOWN,Wednesday,2024-11,-5535.359999999999
S03,Baby Care,Friday,2024-12,156514.74
S03,Baby Care,Monday,2024-12,118745.78
S03,Baby Care,Saturday,2024-12,189504.59000000005
S03,Baby Care,Sunday,2024-12,210952.53999999992
S03,Baby Care,Thursday,2024-12,130075.92000000001
S03,Baby Care,Tuesday,2024-12,154921.68000000002
S03,Baby Care,Wednesday,2024-12,91668.34
S03,Bakery,Friday,2024-12,20503.81999999999
S03,Bakery,Monday,2024-12,15081.960000000001
S03,Bakery,Saturday,2024-12,26141.78
S03,Bakery,Sunday,2024-12,37107.27000000002
S03,Bakery,Thursday,2024-12,12701.209999999995
S03,Bakery,Tuesday,2024-12,22823.719999999998
S03,Bakery,Wednesday,2024-12,17499.350000000002
S03,Beverages,Friday,2024-12,47261.460000000014
S03,Beverages,Monday,2024-12,38271.26000000001
S03,Beverages,Saturday,2024-12,59618.07000000001
S03,Beverages,Sunday,2024-12,59396.43000000002
S03,Beverages,Thursday,2024-12,34372.18
S03,Beverages,Tuesday,2024-12,34258.51000000001
S03,Beverages,Wednesday,2024-12,43457.65
S03,Biscuits & Snacks,Friday,2024-12,11310.93
S03,Biscuits & Snacks,Monday,2024-12,7040.929999999999
S03,Biscuits & Snacks,Saturday,2024-12,13541.55
S03,Biscuits & Snacks,Sunday,2024-12,19559.629999999997
S03,Biscuits & Snacks,Thursday,2024-12,6990.729999999999
S03,Biscuits & Snacks,Tuesday,2024-12,12623.950000000003
S03,Biscuits & Snacks,Wednesday,2024-12,11065.290000000005
S03,Confectionery,Friday,2024-12,32293.359999999993
S03,Confectionery,Monday,2024-12,27004.969999999998
S03,Confectionery,Saturday,2024-12,30889.93999999999
S03,Confectionery,Sunday,2024-12,38982.479999999996
S03,Confectionery,Thursday,2024-12,17429.040000000005
S03,Confectionery,Tuesday,2024-12,29100.759999999995
S03,Confectionery,Wednesday,2024-12,23093.320000000007
S03,Dairy,Friday,2024-12,59047.299999999996
S03,Dairy,Monday,2024-12,49736.619999999995
S03,Dairy,Saturday,2024-12,96450.59000000004
S03,Dairy,Sunday,2024-12,95857.44000000003
S03,Dairy,Thursday,2024-12,58348.159999999996
S03,Dairy,Tuesday,2024-12,51262.61999999999
S03,Dairy,Wednesday,2024-12,60642.15000000001
S03,Edible Oils,Friday,2024-12,155272.90999999995
S03,Edible Oils,Monday,2024-12,118847.08999999998
S03,Edible Oils,Saturday,2024-12,182152.2199999999
S03,Edible Oils,Sunday,2024-12,210600.09999999995
S03,Edible Oils,Thursday,2024-12,117666.59000000005
S03,Edible Oils,Tuesday,2024-12,124615.60999999997
S03,Edible Oils,Wednesday,2024-12,114554.96000000002
S03,Frozen & Ready to Eat,Friday,2024-12,48906.31999999999
S03,Frozen & Ready to Eat,Monday,2024-12,36781.330000000016
S03,Frozen & Ready to Eat,Saturday,2024-12,60816.950000000026
S03,Frozen & Ready to Eat,Sunday,2024-12,78410.92000000004
S03,Frozen & Ready to Eat,Thursday,2024-12,46630.34
S03,Frozen & Ready to Eat,Tuesday,2024-12,52283.81000000001
S03,Frozen & Ready to Eat,Wednesday,2024-12,34149.01
S03,Fruits & Vegetables,Friday,2024-12,24587.84999999999
S03,Fruits & Vegetables,Monday,2024-12,21169.389999999992
S03,Fruits & Vegetables,Saturday,2024-12,31845.60999999997
S03,Fruits & Vegetables,Sunday,2024-12,39134.74999999999
S03,Fruits & Vegetables,Thursday,2024-12,15869.330000000007
S03,Fruits & Vegetables,Tuesday,2024-12,24204.089999999997
S03,Fruits & Vegetables,Wednesday,2024-12,30134.459999999992
S03,Home Care,Friday,2024-12,45539.85000000001
S03,Home Care,Monday,2024-12,42092.02999999999
S03,Home Care,Saturday,2024-12,65453.859999999964
S03,Home Care,Sunday,2024-12,81701.82
S03,Home Care,Thursday,2024-12,39498.429999999986
S03,Home Care,Tuesday,2024-12,59833.34999999997
S03,Home Care,Wednesday,2024-12,45760.80999999999
S03,Personal Care,Friday,2024-12,64410.530000000006
S03,Personal Care,Monday,2024-12,61910.65999999999
S03,Personal Care,Saturday,2024-12,72379.79
S03,Personal Care,Sunday,2024-12,87654.24999999997
S03,Personal Care,Thursday,2024-12,55186.850000000006
S03,Personal Care,Tuesday,2024-12,50076.53999999999
S03,Personal Care,Wednesday,2024-12,55980.86000000001
S03,Spices & Masala,Friday,2024-12,38176.01000000001
S03,Spices & Masala,Monday,2024-12,20926.050000000003
S03,Spices & Masala,Saturday,2024-12,48155.02
S03,Spices & Masala,Sunday,2024-12,44970.43999999999
S03,Spices & Masala,Thursday,2024-12,27726.01000000001
S03,Spices & Masala,Tuesday,2024-12,23553.14
S03,Spices & Masala,Wednesday,2024-12,28019.75
S03,Staples & Grains,Friday,2024-12,168049.43000000005
S03,Staples & Grains,Monday,2024-12,80371.26000000002
S03,Staples & Grains,Saturday,2024-12,190306.38
S03,Staples & Grains,Sunday,2024-12,206092.98999999996
S03,Staples & Grains,Thursday,2024-12,134626.21000000002
S03,Staples & Grains,Tuesday,2024-12,170882.69999999995
S03,Staples & Grains,Wednesday,2024-12,186886.03999999998
S03,Stationery & General,Friday,2024-12,49235.92
S03,Stationery & General,Monday,2024-12,31721.660000000003
S03,Stationery & General,Saturday,2024-12,55278.54999999998
S03,Stationery & General,Sunday,2024-12,50011.21
S03,Stationery & General,Thursday,2024-12,30280.640000000007
S03,Stationery & General,Tuesday,2024-12,39610.58
S03,Stationery & General,Wednesday,2024-12,48972.02000000001
S03,UNKNOWN,Friday,2024-12,-7155.709999999998
S03,UNKNOWN,Monday,2024-12,-8752.960000000001
S03,UNKNOWN,Saturday,2024-12,-9655.650000000001
S03,UNKNOWN,Sunday,2024-12,-14781.579999999998
S03,UNKNOWN,Thursday,2024-12,-5976.039999999999
S03,UNKNOWN,Tuesday,2024-12,-5480.870000000001
S03,UNKNOWN,Wednesday,2024-12,-7043.239999999999
S04,Baby Care,Friday,2024-01,59431.29000000001
S04,Baby Care,Monday,2024-01,64470.43000000001
S04,Baby Care,Saturday,2024-01,100664.45
S04,Baby Care,Sunday,2024-01,70548.68
S04,Baby Care,Thursday,2024-01,44938.18
S04,Baby Care,Tuesday,2024-01,55483.439999999995
S04,Baby Care,Wednesday,2024-01,80144.07999999997
S04,Bakery,Friday,2024-01,7229.4800000000005
S04,Bakery,Monday,2024-01,11228.960000000001
S04,Bakery,Saturday,2024-01,13021.27
S04,Bakery,Sunday,2024-01,10838.99
S04,Bakery,Thursday,2024-01,9161.08
S04,Bakery,Tuesday,2024-01,8109.779999999997
S04,Bakery,Wednesday,2024-01,7770.259999999999
S04,Beverages,Friday,2024-01,17522.69
S04,Beverages,Monday,2024-01,14517.060000000001
S04,Beverages,Saturday,2024-01,21601.860000000004
S04,Beverages,Sunday,2024-01,21355.120000000003
S04,Beverages,Thursday,2024-01,11421.529999999999
S04,Beverages,Tuesday,2024-01,13966.199999999999
S04,Beverages,Wednesday,2024-01,13992.78
S04,Biscuits & Snacks,Friday,2024-01,5043.149999999998
S04,Biscuits & Snacks,Monday,2024-01,3790.3799999999997
S04,Biscuits & Snacks,Saturday,2024-01,6932.379999999999
S04,Biscuits & Snacks,Sunday,2024-01,8197.619999999999
S04,Biscuits & Snacks,Thursday,2024-01,5833.699999999998
S04,Biscuits & Snacks,Tuesday,2024-01,4873.429999999999
S04,Biscuits & Snacks,Wednesday,2024-01,6267.519999999998
S04,Confectionery,Friday,2024-01,13972.85
S04,Confectionery,Monday,2024-01,16895.1
S04,Confectionery,Saturday,2024-01,11428.639999999998
S04,Confectionery,Sunday,2024-01,16986.600000000006
S04,Confectionery,Thursday,2024-01,13212.970000000005
S04,Confectionery,Tuesday,2024-01,7512.539999999999
S04,Confectionery,Wednesday,2024-01,8509.15
S04,Dairy,Friday,2024-01,20468.52
S04,Dairy,Monday,2024-01,30408.02000000002
S04,Dairy,Saturday,2024-01,47730.180000000015
S04,Dairy,Sunday,2024-01,35488.15
S04,Dairy,Thursday,2024-01,38424.06999999999
S04,Dairy,Tuesday,2024-01,24001.990000000013
S04,Dairy,Wednesday,2024-01,38757.119999999995
S04,Edible Oils,Friday,2024-01,58156.540000000015
S04,Edible Oils,Monday,2024-01,76434.81999999999
S04,Edible Oils,Saturday,2024-01,103283.34999999998
S04,Edible Oils,Sunday,2024-01,70541.98999999996
S04,Edible Oils,Thursday,2024-01,45509.99000000001
S04,Edible Oils,Tuesday,2024-01,65261.799999999996
S04,Edible Oils,Wednesday,2024-01,54845.53000000001
S04,Frozen & Ready to Eat,Friday,2024-01,23145.590000000007
S04,Frozen & Ready to Eat,Monday,2024-01,25610.850000000002
S04,Frozen & Ready to Eat,Saturday,2024-01,31965.110000000004
S04,Frozen & Ready to Eat,Sunday,2024-01,20893.829999999994
S04,Frozen & Ready to Eat,Thursday,2024-01,18485.210000000003
S04,Frozen & Ready to Eat,Tuesday,2024-01,23663.280000000006
S04,Frozen & Ready to Eat,Wednesday,2024-01,20895.800000000003
S04,Fruits & Vegetables,Friday,2024-01,11703.91
S04,Fruits & Vegetables,Monday,2024-01,7835.749999999999
S04,Fruits & Vegetables,Saturday,2024-01,17894.929999999997
S04,Fruits & Vegetables,Sunday,2024-01,9577.45
S04,Fruits & Vegetables,Thursday,2024-01,11453.409999999998
S04,Fruits & Vegetables,Tuesday,2024-01,9024.21
S04,Fruits & Vegetables,Wednesday,2024-01,8901.899999999998
S04,Home Care,Friday,2024-01,20435.319999999996
S04,Home Care,Monday,2024-01,11526.469999999998
S04,Home Care,Saturday,2024-01,24249.480000000003
S04,Home Care,Sunday,2024-01,19809.540000000005
S04,Home Care,Thursday,2024-01,15126.24
S04,Home Care,Tuesday,2024-01,26981.489999999998
S04,Home Care,Wednesday,2024-01,24848.77
S04,Personal Care,Friday,2024-01,22036.72
S04,Personal Care,Monday,2024-01,19377.97
S04,Personal Care,Saturday,2024-01,25638.530000000006
S04,Personal Care,Sunday,2024-01,41642.20000000001
S04,Personal Care,Thursday,2024-01,23052.280000000002
S04,Personal Care,Tuesday,2024-01,29004.959999999995
S04,Personal Care,Wednesday,2024-01,35912.89
S04,Spices & Masala,Friday,2024-01,14904.640000000003
S04,Spices & Masala,Monday,2024-01,11166.310000000001
S04,Spices & Masala,Saturday,2024-01,13569.689999999997
S04,Spices & Masala,Sunday,2024-01,12061.86
S04,Spices & Masala,Thursday,2024-01,12300.26
S04,Spices & Masala,Tuesday,2024-01,16737.870000000003
S04,Spices & Masala,Wednesday,2024-01,13418.48
S04,Staples & Grains,Friday,2024-01,94639.90999999996
S04,Staples & Grains,Monday,2024-01,77133.88999999998
S04,Staples & Grains,Saturday,2024-01,96600.18
S04,Staples & Grains,Sunday,2024-01,88152.03999999998
S04,Staples & Grains,Thursday,2024-01,93878.22999999997
S04,Staples & Grains,Tuesday,2024-01,58905.33999999999
S04,Staples & Grains,Wednesday,2024-01,69477.82
S04,Stationery & General,Friday,2024-01,16964.84
S04,Stationery & General,Monday,2024-01,10963.189999999999
S04,Stationery & General,Saturday,2024-01,21813.790000000005
S04,Stationery & General,Sunday,2024-01,16614.6
S04,Stationery & General,Thursday,2024-01,28568.109999999997
S04,Stationery & General,Tuesday,2024-01,28202.01
S04,Stationery & General,Wednesday,2024-01,24180.979999999996
S04,UNKNOWN,Friday,2024-01,-2827.97
S04,UNKNOWN,Monday,2024-01,-4368.7
S04,UNKNOWN,Saturday,2024-01,-4147.64
S04,UNKNOWN,Sunday,2024-01,-3368.0399999999995
S04,UNKNOWN,Thursday,2024-01,-5290.69
S04,UNKNOWN,Tuesday,2024-01,-5493.879999999999
S04,UNKNOWN,Wednesday,2024-01,-6204.4299999999985
S04,Baby Care,Friday,2024-02,50397.759999999995
S04,Baby Care,Monday,2024-02,30234.920000000002
S04,Baby Care,Saturday,2024-02,87657.51999999996
S04,Baby Care,Sunday,2024-02,78812.94999999998
S04,Baby Care,Thursday,2024-02,61791.83000000001
S04,Baby Care,Tuesday,2024-02,34189.630000000005
S04,Baby Care,Wednesday,2024-02,49233.609999999986
S04,Bakery,Friday,2024-02,10438.609999999999
S04,Bakery,Monday,2024-02,8857.999999999998
S04,Bakery,Saturday,2024-02,12669.670000000004
S04,Bakery,Sunday,2024-02,10090.630000000001
S04,Bakery,Thursday,2024-02,8503.12
S04,Bakery,Tuesday,2024-02,7034.45
S04,Bakery,Wednesday,2024-02,7604.53
S04,Beverages,Friday,2024-02,21305.800000000003
S04,Beverages,Monday,2024-02,15236.690000000002
S04,Beverages,Saturday,2024-02,26715.160000000007
S04,Beverages,Sunday,2024-02,19719.960000000003
S04,Beverages,Thursday,2024-02,29130.829999999998
S04,Beverages,Tuesday,2024-02,11538.35
S04,Beverages,Wednesday,2024-02,10992.439999999999
S04,Biscuits & Snacks,Friday,2024-02,5657.479999999999
S04,Biscuits & Snacks,Monday,2024-02,3856.8800000000006
S04,Biscuits & Snacks,Saturday,2024-02,8280.679999999997
S04,Biscuits & Snacks,Sunday,2024-02,5792.07
S04,Biscuits & Snacks,Thursday,2024-02,5308.319999999999
S04,Biscuits & Snacks,Tuesday,2024-02,2991.6199999999994
S04,Biscuits & Snacks,Wednesday,2024-02,4672.67
S04,Confectionery,Friday,2024-02,12027.289999999999
S04,Confectionery,Monday,2024-02,7411.149999999999
S04,Confectionery,Saturday,2024-02,17535.870000000006
S04,Confectionery,Sunday,2024-02,11245.779999999997
S04,Confectionery,Thursday,2024-02,11646.039999999999
S04,Confectionery,Tuesday,2024-02,7975.29
S04,Confectionery,Wednesday,2024-02,13408.679999999997
S04,Dairy,Friday,2024-02,36982.52
S04,Dairy,Monday,2024-02,12773.16
S04,Dairy,Saturday,2024-02,38382.53999999999
S04,Dairy,Sunday,2024-02,23214.550000000003
S04,Dairy,Thursday,2024-02,28722.330000000005
S04,Dairy,Tuesday,2024-02,11461.210000000001
S04,Dairy,Wednesday,2024-02,13961.519999999997
S04,Edible Oils,Friday,2024-02,66936.2
S04,Edible Oils,Monday,2024-02,44569.149999999994
S04,Edible Oils,Saturday,2024-02,97580.29
S04,Edible Oils,Sunday,2024-02,68256.93
S04,Edible Oils,Thursday,2024-02,62870.72
S04,Edible Oils,Tuesday,2024-02,28958.550000000003
S04,Edible Oils,Wednesday,2024-02,40515.73999999999
S04,Frozen & Ready to Eat,Friday,2024-02,24719.300000000003
S04,Frozen & Ready to Eat,Monday,2024-02,14715.53
S04,Frozen & Ready to Eat,Saturday,2024-02,29667.610000000008
S04,Frozen & Ready to Eat,Sunday,2024-02,25111.81000000001
S04,Frozen & Ready to Eat,Thursday,2024-02,16058.400000000003
S04,Frozen & Ready to Eat,Tuesday,2024-02,4517.469999999999
S04,Frozen & Ready to Eat,Wednesday,2024-02,18511.979999999996
S04,Fruits & Vegetables,Friday,2024-02,11166.110000000002
S04,Fruits & Vegetables,Monday,2024-02,9670.73
S04,Fruits & Vegetables,Saturday,2024-02,14739.380000000003
S04,Fruits & Vegetables,Sunday,2024-02,9582.209999999997
S04,Fruits & Vegetables,Thursday,2024-02,11367.499999999998
S04,Fruits & Vegetables,Tuesday,2024-02,5527.969999999999
S04,Fruits & Vegetables,Wednesday,2024-02,12586.310000000003
S04,Home Care,Friday,2024-02,24839.09
S04,Home Care,Monday,2024-02,17458.34
S04,Home Care,Saturday,2024-02,32443.22000000001
S04,Home Care,Sunday,2024-02,27030.259999999995
S04,Home Care,Thursday,2024-02,27200.679999999997
S04,Home Care,Tuesday,2024-02,9327.09
S04,Home Care,Wednesday,2024-02,21793.639999999996
S04,Personal Care,Friday,2024-02,21733.020000000004
S04,Personal Care,Monday,2024-02,19544.56
S04,Personal Care,Saturday,2024-02,30476.78000000001
S04,Personal Care,Sunday,2024-02,27654.980000000003
S04,Personal Care,Thursday,2024-02,27787.53
S04,Personal Care,Tuesday,2024-02,7224.430000000002
S04,Personal Care,Wednesday,2024-02,29796.240000000005
S04,Spices & Masala,Friday,2024-02,13772.19
S04,Spices & Masala,Monday,2024-02,6174.619999999999
S04,Spices & Masala,Saturday,2024-02,16853.719999999998
S04,Spices & Masala,Sunday,2024-02,13793.659999999998
S04,Spices & Masala,Thursday,2024-02,20221.569999999996
S04,Spices & Masala,Tuesday,2024-02,10025.78
S04,Spices & Masala,Wednesday,2024-02,14322.42
S04,Staples & Grains,Friday,2024-02,99301.84
S04,Staples & Grains,Monday,2024-02,47938.34000000002
S04,Staples & Grains,Saturday,2024-02,61037.539999999986
S04,Staples & Grains,Sunday,2024-02,76007.46
S04,Staples & Grains,Thursday,2024-02,86960.09
S04,Staples & Grains,Tuesday,2024-02,33159.63000000001
S04,Staples & Grains,Wednesday,2024-02,28931.440000000002
S04,Stationery & General,Friday,2024-02,23039.75000000001
S04,Stationery & General,Monday,2024-02,11315.26
S04,Stationery & General,Saturday,2024-02,28731.72
S04,Stationery & General,Sunday,2024-02,25181.850000000002
S04,Stationery & General,Thursday,2024-02,18028.440000000002
S04,Stationery & General,Tuesday,2024-02,15423.070000000002
S04,Stationery & General,Wednesday,2024-02,16984.15
S04,UNKNOWN,Friday,2024-02,-4567.5
S04,UNKNOWN,Monday,2024-02,-2255.16
S04,UNKNOWN,Saturday,2024-02,-6348.490000000001
S04,UNKNOWN,Sunday,2024-02,-4419.07
S04,UNKNOWN,Thursday,2024-02,-4105.86
S04,UNKNOWN,Tuesday,2024-02,-2691.25
S04,UNKNOWN,Wednesday,2024-02,-2298.4
S04,Baby Care,Friday,2024-03,70324.39
S04,Baby Care,Monday,2024-03,61641.990000000005
S04,Baby Care,Saturday,2024-03,99630.72999999997
S04,Baby Care,Sunday,2024-03,112090.84999999993
S04,Baby Care,Thursday,2024-03,49319.47000000001
S04,Baby Care,Tuesday,2024-03,66541.95999999999
S04,Baby Care,Wednesday,2024-03,39214.27999999999
S04,Bakery,Friday,2024-03,11133.339999999998
S04,Bakery,Monday,2024-03,8220.34
S04,Bakery,Saturday,2024-03,21163.640000000003
S04,Bakery,Sunday,2024-03,13575.060000000001
S04,Bakery,Thursday,2024-03,8621.86
S04,Bakery,Tuesday,2024-03,5660.040000000001
S04,Bakery,Wednesday,2024-03,7404.39
S04,Beverages,Friday,2024-03,25215.430000000008
S04,Beverages,Monday,2024-03,18950.160000000003
S04,Beverages,Saturday,2024-03,34474.369999999995
S04,Beverages,Sunday,2024-03,38974.31000000001
S04,Beverages,Thursday,2024-03,26599.54
S04,Beverages,Tuesday,2024-03,13766.71
S04,Beverages,Wednesday,2024-03,21510.059999999998
S04,Biscuits & Snacks,Friday,2024-03,5735.779999999999
S04,Biscuits & Snacks,Monday,2024-03,5379.23
S04,Biscuits & Snacks,Saturday,2024-03,7950.929999999999
S04,Biscuits & Snacks,Sunday,2024-03,9730.769999999995
S04,Biscuits & Snacks,Thursday,2024-03,5520.789999999999
S04,Biscuits & Snacks,Tuesday,2024-03,3684.9100000000003
S04,Biscuits & Snacks,Wednesday,2024-03,4274.92
S04,Confectionery,Friday,2024-03,16524.12
S04,Confectionery,Monday,2024-03,10923.57
S04,Confectionery,Saturday,2024-03,24987.360000000008
S04,Confectionery,Sunday,2024-03,28253.050000000014
S04,Confectionery,Thursday,2024-03,11011.640000000001
S04,Confectionery,Tuesday,2024-03,11504.890000000001
S04,Confectionery,Wednesday,2024-03,13079.779999999997
S04,Dairy,Friday,2024-03,41198.049999999996
S04,Dairy,Monday,2024-03,28700.600000000006
S04,Dairy,Saturday,2024-03,56777.33
S04,Dairy,Sunday,2024-03,48548.53999999999
S04,Dairy,Thursday,2024-03,19280.31000000001
S04,Dairy,Tuesday,2024-03,21158.439999999995
S04,Dairy,Wednesday,2024-03,34302.96000000001
S04,Edible Oils,Friday,2024-03,92373.45999999998
S04,Edible Oils,Monday,2024-03,65655.29999999999
S04,Edible Oils,Saturday,2024-03,122252.13999999997
S04,Edible Oils,Sunday,2024-03,91194.46000000002
S04,Edible Oils,Thursday,2024-03,66997.73
S04,Edible Oils,Tuesday,2024-03,32363.530000000006
S04,Edible Oils,Wednesday,2024-03,55604.70999999999
S04,Frozen & Ready to Eat,Friday,2024-03,28099.360000000004
S04,Frozen & Ready to Eat,Monday,2024-03,23112.040000000005
S04,Frozen & Ready to Eat,Saturday,2024-03,37424.42
S04,Frozen & Ready to Eat,Sunday,2024-03,38840.21999999999
S04,Frozen & Ready to Eat,Thursday,2024-03,21130.08
S04,Frozen & Ready to Eat,Tuesday,2024-03,14958.84
S04,Frozen & Ready to Eat,Wednesday,2024-03,13663.55
S04,Fruits & Vegetables,Friday,2024-03,18049.01
S04,Fruits & Vegetables,Monday,2024-03,9674.35
S04,Fruits & Vegetables,Saturday,2024-03,18985.880000000005
S04,Fruits & Vegetables,Sunday,2024-03,20202.12
S04,Fruits & Vegetables,Thursday,2024-03,11548.77
S04,Fruits & Vegetables,Tuesday,2024-03,9094.87
S04,Fruits & Vegetables,Wednesday,2024-03,10674.569999999996
S04,Home Care,Friday,2024-03,28462.709999999995
S04,Home Care,Monday,2024-03,13634.650000000001
S04,Home Care,Saturday,2024-03,37982.28999999999
S04,Home Care,Sunday,2024-03,42125.85000000001
S04,Home Care,Thursday,2024-03,21206.600000000002
S04,Home Care,Tuesday,2024-03,19941.029999999995
S04,Home Care,Wednesday,2024-03,17226.070000000003
S04,Personal Care,Friday,2024-03,39979.26999999999
S04,Personal Care,Monday,2024-03,24055.47000000001
S04,Personal Care,Saturday,2024-03,58313.740000000005
S04,Personal Care,Sunday,2024-03,51862.17
S04,Personal Care,Thursday,2024-03,20138.39
S04,Personal Care,Tuesday,2024-03,26898.840000000004
S04,Personal Care,Wednesday,2024-03,23884.88
S04,Spices & Masala,Friday,2024-03,19850.02
S04,Spices & Masala,Monday,2024-03,8298.12
S04,Spices & Masala,Saturday,2024-03,20562.08
S04,Spices & Masala,Sunday,2024-03,28170.43000000001
S04,Spices & Masala,Thursday,2024-03,13234.41
S04,Spices & Masala,Tuesday,2024-03,13705.579999999996
S04,Spices & Masala,Wednesday,2024-03,14320.580000000002
S04,Staples & Grains,Friday,2024-03,75768.35
S04,Staples & Grains,Monday,2024-03,74063.62000000001
S04,Staples & Grains,Saturday,2024-03,140155.15
S04,Staples & Grains,Sunday,2024-03,132372.56999999998
S04,Staples & Grains,Thursday,2024-03,63754.399999999994
S04,Staples & Grains,Tuesday,2024-03,57133.5
S04,Staples & Grains,Wednesday,2024-03,75644.11
S04,Stationery & General,Friday,2024-03,22373.28
S04,Stationery & General,Monday,2024-03,19258.350000000002
S04,Stationery & General,Saturday,2024-03,41176.65000000001
S04,Stationery & General,Sunday,2024-03,44091.31999999999
S04,Stationery & General,Thursday,2024-03,14619.589999999998
S04,Stationery & General,Tuesday,2024-03,8230.14
S04,Stationery & General,Wednesday,2024-03,15044.289999999997
S04,UNKNOWN,Friday,2024-03,-5108.169999999998
S04,UNKNOWN,Monday,2024-03,-4128.52
S04,UNKNOWN,Saturday,2024-03,-6279.68
S04,UNKNOWN,Sunday,2024-03,-6985.830000000002
S04,UNKNOWN,Thursday,2024-03,-5170.12
S04,UNKNOWN,Tuesday,2024-03,-2681.38
S04,UNKNOWN,Wednesday,2024-03,-2271.7200000000003
S04,Baby Care,Friday,2024-04,75084.48999999999
S04,Baby Care,Monday,2024-04,54336.51999999999
S04,Baby Care,Saturday,2024-04,73412.50999999998
S04,Baby Care,Sunday,2024-04,81852.62999999999
S04,Baby Care,Thursday,2024-04,56303.47
S04,Baby Care,Tuesday,2024-04,57615.66999999999
S04,Baby Care,Wednesday,2024-04,65985.11999999997
S04,Bakery,Friday,2024-04,13394.800000000001
S04,Bakery,Monday,2024-04,6524.670000000001
S04,Bakery,Saturday,2024-04,17326.949999999997
S04,Bakery,Sunday,2024-04,11114.400000000001
S04,Bakery,Thursday,2024-04,6428.96
S04,Bakery,Tuesday,2024-04,6700.789999999998
S04,Bakery,Wednesday,2024-04,6249.469999999999
S04,Beverages,Friday,2024-04,22648.950000000008
S04,Beverages,Monday,2024-04,14141.590000000002
S04,Beverages,Saturday,2024-04,26909.72000000001
S04,Beverages,Sunday,2024-04,27862.490000000005
S04,Beverages,Thursday,2024-04,22030.73
S04,Beverages,Tuesday,2024-04,12822.71
S04,Beverages,Wednesday,2024-04,13955.079999999998
S04,Biscuits & Snacks,Friday,2024-04,5363.68
S04,Biscuits & Snacks,Monday,2024-04,4010.1100000000006
S04,Biscuits & Snacks,Saturday,2024-04,8838.939999999997
S04,Biscuits & Snacks,Sunday,2024-04,6422.180000000002
S04,Biscuits & Snacks,Thursday,2024-04,6331.59
S04,Biscuits & Snacks,Tuesday,2024-04,3492.2999999999997
S04,Biscuits & Snacks,Wednesday,2024-04,4380.639999999999
S04,Confectionery,Friday,2024-04,11193.310000000001
S04,Confectionery,Monday,2024-04,9403.960000000001
S04,Confectionery,Saturday,2024-04,19021.6
S04,Confectionery,Sunday,2024-04,10899.879999999996
S04,Confectionery,Thursday,2024-04,7588.449999999998
S04,Confectionery,Tuesday,2024-04,13902.320000000002
S04,Confectionery,Wednesday,2024-04,9389.96
S04,Dairy,Friday,2024-04,40683.69
S04,Dairy,Monday,2024-04,35230.86000000001
S04,Dairy,Saturday,2024-04,55859.729999999996
S04,Dairy,Sunday,2024-04,34554.909999999996
S04,Dairy,Thursday,2024-04,23172.689999999995
S04,Dairy,Tuesday,2024-04,31011.699999999997
S04,Dairy,Wednesday,2024-04,18436.62
S04,Edible Oils,Friday,2024-04,73118.61000000002
S04,Edible Oils,Monday,2024-04,71474.7
S04,Edible Oils,Saturday,2024-04,96021.96
S04,Edible Oils,Sunday,2024-04,80959.11
S04,Edible Oils,Thursday,2024-04,64333.51999999999
S04,Edible Oils,Tuesday,2024-04,56860.55
S04,Edible Oils,Wednesday,2024-04,40951.56000000001
S04,Frozen & Ready to Eat,Friday,2024-04,21759.279999999988
S04,Frozen & Ready to Eat,Monday,2024-04,23084.140000000007
S04,Frozen & Ready to Eat,Saturday,2024-04,34255.11000000001
S04,Frozen & Ready to Eat,Sunday,2024-04,27629.889999999996
S04,Frozen & Ready to Eat,Thursday,2024-04,18982.839999999993
S04,Frozen & Ready to Eat,Tuesday,2024-04,24637.450000000004
S04,Frozen & Ready to Eat,Wednesday,2024-04,21785.99
S04,Fruits & Vegetables,Friday,2024-04,11588.999999999998
S04,Fruits & Vegetables,Monday,2024-04,16981.63
S04,Fruits & Vegetables,Saturday,2024-04,15109.070000000002
S04,Fruits & Vegetables,Sunday,2024-04,14303.290000000003
S04,Fruits & Vegetables,Thursday,2024-04,9744.529999999997
S04,Fruits & Vegetables,Tuesday,2024-04,8479.76
S04,Fruits & Vegetables,Wednesday,2024-04,9501.18
S04,Home Care,Friday,2024-04,31031.26
S04,Home Care,Monday,2024-04,19840.16
S04,Home Care,Saturday,2024-04,24624.79
S04,Home Care,Sunday,2024-04,29639.989999999998
S04,Home Care,Thursday,2024-04,11956.880000000001
S04,Home Care,Tuesday,2024-04,17093.249999999996
S04,Home Care,Wednesday,2024-04,16826.889999999996
S04,Personal Care,Friday,2024-04,39985.63999999999
S04,Personal Care,Monday,2024-04,23156.55
S04,Personal Care,Saturday,2024-04,35659.03
S04,Personal Care,Sunday,2024-04,42470.81999999999
S04,Personal Care,Thursday,2024-04,19171.41
S04,Personal Care,Tuesday,2024-04,26892.590000000004
S04,Personal Care,Wednesday,2024-04,23819.970000000005
S04,Spices & Masala,Friday,2024-04,15126.929999999997
S04,Spices & Masala,Monday,2024-04,15502.079999999996
S04,Spices & Masala,Saturday,2024-04,19577.499999999996
S04,Spices & Masala,Sunday,2024-04,18084.850000000006
S04,Spices & Masala,Thursday,2024-04,15896.63
S04,Spices & Masala,Tuesday,2024-04,11843.44
S04,Spices & Masala,Wednesday,2024-04,12194.08
S04,Staples & Grains,Friday,2024-04,67223.04
S04,Staples & Grains,Monday,2024-04,62922.009999999995
S04,Staples & Grains,Saturday,2024-04,120594.56999999999
S04,Staples & Grains,Sunday,2024-04,86219.09999999999
S04,Staples & Grains,Thursday,2024-04,80202.79000000001
S04,Staples & Grains,Tuesday,2024-04,44639.55999999999
S04,Staples & Grains,Wednesday,2024-04,39174.72000000001
S04,Stationery & General,Friday,2024-04,21704.210000000003
S04,Stationery & General,Monday,2024-04,20025.9
S04,Stationery & General,Saturday,2024-04,34327.990000000005
S04,Stationery & General,Sunday,2024-04,22284.189999999995
S04,Stationery & General,Thursday,2024-04,17468.000000000004
S04,Stationery & General,Tuesday,2024-04,11703.589999999998
S04,Stationery & General,Wednesday,2024-04,18614.890000000003
S04,UNKNOWN,Friday,2024-04,-3540.0999999999995
S04,UNKNOWN,Monday,2024-04,-3103.1
S04,UNKNOWN,Saturday,2024-04,-6291.429999999999
S04,UNKNOWN,Sunday,2024-04,-5467.219999999999
S04,UNKNOWN,Thursday,2024-04,-5845.929999999999
S04,UNKNOWN,Tuesday,2024-04,-4533.08
S04,UNKNOWN,Wednesday,2024-04,-3975.13
S04,Baby Care,Friday,2024-05,95124.63999999997
S04,Baby Care,Monday,2024-05,64728.44000000001
S04,Baby Care,Saturday,2024-05,126399.95999999995
S04,Baby Care,Sunday,2024-05,97592.18999999997
S04,Baby Care,Thursday,2024-05,107392.62999999996
S04,Baby Care,Tuesday,2024-05,64911.270000000004
S04,Baby Care,Wednesday,2024-05,95068.88999999997
S04,Bakery,Friday,2024-05,18779.530000000006
S04,Bakery,Monday,2024-05,9494.390000000001
S04,Bakery,Saturday,2024-05,13127.999999999995
S04,Bakery,Sunday,2024-05,12160.990000000002
S04,Bakery,Thursday,2024-05,11668.919999999998
S04,Bakery,Tuesday,2024-05,7528.430000000002
S04,Bakery,Wednesday,2024-05,10528.269999999999
S04,Beverages,Friday,2024-05,36861.64000000001
S04,Beverages,Monday,2024-05,25741.42
S04,Beverages,Saturday,2024-05,21666.810000000005
S04,Beverages,Sunday,2024-05,23631.490000000005
S04,Beverages,Thursday,2024-05,25810.090000000004
S04,Beverages,Tuesday,2024-05,17715.59
S04,Beverages,Wednesday,2024-05,21064.530000000006
S04,Biscuits & Snacks,Friday,2024-05,9709.53
S04,Biscuits & Snacks,Monday,2024-05,4894.879999999999
S04,Biscuits & Snacks,Saturday,2024-05,10514.600000000002
S04,Biscuits & Snacks,Sunday,2024-05,8439.830000000002
S04,Biscuits & Snacks,Thursday,2024-05,7733.029999999997
S04,Biscuits & Snacks,Tuesday,2024-05,7033.919999999999
S04,Biscuits & Snacks,Wednesday,2024-05,6767.190000000002
S04,Confectionery,Friday,2024-05,21170.000000000004
S04,Confectionery,Monday,2024-05,11060.589999999993
S04,Confectionery,Saturday,2024-05,17633.15
S04,Confectionery,Sunday,2024-05,15523.159999999998
S04,Confectionery,Thursday,2024-05,20326.690000000002
S04,Confectionery,Tuesday,2024-05,12885.079999999998
S04,Confectionery,Wednesday,2024-05,11216.740000000002
S04,Dairy,Friday,2024-05,39273.359999999986
S04,Dairy,Monday,2024-05,30418.999999999996
S04,Dairy,Saturday,2024-05,53037.769999999975
S04,Dairy,Sunday,2024-05,38131.78999999999
S04,Dairy,Thursday,2024-05,32291.500000000007
S04,Dairy,Tuesday,2024-05,34792.35
S04,Dairy,Wednesday,2024-05,29171.869999999995
S04,Edible Oils,Friday,2024-05,115149.83999999995
S04,Edible Oils,Monday,2024-05,37257.66
S04,Edible Oils,Saturday,2024-05,100172.10999999994
S04,Edible Oils,Sunday,2024-05,83769.45000000001
S04,Edible Oils,Thursday,2024-05,66086.46999999999
S04,Edible Oils,Tuesday,2024-05,61346.189999999966
S04,Edible Oils,Wednesday,2024-05,55809.85999999999
S04,Frozen & Ready to Eat,Friday,2024-05,32062.46
S04,Frozen & Ready to Eat,Monday,2024-05,23386.3
S04,Frozen & Ready to Eat,Saturday,2024-05,34741.409999999996
S04,Frozen & Ready to Eat,Sunday,2024-05,24774.219999999998
S04,Frozen & Ready to Eat,Thursday,2024-05,35402.229999999996
S04,Frozen & Ready to Eat,Tuesday,2024-05,11488.92
S04,Frozen & Ready to Eat,Wednesday,2024-05,20735.30000000001
S04,Fruits & Vegetables,Friday,2024-05,22424.67
S04,Fruits & Vegetables,Monday,2024-05,4949.36
S04,Fruits & Vegetables,Saturday,2024-05,23309.679999999997
S04,Fruits & Vegetables,Sunday,2024-05,15472.65
S04,Fruits & Vegetables,Thursday,2024-05,14535.439999999999
S04,Fruits & Vegetables,Tuesday,2024-05,10907.460000000003
S04,Fruits & Vegetables,Wednesday,2024-05,11321.979999999998
S04,Home Care,Friday,2024-05,38782.13999999999
S04,Home Care,Monday,2024-05,18747.62
S04,Home Care,Saturday,2024-05,26523.349999999995
S04,Home Care,Sunday,2024-05,31621.82000000001
S04,Home Care,Thursday,2024-05,29270.15
S04,Home Care,Tuesday,2024-05,14108.45
S04,Home Care,Wednesday,2024-05,18247.649999999998
S04,Personal Care,Friday,2024-05,36958.25
S04,Personal Care,Monday,2024-05,20045.9
S04,Personal Care,Saturday,2024-05,50661.95999999999
S04,Personal Care,Sunday,2024-05,34911.13999999999
S04,Personal Care,Thursday,2024-05,44895.02
S04,Personal Care,Tuesday,2024-05,19997.620000000003
S04,Personal Care,Wednesday,2024-05,35631.100000000006
S04,Spices & Masala,Friday,2024-05,19087.820000000007
S04,Spices & Masala,Monday,2024-05,12956.43
S04,Spices & Masala,Saturday,2024-05,29177.620000000003
S04,Spices & Masala,Sunday,2024-05,24365.780000000006
S04,Spices & Masala,Thursday,2024-05,19016.51
S04,Spices & Masala,Tuesday,2024-05,10360.130000000001
S04,Spices & Masala,Wednesday,2024-05,19279.82
S04,Staples & Grains,Friday,2024-05,135398.35999999996
S04,Staples & Grains,Monday,2024-05,80525.20999999999
S04,Staples & Grains,Saturday,2024-05,126750.39999999998
S04,Staples & Grains,Sunday,2024-05,100639.09
S04,Staples & Grains,Thursday,2024-05,100444.50000000003
S04,Staples & Grains,Tuesday,2024-05,76852.26000000002
S04,Staples & Grains,Wednesday,2024-05,50593.54
S04,Stationery & General,Friday,2024-05,23756.35
S04,Stationery & General,Monday,2024-05,14291.819999999998
S04,Stationery & General,Saturday,2024-05,27941.18
S04,Stationery & General,Sunday,2024-05,23200.51
S04,Stationery & General,Thursday,2024-05,27971.229999999992
S04,Stationery & General,Tuesday,2024-05,15662.699999999999
S04,Stationery & General,Wednesday,2024-05,26575.28
S04,UNKNOWN,Friday,2024-05,-3721.7099999999987
S04,UNKNOWN,Monday,2024-05,-4326.2
S04,UNKNOWN,Saturday,2024-05,-6607.28
S04,UNKNOWN,Sunday,2024-05,-5246.47
S04,UNKNOWN,Thursday,2024-05,-4430.57
S04,UNKNOWN,Tuesday,2024-05,-5536.16
S04,UNKNOWN,Wednesday,2024-05,-3550.2
S04,Baby Care,Friday,2024-06,72515.64999999998
S04,Baby Care,Monday,2024-06,49939.36
S04,Baby Care,Saturday,2024-06,101593.07999999996
S04,Baby Care,Sunday,2024-06,105786.85999999997
S04,Baby Care,Thursday,2024-06,55607.880000000005
S04,Baby Care,Tuesday,2024-06,42098.92
S04,Baby Care,Wednesday,2024-06,61167.850000000006
S04,Bakery,Friday,2024-06,12618.689999999997
S04,Bakery,Monday,2024-06,8507.39
S04,Bakery,Saturday,2024-06,17242.89
S04,Bakery,Sunday,2024-06,16474.339999999997
S04,Bakery,Thursday,2024-06,9538.03
S04,Bakery,Tuesday,2024-06,6516.58
S04,Bakery,Wednesday,2024-06,7824.950000000001
S04,Beverages,Friday,2024-06,18019.199999999997
S04,Beverages,Monday,2024-06,23147.569999999996
S04,Beverages,Saturday,2024-06,39039.22000000001
S04,Beverages,Sunday,2024-06,24454.96000000001
S04,Beverages,Thursday,2024-06,15556.500000000002
S04,Beverages,Tuesday,2024-06,18253.399999999998
S04,Beverages,Wednesday,2024-06,20824.020000000004
S04,Biscuits & Snacks,Friday,2024-06,4560.659999999998
S04,Biscuits & Snacks,Monday,2024-06,4435.99
S04,Biscuits & Snacks,Saturday,2024-06,10223.410000000003
S04,Biscuits & Snacks,Sunday,2024-06,9047.750000000004
S04,Biscuits & Snacks,Thursday,2024-06,5579.009999999999
S04,Biscuits & Snacks,Tuesday,2024-06,5164.320000000001
S04,Biscuits & Snacks,Wednesday,2024-06,5606.56
S04,Confectionery,Friday,2024-06,16157.080000000005
S04,Confectionery,Monday,2024-06,10602.64
S04,Confectionery,Saturday,2024-06,14451.69
S04,Confectionery,Sunday,2024-06,19728.740000000005
S04,Confectionery,Thursday,2024-06,7614.28
S04,Confectionery,Tuesday,2024-06,14354.18
S04,Confectionery,Wednesday,2024-06,18293.490000000005
S04,Dairy,Friday,2024-06,41182.84
S04,Dairy,Monday,2024-06,23292.41
S04,Dairy,Saturday,2024-06,61976.93
S04,Dairy,Sunday,2024-06,38014.06999999999
S04,Dairy,Thursday,2024-06,15368.059999999996
S04,Dairy,Tuesday,2024-06,23761.940000000006
S04,Dairy,Wednesday,2024-06,36533.75999999999
S04,Edible Oils,Friday,2024-06,80437.83
S04,Edible Oils,Monday,2024-06,34417.39
S04,Edible Oils,Saturday,2024-06,119103.37
S04,Edible Oils,Sunday,2024-06,93013.87999999998
S04,Edible Oils,Thursday,2024-06,46166.2
S04,Edible Oils,Tuesday,2024-06,34776.98
S04,Edible Oils,Wednesday,2024-06,59096.49000000002
S04,Frozen & Ready to Eat,Friday,2024-06,22676.13
S04,Frozen & Ready to Eat,Monday,2024-06,16595.599999999995
S04,Frozen & Ready to Eat,Saturday,2024-06,48851.679999999986
S04,Frozen & Ready to Eat,Sunday,2024-06,28414.790000000008
S04,Frozen & Ready to Eat,Thursday,2024-06,25137.240000000005
S04,Frozen & Ready to Eat,Tuesday,2024-06,15237.1
S04,Frozen & Ready to Eat,Wednesday,2024-06,22424.350000000006
S04,Fruits & Vegetables,Friday,2024-06,15248.319999999998
S04,Fruits & Vegetables,Monday,2024-06,10113.880000000001
S04,Fruits & Vegetables,Saturday,2024-06,15195.29
S04,Fruits & Vegetables,Sunday,2024-06,14115.829999999996
S04,Fruits & Vegetables,Thursday,2024-06,11901.220000000003
S04,Fruits & Vegetables,Tuesday,2024-06,4212.08
S04,Fruits & Vegetables,Wednesday,2024-06,6161.149999999999
S04,Home Care,Friday,2024-06,35712.48999999999
S04,Home Care,Monday,2024-06,13266.649999999996
S04,Home Care,Saturday,2024-06,35858.060000000005
S04,Home Care,Sunday,2024-06,32909.159999999996
S04,Home Care,Thursday,2024-06,15402.770000000002
S04,Home Care,Tuesday,2024-06,13662.71
S04,Home Care,Wednesday,2024-06,12967.31
S04,Personal Care,Friday,2024-06,19747.410000000003
S04,Personal Care,Monday,2024-06,22288.3
S04,Personal Care,Saturday,2024-06,56473.89
S04,Personal Care,Sunday,2024-06,46512.819999999985
S04,Personal Care,Thursday,2024-06,40018.38
S04,Personal Care,Tuesday,2024-06,28941.220000000005
S04,Personal Care,Wednesday,2024-06,19152.31
S04,Spices & Masala,Friday,2024-06,18984.480000000003
S04,Spices & Masala,Monday,2024-06,12737.69
S04,Spices & Masala,Saturday,2024-06,28001.600000000002
S04,Spices & Masala,Sunday,2024-06,15369.769999999997
S04,Spices & Masala,Thursday,2024-06,18054.630000000005
S04,Spices & Masala,Tuesday,2024-06,8279.37
S04,Spices & Masala,Wednesday,2024-06,14642.85
S04,Staples & Grains,Friday,2024-06,81067.42999999998
S04,Staples & Grains,Monday,2024-06,46103.630000000005
S04,Staples & Grains,Saturday,2024-06,107905.21999999999
S04,Staples & Grains,Sunday,2024-06,102534.66000000002
S04,Staples & Grains,Thursday,2024-06,85266.22
S04,Staples & Grains,Tuesday,2024-06,53289.15999999999
S04,Staples & Grains,Wednesday,2024-06,46077.81
S04,Stationery & General,Friday,2024-06,16760.02
S04,Stationery & General,Monday,2024-06,15000.410000000002
S04,Stationery & General,Saturday,2024-06,32373.97000000001
S04,Stationery & General,Sunday,2024-06,26854.000000000007
S04,Stationery & General,Thursday,2024-06,21878.86
S04,Stationery & General,Tuesday,2024-06,22698.720000000005
S04,Stationery & General,Wednesday,2024-06,18807.01
S04,UNKNOWN,Friday,2024-06,-5609.200000000001
S04,UNKNOWN,Monday,2024-06,-3093.8199999999997
S04,UNKNOWN,Saturday,2024-06,-6664.89
S04,UNKNOWN,Sunday,2024-06,-5417.800000000001
S04,UNKNOWN,Thursday,2024-06,-3902.48
S04,UNKNOWN,Tuesday,2024-06,-3844.1299999999997
S04,UNKNOWN,Wednesday,2024-06,-2965.9900000000002
S04,Baby Care,Friday,2024-07,81126.10999999999
S04,Baby Care,Monday,2024-07,61257.44
S04,Baby Care,Saturday,2024-07,126771.38
S04,Baby Care,Sunday,2024-07,77218.35999999999
S04,Baby Care,Thursday,2024-07,67390.76999999999
S04,Baby Care,Tuesday,2024-07,98623.79000000001
S04,Baby Care,Wednesday,2024-07,61786.18000000001
S04,Bakery,Friday,2024-07,9920.090000000004
S04,Bakery,Monday,2024-07,5920.550000000001
S04,Bakery,Saturday,2024-07,15398.439999999999
S04,Bakery,Sunday,2024-07,15850.479999999996
S04,Bakery,Thursday,2024-07,9474.660000000002
S04,Bakery,Tuesday,2024-07,11183.84
S04,Bakery,Wednesday,2024-07,8875.99
S04,Beverages,Friday,2024-07,18779.870000000003
S04,Beverages,Monday,2024-07,17399.21
S04,Beverages,Saturday,2024-07,28548.55
S04,Beverages,Sunday,2024-07,27058.009999999995
S04,Beverages,Thursday,2024-07,21859.64
S04,Beverages,Tuesday,2024-07,19292.589999999997
S04,Beverages,Wednesday,2024-07,27022.82
S04,Biscuits & Snacks,Friday,2024-07,2620.5199999999995
S04,Biscuits & Snacks,Monday,2024-07,5134.61
S04,Biscuits & Snacks,Saturday,2024-07,7564.75
S04,Biscuits & Snacks,Sunday,2024-07,12634.189999999999
S04,Biscuits & Snacks,Thursday,2024-07,5851.530000000001
S04,Biscuits & Snacks,Tuesday,2024-07,7620.799999999999
S04,Biscuits & Snacks,Wednesday,2024-07,5995.23
S04,Confectionery,Friday,2024-07,17157.72
S04,Confectionery,Monday,2024-07,15693.359999999997
S04,Confectionery,Saturday,2024-07,24387.349999999995
S04,Confectionery,Sunday,2024-07,14457.05
S04,Confectionery,Thursday,2024-07,10916.630000000001
S04,Confectionery,Tuesday,2024-07,14508.77
S04,Confectionery,Wednesday,2024-07,17885.760000000006
S04,Dairy,Friday,2024-07,25386.55
S04,Dairy,Monday,2024-07,35914.67
S04,Dairy,Saturday,2024-07,44127.62000000001
S04,Dairy,Sunday,2024-07,57659.18
S04,Dairy,Thursday,2024-07,34204.37
S04,Dairy,Tuesday,2024-07,32335.960000000003
S04,Dairy,Wednesday,2024-07,27061.879999999997
S04,Edible Oils,Friday,2024-07,61467.03999999999
S04,Edible Oils,Monday,2024-07,74212.51999999999
S04,Edible Oils,Saturday,2024-07,97170.10999999999
S04,Edible Oils,Sunday,2024-07,78904.99
S04,Edible Oils,Thursday,2024-07,76781.24
S04,Edible Oils,Tuesday,2024-07,84995.84
S04,Edible Oils,Wednesday,2024-07,57608.55
S04,Frozen & Ready to Eat,Friday,2024-07,27601.2
S04,Frozen & Ready to Eat,Monday,2024-07,23652.28
S04,Frozen & Ready to Eat,Saturday,2024-07,32173.840000000004
S04,Frozen & Ready to Eat,Sunday,2024-07,27947.46
S04,Frozen & Ready to Eat,Thursday,2024-07,17008.189999999995
S04,Frozen & Ready to Eat,Tuesday,2024-07,26987.690000000002
S04,Frozen & Ready to Eat,Wednesday,2024-07,20919.229999999996
S04,Fruits & Vegetables,Friday,2024-07,11670.49
S04,Fruits & Vegetables,Monday,2024-07,8874.18
S04,Fruits & Vegetables,Saturday,2024-07,21171.1
S04,Fruits & Vegetables,Sunday,2024-07,14747.060000000001
S04,Fruits & Vegetables,Thursday,2024-07,9220.57
S04,Fruits & Vegetables,Tuesday,2024-07,14783.64
S04,Fruits & Vegetables,Wednesday,2024-07,9690.72
S04,Home Care,Friday,2024-07,15503.330000000002
S04,Home Care,Monday,2024-07,19119.999999999996
S04,Home Care,Saturday,2024-07,41778.72
S04,Home Care,Sunday,2024-07,35417.8
S04,Home Care,Thursday,2024-07,17050.64
S04,Home Care,Tuesday,2024-07,18142.519999999997
S04,Home Care,Wednesday,2024-07,15779.23
S04,Personal Care,Friday,2024-07,24260.790000000005
S04,Personal Care,Monday,2024-07,22134.12
S04,Personal Care,Saturday,2024-07,28542.170000000006
S04,Personal Care,Sunday,2024-07,44140.78
S04,Personal Care,Thursday,2024-07,23132.699999999997
S04,Personal Care,Tuesday,2024-07,30778.04
S04,Personal Care,Wednesday,2024-07,33998.95
S04,Spices & Masala,Friday,2024-07,11463.390000000001
S04,Spices & Masala,Monday,2024-07,16680.18
S04,Spices & Masala,Saturday,2024-07,19615.510000000002
S04,Spices & Masala,Sunday,2024-07,15791.349999999999
S04,Spices & Masala,Thursday,2024-07,14154.289999999999
S04,Spices & Masala,Tuesday,2024-07,18976.65
S04,Spices & Masala,Wednesday,2024-07,13522.46
S04,Staples & Grains,Friday,2024-07,95093.22000000003
S04,Staples & Grains,Monday,2024-07,56595.73999999999
S04,Staples & Grains,Saturday,2024-07,114684.07
S04,Staples & Grains,Sunday,2024-07,86666.71000000002
S04,Staples & Grains,Thursday,2024-07,81600.26999999999
S04,Staples & Grains,Tuesday,2024-07,81902.42000000001
S04,Staples & Grains,Wednesday,2024-07,83829.04999999999
S04,Stationery & General,Friday,2024-07,19411.539999999994
S04,Stationery & General,Monday,2024-07,20872.579999999994
S04,Stationery & General,Saturday,2024-07,36282.61
S04,Stationery & General,Sunday,2024-07,33515.48000000001
S04,Stationery & General,Thursday,2024-07,18275.1
S04,Stationery & General,Tuesday,2024-07,16394.980000000003
S04,Stationery & General,Wednesday,2024-07,26179.89
S04,UNKNOWN,Friday,2024-07,-3084.62
S04,UNKNOWN,Monday,2024-07,-3918.1499999999996
S04,UNKNOWN,Saturday,2024-07,-7373.740000000001
S04,UNKNOWN,Sunday,2024-07,-7117.92
S04,UNKNOWN,Thursday,2024-07,-3640.4799999999996
S04,UNKNOWN,Tuesday,2024-07,-5024.130000000001
S04,UNKNOWN,Wednesday,2024-07,-4641.1
S04,Baby Care,Friday,2024-08,118992.08000000002
S04,Baby Care,Monday,2024-08,47281.360000000015
S04,Baby Care,Saturday,2024-08,117434.41000000003
S04,Baby Care,Sunday,2024-08,97515.69
S04,Baby Care,Thursday,2024-08,68787.18000000001
S04,Baby Care,Tuesday,2024-08,61624.70999999999
S04,Baby Care,Wednesday,2024-08,60215.24000000002
S04,Bakery,Friday,2024-08,11642.799999999997
S04,Bakery,Monday,2024-08,7638.660000000001
S04,Bakery,Saturday,2024-08,25587.309999999994
S04,Bakery,Sunday,2024-08,19500.22000000001
S04,Bakery,Thursday,2024-08,12115.919999999998
S04,Bakery,Tuesday,2024-08,8285.830000000002
S04,Bakery,Wednesday,2024-08,10848.58
S04,Beverages,Friday,2024-08,28851.649999999994
S04,Beverages,Monday,2024-08,18288.500000000007
S04,Beverages,Saturday,2024-08,36221.549999999996
S04,Beverages,Sunday,2024-08,28255.88000000002
S04,Beverages,Thursday,2024-08,27502.720000000005
S04,Beverages,Tuesday,2024-08,13412.730000000001
S04,Beverages,Wednesday,2024-08,20472.399999999998
S04,Biscuits & Snacks,Friday,2024-08,8088.419999999997
S04,Biscuits & Snacks,Monday,2024-08,4964.129999999999
S04,Biscuits & Snacks,Saturday,2024-08,13534.029999999999
S04,Biscuits & Snacks,Sunday,2024-08,7344.689999999998
S04,Biscuits & Snacks,Thursday,2024-08,4815.83
S04,Biscuits & Snacks,Tuesday,2024-08,4774.1399999999985
S04,Biscuits & Snacks,Wednesday,2024-08,7868.670000000001
S04,Confectionery,Friday,2024-08,19132.359999999997
S04,Confectionery,Monday,2024-08,12582.570000000003
S04,Confectionery,Saturday,2024-08,22487.01
S04,Confectionery,Sunday,2024-08,17889.61
S04,Confectionery,Thursday,2024-08,15706.150000000003
S04,Confectionery,Tuesday,2024-08,5204.95
S04,Confectionery,Wednesday,2024-08,11599.7
S04,Dairy,Friday,2024-08,35772.85999999999
S04,Dairy,Monday,2024-08,32386.979999999996
S04,Dairy,Saturday,2024-08,68745.77999999998
S04,Dairy,Sunday,2024-08,28858.889999999992
S04,Dairy,Thursday,2024-08,25763.08000000001
S04,Dairy,Tuesday,2024-08,18055.25
S04,Dairy,Wednesday,2024-08,28612.640000000003
S04,Edible Oils,Friday,2024-08,66289.82
S04,Edible Oils,Monday,2024-08,68143.15999999999
S04,Edible Oils,Saturday,2024-08,121417.11
S04,Edible Oils,Sunday,2024-08,85208.87999999995
S04,Edible Oils,Thursday,2024-08,79500.46999999999
S04,Edible Oils,Tuesday,2024-08,58602.490000000005
S04,Edible Oils,Wednesday,2024-08,64303.53000000001
S04,Frozen & Ready to Eat,Friday,2024-08,28962.379999999994
S04,Frozen & Ready to Eat,Monday,2024-08,19482.7
S04,Frozen & Ready to Eat,Saturday,2024-08,36919.46999999998
S04,Frozen & Ready to Eat,Sunday,2024-08,33656.799999999996
S04,Frozen & Ready to Eat,Thursday,2024-08,29377.890000000007
S04,Frozen & Ready to Eat,Tuesday,2024-08,21866.050000000007
S04,Frozen & Ready to Eat,Wednesday,2024-08,22899.500000000004
S04,Fruits & Vegetables,Friday,2024-08,12571.929999999995
S04,Fruits & Vegetables,Monday,2024-08,9742.779999999995
S04,Fruits & Vegetables,Saturday,2024-08,20889.429999999993
S04,Fruits & Vegetables,Sunday,2024-08,22657.99
S04,Fruits & Vegetables,Thursday,2024-08,12173.61
S04,Fruits & Vegetables,Tuesday,2024-08,8656.7
S04,Fruits & Vegetables,Wednesday,2024-08,14127.41
S04,Home Care,Friday,2024-08,31103.2
S04,Home Care,Monday,2024-08,24247.549999999996
S04,Home Care,Saturday,2024-08,33629.02999999999
S04,Home Care,Sunday,2024-08,29386.610000000008
S04,Home Care,Thursday,2024-08,33823.86
S04,Home Care,Tuesday,2024-08,11787.410000000002
S04,Home Care,Wednesday,2024-08,21226.360000000004
S04,Personal Care,Friday,2024-08,32607.890000000003
S04,Personal Care,Monday,2024-08,15332.840000000004
S04,Personal Care,Saturday,2024-08,63856.639999999985
S04,Personal Care,Sunday,2024-08,33802.939999999995
S04,Personal Care,Thursday,2024-08,28115.54
S04,Personal Care,Tuesday,2024-08,21663.139999999996
S04,Personal Care,Wednesday,2024-08,32383.589999999997
S04,Spices & Masala,Friday,2024-08,16004.689999999997
S04,Spices & Masala,Monday,2024-08,15134.109999999999
S04,Spices & Masala,Saturday,2024-08,30054.090000000007
S04,Spices & Masala,Sunday,2024-08,23737.63
S04,Spices & Masala,Thursday,2024-08,16949.379999999994
S04,Spices & Masala,Tuesday,2024-08,12423.449999999999
S04,Spices & Masala,Wednesday,2024-08,12677.269999999999
S04,Staples & Grains,Friday,2024-08,113796.96
S04,Staples & Grains,Monday,2024-08,67443.52999999998
S04,Staples & Grains,Saturday,2024-08,151957.44999999995
S04,Staples & Grains,Sunday,2024-08,102174.64000000003
S04,Staples & Grains,Thursday,2024-08,75248.84000000001
S04,Staples & Grains,Tuesday,2024-08,81647.65000000002
S04,Staples & Grains,Wednesday,2024-08,74747.21999999999
S04,Stationery & General,Friday,2024-08,41249.69999999998
S04,Stationery & General,Monday,2024-08,22365.33000000001
S04,Stationery & General,Saturday,2024-08,47189.600000000006
S04,Stationery & General,Sunday,2024-08,34450.11
S04,Stationery & General,Thursday,2024-08,29304.76
S04,Stationery & General,Tuesday,2024-08,11182.12
S04,Stationery & General,Wednesday,2024-08,27314.390000000007
S04,UNKNOWN,Friday,2024-08,-5659.679999999999
S04,UNKNOWN,Monday,2024-08,-4319.349999999999
S04,UNKNOWN,Saturday,2024-08,-7032.880000000001
S04,UNKNOWN,Sunday,2024-08,-5722.140000000002
S04,UNKNOWN,Thursday,2024-08,-5260.26
S04,UNKNOWN,Tuesday,2024-08,-3281.94
S04,UNKNOWN,Wednesday,2024-08,-2376.5399999999995
S04,Baby Care,Friday,2024-09,91523.28000000001
S04,Baby Care,Monday,2024-09,68728.18
S04,Baby Care,Saturday,2024-09,116556.05000000002
S04,Baby Care,Sunday,2024-09,125381.11999999997
S04,Baby Care,Thursday,2024-09,56234.3
S04,Baby Care,Tuesday,2024-09,65140.02
S04,Baby Care,Wednesday,2024-09,59857.94
S04,Bakery,Friday,2024-09,12555.200000000004
S04,Bakery,Monday,2024-09,11114.290000000003
S04,Bakery,Saturday,2024-09,14651.819999999998
S04,Bakery,Sunday,2024-09,18067.550000000003
S04,Bakery,Thursday,2024-09,9231.460000000001
S04,Bakery,Tuesday,2024-09,7924.490000000001
S04,Bakery,Wednesday,2024-09,9429.19
S04,Beverages,Friday,2024-09,19304.839999999997
S04,Beverages,Monday,2024-09,28593.670000000006
S04,Beverages,Saturday,2024-09,22471.660000000003
S04,Beverages,Sunday,2024-09,37325.28999999999
S04,Beverages,Thursday,2024-09,16228.340000000004
S04,Beverages,Tuesday,2024-09,22662.640000000007
S04,Beverages,Wednesday,2024-09,17267.38
S04,Biscuits & Snacks,Friday,2024-09,8395.63
S04,Biscuits & Snacks,Monday,2024-09,6189.03
S04,Biscuits & Snacks,Saturday,2024-09,7267.2699999999995
S04,Biscuits & Snacks,Sunday,2024-09,10336.870000000003
S04,Biscuits & Snacks,Thursday,2024-09,5371.07
S04,Biscuits & Snacks,Tuesday,2024-09,4477.28
S04,Biscuits & Snacks,Wednesday,2024-09,5217.279999999999
S04,Confectionery,Friday,2024-09,10587.750000000004
S04,Confectionery,Monday,2024-09,17194.579999999998
S04,Confectionery,Saturday,2024-09,17770.779999999995
S04,Confectionery,Sunday,2024-09,20742.199999999997
S04,Confectionery,Thursday,2024-09,9791.189999999999
S04,Confectionery,Tuesday,2024-09,13278.720000000001
S04,Confectionery,Wednesday,2024-09,15971.810000000001
S04,Dairy,Friday,2024-09,33303.88000000001
S04,Dairy,Monday,2024-09,48431.45999999999
S04,Dairy,Saturday,2024-09,50551.25000000001
S04,Dairy,Sunday,2024-09,55660.160000000025
S04,Dairy,Thursday,2024-09,16715.609999999997
S04,Dairy,Tuesday,2024-09,27703.92
S04,Dairy,Wednesday,2024-09,20763.160000000003
S04,Edible Oils,Friday,2024-09,74884.11999999997
S04,Edible Oils,Monday,2024-09,85819.30999999998
S04,Edible Oils,Saturday,2024-09,86114.05999999995
S04,Edible Oils,Sunday,2024-09,127828.39999999997
S04,Edible Oils,Thursday,2024-09,65989.61000000003
S04,Edible Oils,Tuesday,2024-09,71573.24
S04,Edible Oils,Wednesday,2024-09,31999.09999999999
S04,Frozen & Ready to Eat,Friday,2024-09,23475.940000000002
S04,Frozen & Ready to Eat,Monday,2024-09,16547.51
S04,Frozen & Ready to Eat,Saturday,2024-09,34199.67999999999
S04,Frozen & Ready to Eat,Sunday,2024-09,38676.95999999999
S04,Frozen & Ready to Eat,Thursday,2024-09,19272.64
S04,Frozen & Ready to Eat,Tuesday,2024-09,22411.179999999997
S04,Frozen & Ready to Eat,Wednesday,2024-09,21135.990000000005
S04,Fruits & Vegetables,Friday,2024-09,13602.85
S04,Fruits & Vegetables,Monday,2024-09,12409.77
S04,Fruits & Vegetables,Saturday,2024-09,17458.07
S04,Fruits & Vegetables,Sunday,2024-09,24866.82999999999
S04,Fruits & Vegetables,Thursday,2024-09,8495.71
S04,Fruits & Vegetables,Tuesday,2024-09,9970.19
S04,Fruits & Vegetables,Wednesday,2024-09,11854.909999999998
S04,Home Care,Friday,2024-09,23640.77
S04,Home Care,Monday,2024-09,27709.690000000002
S04,Home Care,Saturday,2024-09,35896.30999999998
S04,Home Care,Sunday,2024-09,45478.89999999999
S04,Home Care,Thursday,2024-09,21208.05
S04,Home Care,Tuesday,2024-09,29426.690000000006
S04,Home Care,Wednesday,2024-09,18508.489999999998
S04,Personal Care,Friday,2024-09,40450.28
S04,Personal Care,Monday,2024-09,29503.300000000003
S04,Personal Care,Saturday,2024-09,43607.829999999994
S04,Personal Care,Sunday,2024-09,43951.52999999999
S04,Personal Care,Thursday,2024-09,24293.04
S04,Personal Care,Tuesday,2024-09,30673.289999999994
S04,Personal Care,Wednesday,2024-09,32686.02000000001
S04,Spices & Masala,Friday,2024-09,21539.38
S04,Spices & Masala,Monday,2024-09,10270.020000000006
S04,Spices & Masala,Saturday,2024-09,17393.89
S04,Spices & Masala,Sunday,2024-09,28328.84000000001
S04,Spices & Masala,Thursday,2024-09,15427.98
S04,Spices & Masala,Tuesday,2024-09,8931.970000000003
S04,Spices & Masala,Wednesday,2024-09,14651.29
S04,Staples & Grains,Friday,2024-09,82167.47
S04,Staples & Grains,Monday,2024-09,74052.33
S04,Staples & Grains,Saturday,2024-09,80325.09000000001
S04,Staples & Grains,Sunday,2024-09,139926.88999999996
S04,Staples & Grains,Thursday,2024-09,79757.87
S04,Staples & Grains,Tuesday,2024-09,93821.70999999999
S04,Staples & Grains,Wednesday,2024-09,45484.670000000006
S04,Stationery & General,Friday,2024-09,31693.540000000008
S04,Stationery & General,Monday,2024-09,23509.909999999993
S04,Stationery & General,Saturday,2024-09,26251.67
S04,Stationery & General,Sunday,2024-09,34753.88000000001
S04,Stationery & General,Thursday,2024-09,19459.630000000005
S04,Stationery & General,Tuesday,2024-09,20403.709999999995
S04,Stationery & General,Wednesday,2024-09,25546.190000000002
S04,UNKNOWN,Friday,2024-09,-6870.43
S04,UNKNOWN,Monday,2024-09,-6181.659999999999
S04,UNKNOWN,Saturday,2024-09,-6343.939999999999
S04,UNKNOWN,Sunday,2024-09,-7766.91
S04,UNKNOWN,Thursday,2024-09,-3210.9799999999996
S04,UNKNOWN,Tuesday,2024-09,-2605.71
S04,UNKNOWN,Wednesday,2024-09,-2854.88
S04,Baby Care,Friday,2024-10,74673.89999999998
S04,Baby Care,Monday,2024-10,111255.55999999997
S04,Baby Care,Saturday,2024-10,127019.99999999999
S04,Baby Care,Sunday,2024-10,147443.04999999996
S04,Baby Care,Thursday,2024-10,121003.48000000003
S04,Baby Care,Tuesday,2024-10,67809.26000000001
S04,Baby Care,Wednesday,2024-10,64950.70000000001
S04,Bakery,Friday,2024-10,16087.24
S04,Bakery,Monday,2024-10,12442.570000000002
S04,Bakery,Saturday,2024-10,20926.899999999998
S04,Bakery,Sunday,2024-10,19422.24
S04,Bakery,Thursday,2024-10,15560.469999999998
S04,Bakery,Tuesday,2024-10,16433.020000000004
S04,Bakery,Wednesday,2024-10,8188.080000000001
S04,Beverages,Friday,2024-10,23685.660000000003
S04,Beverages,Monday,2024-10,19493.300000000003
S04,Beverages,Saturday,2024-10,41141.96999999998
S04,Beverages,Sunday,2024-10,30939.739999999998
S04,Beverages,Thursday,2024-10,36306.16
S04,Beverages,Tuesday,2024-10,18033.79
S04,Beverages,Wednesday,2024-10,25785.34
S04,Biscuits & Snacks,Friday,2024-10,10902.23
S04,Biscuits & Snacks,Monday,2024-10,5746.780000000002
S04,Biscuits & Snacks,Saturday,2024-10,11656.609999999995
S04,Biscuits & Snacks,Sunday,2024-10,10578.539999999997
S04,Biscuits & Snacks,Thursday,2024-10,9099.15
S04,Biscuits & Snacks,Tuesday,2024-10,10358.239999999998
S04,Biscuits & Snacks,Wednesday,2024-10,5247.72
S04,Confectionery,Friday,2024-10,21669.209999999995
S04,Confectionery,Monday,2024-10,18796.2
S04,Confectionery,Saturday,2024-10,29234.899999999998
S04,Confectionery,Sunday,2024-10,26710.539999999986
S04,Confectionery,Thursday,2024-10,28449.940000000006
S04,Confectionery,Tuesday,2024-10,19255.350000000006
S04,Confectionery,Wednesday,2024-10,14914.210000000003
S04,Dairy,Friday,2024-10,50043.89000000001
S04,Dairy,Monday,2024-10,25929.299999999992
S04,Dairy,Saturday,2024-10,65184.00999999998
S04,Dairy,Sunday,2024-10,69842.76999999997
S04,Dairy,Thursday,2024-10,45716.340000000004
S04,Dairy,Tuesday,2024-10,50057.170000000006
S04,Dairy,Wednesday,2024-10,35016.160000000025
S04,Edible Oils,Friday,2024-10,98459.03999999996
S04,Edible Oils,Monday,2024-10,55796.67
S04,Edible Oils,Saturday,2024-10,171151.96000000002
S04,Edible Oils,Sunday,2024-10,116259.44
S04,Edible Oils,Thursday,2024-10,135276.51999999996
S04,Edible Oils,Tuesday,2024-10,127049.56999999999
S04,Edible Oils,Wednesday,2024-10,62221.22
S04,Frozen & Ready to Eat,Friday,2024-10,38556.92000000001
S04,Frozen & Ready to Eat,Monday,2024-10,18974.94
S04,Frozen & Ready to Eat,Saturday,2024-10,51552.26000000001
S04,Frozen & Ready to Eat,Sunday,2024-10,39328.860000000015
S04,Frozen & Ready to Eat,Thursday,2024-10,40165.61
S04,Frozen & Ready to Eat,Tuesday,2024-10,37503.87000000001
S04,Frozen & Ready to Eat,Wednesday,2024-10,35196.280000000006
S04,Fruits & Vegetables,Friday,2024-10,13754.09
S04,Fruits & Vegetables,Monday,2024-10,11165.300000000001
S04,Fruits & Vegetables,Saturday,2024-10,20824.800000000003
S04,Fruits & Vegetables,Sunday,2024-10,25914.88999999998
S04,Fruits & Vegetables,Thursday,2024-10,20843.770000000004
S04,Fruits & Vegetables,Tuesday,2024-10,16883.549999999996
S04,Fruits & Vegetables,Wednesday,2024-10,14220.880000000003
S04,Home Care,Friday,2024-10,36234.19999999999
S04,Home Care,Monday,2024-10,23608.739999999998
S04,Home Care,Saturday,2024-10,42936.23999999998
S04,Home Care,Sunday,2024-10,35412.469999999994
S04,Home Care,Thursday,2024-10,41184.11000000001
S04,Home Care,Tuesday,2024-10,25138.639999999992
S04,Home Care,Wednesday,2024-10,20480.49
S04,Personal Care,Friday,2024-10,34130.850000000006
S04,Personal Care,Monday,2024-10,43026.57999999999
S04,Personal Care,Saturday,2024-10,47581.409999999996
S04,Personal Care,Sunday,2024-10,46762.47999999998
S04,Personal Care,Thursday,2024-10,43342.78000000001
S04,Personal Care,Tuesday,2024-10,42318.030000000006
S04,Personal Care,Wednesday,2024-10,37512.31
S04,Spices & Masala,Friday,2024-10,24699.07000000001
S04,Spices & Masala,Monday,2024-10,19444.079999999994
S04,Spices & Masala,Saturday,2024-10,26633.039999999997
S04,Spices & Masala,Sunday,2024-10,24912.250000000007
S04,Spices & Masala,Thursday,2024-10,22582.359999999997
S04,Spices & Masala,Tuesday,2024-10,18321.05
S04,Spices & Masala,Wednesday,2024-10,13083.02
S04,Staples & Grains,Friday,2024-10,103175.50000000001
S04,Staples & Grains,Monday,2024-10,79903.84999999999
S04,Staples & Grains,Saturday,2024-10,207807.36999999994
S04,Staples & Grains,Sunday,2024-10,134222.06
S04,Staples & Grains,Thursday,2024-10,167606.47999999998
S04,Staples & Grains,Tuesday,2024-10,137475.49000000002
S04,Staples & Grains,Wednesday,2024-10,105193.22999999998
S04,Stationery & General,Friday,2024-10,28330.14
S04,Stationery & General,Monday,2024-10,25376.05
S04,Stationery & General,Saturday,2024-10,36286.29000000001
S04,Stationery & General,Sunday,2024-10,29546.510000000002
S04,Stationery & General,Thursday,2024-10,23524.85
S04,Stationery & General,Tuesday,2024-10,17084.930000000004
S04,Stationery & General,Wednesday,2024-10,22560.340000000004
S04,UNKNOWN,Friday,2024-10,-5538.119999999999
S04,UNKNOWN,Monday,2024-10,-5829.35
S04,UNKNOWN,Saturday,2024-10,-10423.110000000002
S04,UNKNOWN,Sunday,2024-10,-8126.010000000002
S04,UNKNOWN,Thursday,2024-10,-12514.31
S04,UNKNOWN,Tuesday,2024-10,-5695.259999999999
S04,UNKNOWN,Wednesday,2024-10,-1653.1899999999998
S04,Baby Care,Friday,2024-11,129036.38000000002
S04,Baby Care,Monday,2024-11,50143.15999999999
S04,Baby Care,Saturday,2024-11,134621.38
S04,Baby Care,Sunday,2024-11,134208.03
S04,Baby Care,Thursday,2024-11,57554.33000000001
S04,Baby Care,Tuesday,2024-11,47787.96000000001
S04,Baby Care,Wednesday,2024-11,65798.54
S04,Bakery,Friday,2024-11,19591.340000000004
S04,Bakery,Monday,2024-11,10759.550000000001
S04,Bakery,Saturday,2024-11,20932.40999999999
S04,Bakery,Sunday,2024-11,16863.059999999998
S04,Bakery,Thursday,2024-11,11070.079999999996
S04,Bakery,Tuesday,2024-11,7987.7699999999995
S04,Bakery,Wednesday,2024-11,12447.610000000002
S04,Beverages,Friday,2024-11,35111.070000000014
S04,Beverages,Monday,2024-11,17947.589999999993
S04,Beverages,Saturday,2024-11,45579.560000000005
S04,Beverages,Sunday,2024-11,29281.549999999996
S04,Beverages,Thursday,2024-11,22195.270000000008
S04,Beverages,Tuesday,2024-11,13994.89
S04,Beverages,Wednesday,2024-11,20633.88
S04,Biscuits & Snacks,Friday,2024-11,11898.21
S04,Biscuits & Snacks,Monday,2024-11,5472.420000000001
S04,Biscuits & Snacks,Saturday,2024-11,12675.950000000003
S04,Biscuits & Snacks,Sunday,2024-11,10351.779999999999
S04,Biscuits & Snacks,Thursday,2024-11,5055.22
S04,Biscuits & Snacks,Tuesday,2024-11,5265.58
S04,Biscuits & Snacks,Wednesday,2024-11,4107.91
S04,Confectionery,Friday,2024-11,23548.609999999997
S04,Confectionery,Monday,2024-11,11566.27
S04,Confectionery,Saturday,2024-11,28706.690000000002
S04,Confectionery,Sunday,2024-11,26844.02999999999
S04,Confectionery,Thursday,2024-11,21241.039999999997
S04,Confectionery,Tuesday,2024-11,16097.059999999996
S04,Confectionery,Wednesday,2024-11,17027.740000000005
S04,Dairy,Friday,2024-11,61862.37
S04,Dairy,Monday,2024-11,36189.63000000002
S04,Dairy,Saturday,2024-11,76981.99999999999
S04,Dairy,Sunday,2024-11,46274.03000000002
S04,Dairy,Thursday,2024-11,34244.850000000006
S04,Dairy,Tuesday,2024-11,29269.840000000007
S04,Dairy,Wednesday,2024-11,45080.070000000014
S04,Edible Oils,Friday,2024-11,63147.15
S04,Edible Oils,Monday,2024-11,86551.22
S04,Edible Oils,Saturday,2024-11,126925.41999999995
S04,Edible Oils,Sunday,2024-11,142365.82000000004
S04,Edible Oils,Thursday,2024-11,75391.33000000002
S04,Edible Oils,Tuesday,2024-11,70757.88999999998
S04,Edible Oils,Wednesday,2024-11,90881.77
S04,Frozen & Ready to Eat,Friday,2024-11,42637.52999999999
S04,Frozen & Ready to Eat,Monday,2024-11,17606.84
S04,Frozen & Ready to Eat,Saturday,2024-11,56250.62999999999
S04,Frozen & Ready to Eat,Sunday,2024-11,48138.01
S04,Frozen & Ready to Eat,Thursday,2024-11,27362.689999999995
S04,Frozen & Ready to Eat,Tuesday,2024-11,26169.570000000003
S04,Frozen & Ready to Eat,Wednesday,2024-11,22196.29
S04,Fruits & Vegetables,Friday,2024-11,16953.86
S04,Fruits & Vegetables,Monday,2024-11,8776.67
S04,Fruits & Vegetables,Saturday,2024-11,26327.489999999998
S04,Fruits & Vegetables,Sunday,2024-11,21507.830000000005
S04,Fruits & Vegetables,Thursday,2024-11,13516.999999999996
S04,Fruits & Vegetables,Tuesday,2024-11,13652.37
S04,Fruits & Vegetables,Wednesday,2024-11,14226.16
S04,Home Care,Friday,2024-11,36753.76
S04,Home Care,Monday,2024-11,18701.71
S04,Home Care,Saturday,2024-11,45279.41000000001
S04,Home Care,Sunday,2024-11,44020.83
S04,Home Care,Thursday,2024-11,25294.19
S04,Home Care,Tuesday,2024-11,25055.399999999998
S04,Home Care,Wednesday,2024-11,25968.229999999992
S04,Personal Care,Friday,2024-11,69669.96000000002
S04,Personal Care,Monday,2024-11,30503.62
S04,Personal Care,Saturday,2024-11,73784.39999999998
S04,Personal Care,Sunday,2024-11,60542.14000000001
S04,Personal Care,Thursday,2024-11,35071.16999999999
S04,Personal Care,Tuesday,2024-11,31756.93
S04,Personal Care,Wednesday,2024-11,39661.79
S04,Spices & Masala,Friday,2024-11,21417.50000000001
S04,Spices & Masala,Monday,2024-11,15505.779999999999
S04,Spices & Masala,Saturday,2024-11,32133.340000000015
S04,Spices & Masala,Sunday,2024-11,25298.700000000015
S04,Spices & Masala,Thursday,2024-11,18559.54
S04,Spices & Masala,Tuesday,2024-11,19012.179999999993
S04,Spices & Masala,Wednesday,2024-11,15805.310000000003
S04,Staples & Grains,Friday,2024-11,158000.94999999995
S04,Staples & Grains,Monday,2024-11,51419.94000000001
S04,Staples & Grains,Saturday,2024-11,188298.45000000004
S04,Staples & Grains,Sunday,2024-11,128230.93
S04,Staples & Grains,Thursday,2024-11,74762.38
S04,Staples & Grains,Tuesday,2024-11,60571.69999999999
S04,Staples & Grains,Wednesday,2024-11,82350.78999999998
S04,Stationery & General,Friday,2024-11,31109.059999999998
S04,Stationery & General,Monday,2024-11,17344.37
S04,Stationery & General,Saturday,2024-11,39709.08999999999
S04,Stationery & General,Sunday,2024-11,33713.88
S04,Stationery & General,Thursday,2024-11,22229.14
S04,Stationery & General,Tuesday,2024-11,17754.82
S04,Stationery & General,Wednesday,2024-11,21503.33
S04,UNKNOWN,Friday,2024-11,-7975.1
S04,UNKNOWN,Monday,2024-11,-3663.0600000000004
S04,UNKNOWN,Saturday,2024-11,-11699.589999999998
S04,UNKNOWN,Sunday,2024-11,-7966.429999999999
S04,UNKNOWN,Thursday,2024-11,-5684.8099999999995
S04,UNKNOWN,Tuesday,2024-11,-4517.210000000001
S04,UNKNOWN,Wednesday,2024-11,-2530.3
S04,Baby Care,Friday,2024-12,110934.20000000003
S04,Baby Care,Monday,2024-12,51047.520000000004
S04,Baby Care,Saturday,2024-12,133342.28
S04,Baby Care,Sunday,2024-12,105320.79
S04,Baby Care,Thursday,2024-12,65188.140000000014
S04,Baby Care,Tuesday,2024-12,94304.15000000004
S04,Baby Care,Wednesday,2024-12,61538.08
S04,Bakery,Friday,2024-12,11895.490000000002
S04,Bakery,Monday,2024-12,12210.529999999997
S04,Bakery,Saturday,2024-12,21352.11
S04,Bakery,Sunday,2024-12,21244.169999999995
S04,Bakery,Thursday,2024-12,12313.37
S04,Bakery,Tuesday,2024-12,11623.040000000003
S04,Bakery,Wednesday,2024-12,8964.249999999998
S04,Beverages,Friday,2024-12,28826.27
S04,Beverages,Monday,2024-12,20300.060000000005
S04,Beverages,Saturday,2024-12,35996.560000000005
S04,Beverages,Sunday,2024-12,37063.24000000003
S04,Beverages,Thursday,2024-12,18417.41
S04,Beverages,Tuesday,2024-12,17981.660000000003
S04,Beverages,Wednesday,2024-12,18881.570000000003
S04,Biscuits & Snacks,Friday,2024-12,8726.200000000003
S04,Biscuits & Snacks,Monday,2024-12,7867.040000000001
S04,Biscuits & Snacks,Saturday,2024-12,8143.799999999998
S04,Biscuits & Snacks,Sunday,2024-12,10773.089999999997
S04,Biscuits & Snacks,Thursday,2024-12,4988.390000000001
S04,Biscuits & Snacks,Tuesday,2024-12,6376.579999999999
S04,Biscuits & Snacks,Wednesday,2024-12,5319.22
S04,Confectionery,Friday,2024-12,17997.09
S04,Confectionery,Monday,2024-12,13467.020000000004
S04,Confectionery,Saturday,2024-12,26385.76
S04,Confectionery,Sunday,2024-12,22688.849999999988
S04,Confectionery,Thursday,2024-12,15964.139999999994
S04,Confectionery,Tuesday,2024-12,15926.839999999998
S04,Confectionery,Wednesday,2024-12,22739.800000000003
S04,Dairy,Friday,2024-12,39386.979999999996
S04,Dairy,Monday,2024-12,28900.050000000007
S04,Dairy,Saturday,2024-12,60772.72000000004
S04,Dairy,Sunday,2024-12,58159.520000000004
S04,Dairy,Thursday,2024-12,35654.69
S04,Dairy,Tuesday,2024-12,31331.17
S04,Dairy,Wednesday,2024-12,33956.05999999999
S04,Edible Oils,Friday,2024-12,100152.45
S04,Edible Oils,Monday,2024-12,63313.08
S04,Edible Oils,Saturday,2024-12,133638.41
S04,Edible Oils,Sunday,2024-12,111883.17
S04,Edible Oils,Thursday,2024-12,53485.53999999999
S04,Edible Oils,Tuesday,2024-12,79242.40999999999
S04,Edible Oils,Wednesday,2024-12,52272.72999999999
S04,Frozen & Ready to Eat,Friday,2024-12,34907.959999999985
S04,Frozen & Ready to Eat,Monday,2024-12,23538.099999999995
S04,Frozen & Ready to Eat,Saturday,2024-12,46478.420000000006
S04,Frozen & Ready to Eat,Sunday,2024-12,44335.73
S04,Frozen & Ready to Eat,Thursday,2024-12,25981.84
S04,Frozen & Ready to Eat,Tuesday,2024-12,20847.579999999994
S04,Frozen & Ready to Eat,Wednesday,2024-12,24594.76999999999
S04,Fruits & Vegetables,Friday,2024-12,17929.180000000008
S04,Fruits & Vegetables,Monday,2024-12,11887.310000000005
S04,Fruits & Vegetables,Saturday,2024-12,24717.210000000006
S04,Fruits & Vegetables,Sunday,2024-12,24517.940000000002
S04,Fruits & Vegetables,Thursday,2024-12,8863.470000000001
S04,Fruits & Vegetables,Tuesday,2024-12,17649.03
S04,Fruits & Vegetables,Wednesday,2024-12,14007.19
S04,Home Care,Friday,2024-12,33934.01
S04,Home Care,Monday,2024-12,27272.139999999992
S04,Home Care,Saturday,2024-12,48023.24999999999
S04,Home Care,Sunday,2024-12,45400.61999999998
S04,Home Care,Thursday,2024-12,30827.3
S04,Home Care,Tuesday,2024-12,31648.069999999996
S04,Home Care,Wednesday,2024-12,24742.329999999998
S04,Personal Care,Friday,2024-12,37108.25000000001
S04,Personal Care,Monday,2024-12,19013.579999999998
S04,Personal Care,Saturday,2024-12,42891.47
S04,Personal Care,Sunday,2024-12,46974.01000000001
S04,Personal Care,Thursday,2024-12,33979.06
S04,Personal Care,Tuesday,2024-12,26935.560000000005
S04,Personal Care,Wednesday,2024-12,24223.230000000003
S04,Spices & Masala,Friday,2024-12,21312.18999999999
S04,Spices & Masala,Monday,2024-12,13111.519999999995
S04,Spices & Masala,Saturday,2024-12,28745.890000000014
S04,Spices & Masala,Sunday,2024-12,28260.729999999996
S04,Spices & Masala,Thursday,2024-12,7911.94
S04,Spices & Masala,Tuesday,2024-12,12387.740000000002
S04,Spices & Masala,Wednesday,2024-12,12465.900000000001
S04,Staples & Grains,Friday,2024-12,114774.87999999995
S04,Staples & Grains,Monday,2024-12,55600.100000000006
S04,Staples & Grains,Saturday,2024-12,143710.54000000004
S04,Staples & Grains,Sunday,2024-12,119070.2
S04,Staples & Grains,Thursday,2024-12,74269.21000000002
S04,Staples & Grains,Tuesday,2024-12,88619.37000000001
S04,Staples & Grains,Wednesday,2024-12,67470.81999999999
S04,Stationery & General,Friday,2024-12,19184.709999999995
S04,Stationery & General,Monday,2024-12,17081.079999999998
S04,Stationery & General,Saturday,2024-12,36521.520000000004
S04,Stationery & General,Sunday,2024-12,42643.46
S04,Stationery & General,Thursday,2024-12,22652.340000000004
S04,Stationery & General,Tuesday,2024-12,26395.17000000001
S04,Stationery & General,Wednesday,2024-12,17464.39
S04,UNKNOWN,Friday,2024-12,-6788.710000000002
S04,UNKNOWN,Monday,2024-12,-3358.77
S04,UNKNOWN,Saturday,2024-12,-7807.07
S04,UNKNOWN,Sunday,2024-12,-5397.910000000001
S04,UNKNOWN,Thursday,2024-12,-6792.470000000001
S04,UNKNOWN,Tuesday,2024-12,-5131.169999999999
S04,UNKNOWN,Wednesday,2024-12,-2629.9599999999996
S05,Baby Care,Friday,2024-01,33851.08000000001
S05,Baby Care,Monday,2024-01,55222.04
S05,Baby Care,Saturday,2024-01,100777.06
S05,Baby Care,Sunday,2024-01,73256.55999999997
S05,Baby Care,Thursday,2024-01,44347.149999999994
S05,Baby Care,Tuesday,2024-01,62637.51000000001
S05,Baby Care,Wednesday,2024-01,63165.98000000001
S05,Bakery,Friday,2024-01,5146.07
S05,Bakery,Monday,2024-01,6461.260000000001
S05,Bakery,Saturday,2024-01,14337.990000000005
S05,Bakery,Sunday,2024-01,4813.459999999999
S05,Bakery,Thursday,2024-01,6619.76
S05,Bakery,Tuesday,2024-01,7640.95
S05,Bakery,Wednesday,2024-01,8593.990000000002
S05,Beverages,Friday,2024-01,11049.689999999999
S05,Beverages,Monday,2024-01,14168.54
S05,Beverages,Saturday,2024-01,16009.089999999997
S05,Beverages,Sunday,2024-01,13760.86
S05,Beverages,Thursday,2024-01,14257.529999999999
S05,Beverages,Tuesday,2024-01,14517.259999999998
S05,Beverages,Wednesday,2024-01,14540.730000000001
S05,Biscuits & Snacks,Friday,2024-01,5220.720000000002
S05,Biscuits & Snacks,Monday,2024-01,4465.639999999999
S05,Biscuits & Snacks,Saturday,2024-01,7146.819999999996
S05,Biscuits & Snacks,Sunday,2024-01,4970.4000000000015
S05,Biscuits & Snacks,Thursday,2024-01,3722.3300000000004
S05,Biscuits & Snacks,Tuesday,2024-01,3331.2400000000002
S05,Biscuits & Snacks,Wednesday,2024-01,5144.7300000000005
S05,Confectionery,Friday,2024-01,9203.89
S05,Confectionery,Monday,2024-01,9036.249999999998
S05,Confectionery,Saturday,2024-01,13163.54
S05,Confectionery,Sunday,2024-01,8742.82
S05,Confectionery,Thursday,2024-01,7169.609999999999
S05,Confectionery,Tuesday,2024-01,12377.339999999998
S05,Confectionery,Wednesday,2024-01,6817.78
S05,Dairy,Friday,2024-01,29609.8
S05,Dairy,Monday,2024-01,21009.43
S05,Dairy,Saturday,2024-01,30477.790000000008
S05,Dairy,Sunday,2024-01,29219.14999999999
S05,Dairy,Thursday,2024-01,18808.469999999998
S05,Dairy,Tuesday,2024-01,19778.869999999995
S05,Dairy,Wednesday,2024-01,15777.850000000002
S05,Edible Oils,Friday,2024-01,50579.81
S05,Edible Oils,Monday,2024-01,56786.78999999999
S05,Edible Oils,Saturday,2024-01,66983.26
S05,Edible Oils,Sunday,2024-01,64134.95
S05,Edible Oils,Thursday,2024-01,34973.240000000005
S05,Edible Oils,Tuesday,2024-01,52048.380000000005
S05,Edible Oils,Wednesday,2024-01,29773.2
S05,Frozen & Ready to Eat,Friday,2024-01,9621.859999999999
S05,Frozen & Ready to Eat,Monday,2024-01,18991.15
S05,Frozen & Ready to Eat,Saturday,2024-01,26070.8
S05,Frozen & Ready to Eat,Sunday,2024-01,23433.760000000002
S05,Frozen & Ready to Eat,Thursday,2024-01,11390.6
S05,Frozen & Ready to Eat,Tuesday,2024-01,19987.620000000003
S05,Frozen & Ready to Eat,Wednesday,2024-01,18313.82
S05,Fruits & Vegetables,Friday,2024-01,7731.940000000001
S05,Fruits & Vegetables,Monday,2024-01,9767.479999999998
S05,Fruits & Vegetables,Saturday,2024-01,12659.730000000003
S05,Fruits & Vegetables,Sunday,2024-01,9813.249999999998
S05,Fruits & Vegetables,Thursday,2024-01,5665.86
S05,Fruits & Vegetables,Tuesday,2024-01,8724.719999999998
S05,Fruits & Vegetables,Wednesday,2024-01,9485.699999999999
S05,Home Care,Friday,2024-01,17840.4
S05,Home Care,Monday,2024-01,21304.160000000003
S05,Home Care,Saturday,2024-01,25312.800000000003
S05,Home Care,Sunday,2024-01,21909.389999999992
S05,Home Care,Thursday,2024-01,11990.92
S05,Home Care,Tuesday,2024-01,12053.009999999998
S05,Home Care,Wednesday,2024-01,14314.630000000001
S05,Personal Care,Friday,2024-01,20604.72
S05,Personal Care,Monday,2024-01,23242.079999999994
S05,Personal Care,Saturday,2024-01,25651.979999999996
S05,Personal Care,Sunday,2024-01,30298.320000000003
S05,Personal Care,Thursday,2024-01,14801.33
S05,Personal Care,Tuesday,2024-01,20999.24
S05,Personal Care,Wednesday,2024-01,24745.76000000001
S05,Spices & Masala,Friday,2024-01,8827.789999999997
S05,Spices & Masala,Monday,2024-01,8758.86
S05,Spices & Masala,Saturday,2024-01,11079.550000000003
S05,Spices & Masala,Sunday,2024-01,10303.459999999997
S05,Spices & Masala,Thursday,2024-01,11589.46
S05,Spices & Masala,Tuesday,2024-01,7423.64
S05,Spices & Masala,Wednesday,2024-01,11744.469999999996
S05,Staples & Grains,Friday,2024-01,56028.79999999999
S05,Staples & Grains,Monday,2024-01,72690.47
S05,Staples & Grains,Saturday,2024-01,95181.87000000001
S05,Staples & Grains,Sunday,2024-01,87340.37
S05,Staples & Grains,Thursday,2024-01,62179.140000000014
S05,Staples & Grains,Tuesday,2024-01,51509.159999999996
S05,Staples & Grains,Wednesday,2024-01,61579.450000000004
S05,Stationery & General,Friday,2024-01,10049.679999999997
S05,Stationery & General,Monday,2024-01,12673.000000000002
S05,Stationery & General,Saturday,2024-01,23380.469999999998
S05,Stationery & General,Sunday,2024-01,16300.539999999997
S05,Stationery & General,Thursday,2024-01,14169.210000000001
S05,Stationery & General,Tuesday,2024-01,12201.75
S05,Stationery & General,Wednesday,2024-01,19072.2
S05,UNKNOWN,Friday,2024-01,-1575.28
S05,UNKNOWN,Monday,2024-01,-2095.9799999999996
S05,UNKNOWN,Saturday,2024-01,-6243.169999999998
S05,UNKNOWN,Sunday,2024-01,-3904.5000000000005
S05,UNKNOWN,Thursday,2024-01,-3356.42
S05,UNKNOWN,Tuesday,2024-01,-3458.1699999999996
S05,UNKNOWN,Wednesday,2024-01,-2178.2400000000002
S05,Baby Care,Friday,2024-02,50270.24
S05,Baby Care,Monday,2024-02,32167.11
S05,Baby Care,Saturday,2024-02,61175.68
S05,Baby Care,Sunday,2024-02,54347.61000000001
S05,Baby Care,Thursday,2024-02,45630.86
S05,Baby Care,Tuesday,2024-02,31813.690000000002
S05,Baby Care,Wednesday,2024-02,78466.87999999996
S05,Bakery,Friday,2024-02,8806.009999999998
S05,Bakery,Monday,2024-02,3897.459999999999
S05,Bakery,Saturday,2024-02,12492.320000000002
S05,Bakery,Sunday,2024-02,9118.880000000003
S05,Bakery,Thursday,2024-02,9034.27
S05,Bakery,Tuesday,2024-02,4222.009999999999
S05,Bakery,Wednesday,2024-02,4920.570000000001
S05,Beverages,Friday,2024-02,19317.609999999997
S05,Beverages,Monday,2024-02,9647.199999999997
S05,Beverages,Saturday,2024-02,15460.500000000002
S05,Beverages,Sunday,2024-02,18908.16
S05,Beverages,Thursday,2024-02,18156.940000000006
S05,Beverages,Tuesday,2024-02,16035.970000000001
S05,Beverages,Wednesday,2024-02,13630.969999999998
S05,Biscuits & Snacks,Friday,2024-02,5313.159999999999
S05,Biscuits & Snacks,Monday,2024-02,2269.6499999999996
S05,Biscuits & Snacks,Saturday,2024-02,7023.989999999999
S05,Biscuits & Snacks,Sunday,2024-02,6014.240000000001
S05,Biscuits & Snacks,Thursday,2024-02,2672.4600000000005
S05,Biscuits & Snacks,Tuesday,2024-02,4134.09
S05,Biscuits & Snacks,Wednesday,2024-02,4465.669999999999
S05,Confectionery,Friday,2024-02,12755.680000000002
S05,Confectionery,Monday,2024-02,5650.78
S05,Confectionery,Saturday,2024-02,17607.53
S05,Confectionery,Sunday,2024-02,12870.919999999996
S05,Confectionery,Thursday,2024-02,14471.949999999999
S05,Confectionery,Tuesday,2024-02,6946.579999999998
S05,Confectionery,Wednesday,2024-02,6887.250000000001
S05,Dairy,Friday,2024-02,25962.059999999998
S05,Dairy,Monday,2024-02,16786.889999999996
S05,Dairy,Saturday,2024-02,23138.109999999993
S05,Dairy,Sunday,2024-02,38829.990000000005
S05,Dairy,Thursday,2024-02,40354.439999999995
S05,Dairy,Tuesday,2024-02,20581.860000000004
S05,Dairy,Wednesday,2024-02,19692.010000000006
S05,Edible Oils,Friday,2024-02,52379.51
S05,Edible Oils,Monday,2024-02,21156.480000000003
S05,Edible Oils,Saturday,2024-02,53388.09
S05,Edible Oils,Sunday,2024-02,49584.509999999995
S05,Edible Oils,Thursday,2024-02,48509.74
S05,Edible Oils,Tuesday,2024-02,47947.11
S05,Edible Oils,Wednesday,2024-02,37232.65
S05,Frozen & Ready to Eat,Friday,2024-02,21951.09000000001
S05,Frozen & Ready to Eat,Monday,2024-02,11461.660000000002
S05,Frozen & Ready to Eat,Saturday,2024-02,15692.880000000003
S05,Frozen & Ready to Eat,Sunday,2024-02,33123.560000000005
S05,Frozen & Ready to Eat,Thursday,2024-02,17523.109999999997
S05,Frozen & Ready to Eat,Tuesday,2024-02,15636.86
S05,Frozen & Ready to Eat,Wednesday,2024-02,16203.749999999998
S05,Fruits & Vegetables,Friday,2024-02,9120.68
S05,Fruits & Vegetables,Monday,2024-02,7583.58
S05,Fruits & Vegetables,Saturday,2024-02,7419.57
S05,Fruits & Vegetables,Sunday,2024-02,14322.830000000004
S05,Fruits & Vegetables,Thursday,2024-02,9514.030000000002
S05,Fruits & Vegetables,Tuesday,2024-02,3478.19
S05,Fruits & Vegetables,Wednesday,2024-02,6590.229999999999
S05,Home Care,Friday,2024-02,14322.82
S05,Home Care,Monday,2024-02,14406.88
S05,Home Care,Saturday,2024-02,28079.440000000002
S05,Home Care,Sunday,2024-02,15370.490000000002
S05,Home Care,Thursday,2024-02,13139.699999999997
S05,Home Care,Tuesday,2024-02,12549.750000000002
S05,Home Care,Wednesday,2024-02,10246.000000000002
S05,Personal Care,Friday,2024-02,17214.989999999998
S05,Personal Care,Monday,2024-02,5841.52
S05,Personal Care,Saturday,2024-02,21352.89
S05,Personal Care,Sunday,2024-02,27333.379999999997
S05,Personal Care,Thursday,2024-02,19032.11
S05,Personal Care,Tuesday,2024-02,16281.449999999999
S05,Personal Care,Wednesday,2024-02,21831.050000000003
S05,Spices & Masala,Friday,2024-02,12649.15
S05,Spices & Masala,Monday,2024-02,2953.3799999999997
S05,Spices & Masala,Saturday,2024-02,12573.81
S05,Spices & Masala,Sunday,2024-02,13074.710000000001
S05,Spices & Masala,Thursday,2024-02,9271.109999999997
S05,Spices & Masala,Tuesday,2024-02,5528.009999999999
S05,Spices & Masala,Wednesday,2024-02,10793.02
S05,Staples & Grains,Friday,2024-02,63360.33999999999
S05,Staples & Grains,Monday,2024-02,39330.80999999999
S05,Staples & Grains,Saturday,2024-02,73098.65
S05,Staples & Grains,Sunday,2024-02,69943.44999999998
S05,Staples & Grains,Thursday,2024-02,67252.73999999999
S05,Staples & Grains,Tuesday,2024-02,45636.90000000001
S05,Staples & Grains,Wednesday,2024-02,44892.72000000001
S05,Stationery & General,Friday,2024-02,14884.260000000002
S05,Stationery & General,Monday,2024-02,11301.829999999998
S05,Stationery & General,Saturday,2024-02,9642.249999999998
S05,Stationery & General,Sunday,2024-02,14926.159999999996
S05,Stationery & General,Thursday,2024-02,16862.48
S05,Stationery & General,Tuesday,2024-02,10855.03
S05,Stationery & General,Wednesday,2024-02,14104.089999999997
S05,UNKNOWN,Friday,2024-02,-2827.9699999999993
S05,UNKNOWN,Monday,2024-02,-2482.53
S05,UNKNOWN,Saturday,2024-02,-3804.6899999999996
S05,UNKNOWN,Sunday,2024-02,-4295.34
S05,UNKNOWN,Thursday,2024-02,-2406.06
S05,UNKNOWN,Tuesday,2024-02,-2812.08
S05,UNKNOWN,Wednesday,2024-02,-3057.1800000000003
S05,Baby Care,Friday,2024-03,49706.45
S05,Baby Care,Monday,2024-03,48781.299999999996
S05,Baby Care,Saturday,2024-03,100039.37999999998
S05,Baby Care,Sunday,2024-03,97385.84999999998
S05,Baby Care,Thursday,2024-03,46857.299999999996
S05,Baby Care,Tuesday,2024-03,44881.630000000005
S05,Baby Care,Wednesday,2024-03,65682.6
S05,Bakery,Friday,2024-03,9312.07
S05,Bakery,Monday,2024-03,3910.3399999999997
S05,Bakery,Saturday,2024-03,15088.519999999997
S05,Bakery,Sunday,2024-03,12529.66
S05,Bakery,Thursday,2024-03,3713.0800000000004
S05,Bakery,Tuesday,2024-03,7997.859999999999
S05,Bakery,Wednesday,2024-03,9899.349999999999
S05,Beverages,Friday,2024-03,17299.39
S05,Beverages,Monday,2024-03,10499.47
S05,Beverages,Saturday,2024-03,28169.749999999993
S05,Beverages,Sunday,2024-03,27147.300000000003
S05,Beverages,Thursday,2024-03,7641.819999999998
S05,Beverages,Tuesday,2024-03,16110.38
S05,Beverages,Wednesday,2024-03,20019.309999999998
S05,Biscuits & Snacks,Friday,2024-03,6207.939999999997
S05,Biscuits & Snacks,Monday,2024-03,4080.0200000000004
S05,Biscuits & Snacks,Saturday,2024-03,6876.439999999999
S05,Biscuits & Snacks,Sunday,2024-03,8157.499999999999
S05,Biscuits & Snacks,Thursday,2024-03,3421.1700000000005
S05,Biscuits & Snacks,Tuesday,2024-03,2528.9700000000003
S05,Biscuits & Snacks,Wednesday,2024-03,4189.4400000000005
S05,Confectionery,Friday,2024-03,13773.4
S05,Confectionery,Monday,2024-03,7142.92
S05,Confectionery,Saturday,2024-03,15910.729999999998
S05,Confectionery,Sunday,2024-03,18192.920000000006
S05,Confectionery,Thursday,2024-03,8612.93
S05,Confectionery,Tuesday,2024-03,11508.910000000003
S05,Confectionery,Wednesday,2024-03,12034.819999999998
S05,Dairy,Friday,2024-03,28520.820000000007
S05,Dairy,Monday,2024-03,12359.970000000001
S05,Dairy,Saturday,2024-03,30972.62
S05,Dairy,Sunday,2024-03,27249.130000000005
S05,Dairy,Thursday,2024-03,20446.370000000003
S05,Dairy,Tuesday,2024-03,23254.59
S05,Dairy,Wednesday,2024-03,24991.830000000005
S05,Edible Oils,Friday,2024-03,40358.619999999995
S05,Edible Oils,Monday,2024-03,29182.530000000002
S05,Edible Oils,Saturday,2024-03,84000.89000000001
S05,Edible Oils,Sunday,2024-03,81874.97999999995
S05,Edible Oils,Thursday,2024-03,62544.72999999999
S05,Edible Oils,Tuesday,2024-03,61474.26000000001
S05,Edible Oils,Wednesday,2024-03,43698.19000000001
S05,Frozen & Ready to Eat,Friday,2024-03,23234.610000000004
S05,Frozen & Ready to Eat,Monday,2024-03,10736.900000000001
S05,Frozen & Ready to Eat,Saturday,2024-03,41958.270000000026
S05,Frozen & Ready to Eat,Sunday,2024-03,31639.730000000003
S05,Frozen & Ready to Eat,Thursday,2024-03,18083.8
S05,Frozen & Ready to Eat,Tuesday,2024-03,9137.819999999998
S05,Frozen & Ready to Eat,Wednesday,2024-03,14704.4
S05,Fruits & Vegetables,Friday,2024-03,14955.120000000004
S05,Fruits & Vegetables,Monday,2024-03,7290.150000000001
S05,Fruits & Vegetables,Saturday,2024-03,16070.37
S05,Fruits & Vegetables,Sunday,2024-03,11214.550000000001
S05,Fruits & Vegetables,Thursday,2024-03,11389.03
S05,Fruits & Vegetables,Tuesday,2024-03,13928.860000000004
S05,Fruits & Vegetables,Wednesday,2024-03,7952.339999999999
S05,Home Care,Friday,2024-03,21017.399999999994
S05,Home Care,Monday,2024-03,13257.759999999998
S05,Home Care,Saturday,2024-03,29577.309999999998
S05,Home Care,Sunday,2024-03,37668.30999999998
S05,Home Care,Thursday,2024-03,8219.17
S05,Home Care,Tuesday,2024-03,17508.24
S05,Home Care,Wednesday,2024-03,13514.070000000002
S05,Personal Care,Friday,2024-03,27753.950000000004
S05,Personal Care,Monday,2024-03,14165.740000000003
S05,Personal Care,Saturday,2024-03,31651.879999999994
S05,Personal Care,Sunday,2024-03,48217.86
S05,Personal Care,Thursday,2024-03,26550.670000000002
S05,Personal Care,Tuesday,2024-03,19449.6
S05,Personal Care,Wednesday,2024-03,23703.439999999995
S05,Spices & Masala,Friday,2024-03,13373.130000000001
S05,Spices & Masala,Monday,2024-03,6057.150000000001
S05,Spices & Masala,Saturday,2024-03,13977.359999999999
S05,Spices & Masala,Sunday,2024-03,15503.799999999997
S05,Spices & Masala,Thursday,2024-03,9205.83
S05,Spices & Masala,Tuesday,2024-03,6070.2699999999995
S05,Spices & Masala,Wednesday,2024-03,10014.48
S05,Staples & Grains,Friday,2024-03,59744.98
S05,Staples & Grains,Monday,2024-03,45696.22
S05,Staples & Grains,Saturday,2024-03,105250.51999999999
S05,Staples & Grains,Sunday,2024-03,89984.54999999999
S05,Staples & Grains,Thursday,2024-03,53687.31000000001
S05,Staples & Grains,Tuesday,2024-03,28324.800000000007
S05,Staples & Grains,Wednesday,2024-03,51300.80000000001
S05,Stationery & General,Friday,2024-03,19851.260000000002
S05,Stationery & General,Monday,2024-03,13423.759999999998
S05,Stationery & General,Saturday,2024-03,28370.189999999995
S05,Stationery & General,Sunday,2024-03,35060.51
S05,Stationery & General,Thursday,2024-03,14047.3
S05,Stationery & General,Tuesday,2024-03,9873.850000000002
S05,Stationery & General,Wednesday,2024-03,9892.809999999998
S05,UNKNOWN,Friday,2024-03,-2114.5200000000004
S05,UNKNOWN,Monday,2024-03,-1773.17
S05,UNKNOWN,Saturday,2024-03,-4122.889999999999
S05,UNKNOWN,Sunday,2024-03,-5940.220000000001
S05,UNKNOWN,Thursday,2024-03,-2517.46
S05,UNKNOWN,Tuesday,2024-03,-3210.84
S05,UNKNOWN,Wednesday,2024-03,-2754.6399999999994
S05,Baby Care,Friday,2024-04,45210.55999999999
S05,Baby Care,Monday,2024-04,47568.31999999999
S05,Baby Care,Saturday,2024-04,82069.71999999997
S05,Baby Care,Sunday,2024-04,97605.93
S05,Baby Care,Thursday,2024-04,46298.259999999995
S05,Baby Care,Tuesday,2024-04,41164.82
S05,Baby Care,Wednesday,2024-04,47002.41999999999
S05,Bakery,Friday,2024-04,4672.99
S05,Bakery,Monday,2024-04,6894.18
S05,Bakery,Saturday,2024-04,9588.260000000004
S05,Bakery,Sunday,2024-04,7588.36
S05,Bakery,Thursday,2024-04,9135.279999999999
S05,Bakery,Tuesday,2024-04,5832.550000000001
S05,Bakery,Wednesday,2024-04,5915.239999999999
S05,Beverages,Friday,2024-04,15893.58
S05,Beverages,Monday,2024-04,17213.76
S05,Beverages,Saturday,2024-04,19831.649999999998
S05,Beverages,Sunday,2024-04,22647.120000000003
S05,Beverages,Thursday,2024-04,10995.400000000001
S05,Beverages,Tuesday,2024-04,13018.28
S05,Beverages,Wednesday,2024-04,14359.4
S05,Biscuits & Snacks,Friday,2024-04,4514.41
S05,Biscuits & Snacks,Monday,2024-04,5094.379999999999
S05,Biscuits & Snacks,Saturday,2024-04,5498.4400000000005
S05,Biscuits & Snacks,Sunday,2024-04,6109.800000000001
S05,Biscuits & Snacks,Thursday,2024-04,3121.6
S05,Biscuits & Snacks,Tuesday,2024-04,4921.340000000001
S05,Biscuits & Snacks,Wednesday,2024-04,3015.15
S05,Confectionery,Friday,2024-04,9176.639999999998
S05,Confectionery,Monday,2024-04,9621.3
S05,Confectionery,Saturday,2024-04,12036.080000000002
S05,Confectionery,Sunday,2024-04,18650.269999999997
S05,Confectionery,Thursday,2024-04,11179.450000000003
S05,Confectionery,Tuesday,2024-04,5256.219999999999
S05,Confectionery,Wednesday,2024-04,5910.429999999999
S05,Dairy,Friday,2024-04,20965.440000000002
S05,Dairy,Monday,2024-04,22024.370000000006
S05,Dairy,Saturday,2024-04,38735.66999999999
S05,Dairy,Sunday,2024-04,24397.199999999997
S05,Dairy,Thursday,2024-04,14018.190000000002
S05,Dairy,Tuesday,2024-04,24205.010000000002
S05,Dairy,Wednesday,2024-04,10835.31
S05,Edible Oils,Friday,2024-04,40022.68000000001
S05,Edible Oils,Monday,2024-04,43763.25
S05,Edible Oils,Saturday,2024-04,55798.379999999976
S05,Edible Oils,Sunday,2024-04,59164.389999999985
S05,Edible Oils,Thursday,2024-04,26088.589999999997
S05,Edible Oils,Tuesday,2024-04,91942.02999999998
S05,Edible Oils,Wednesday,2024-04,28993.850000000006
S05,Frozen & Ready to Eat,Friday,2024-04,12973.719999999998
S05,Frozen & Ready to Eat,Monday,2024-04,14960.79
S05,Frozen & Ready to Eat,Saturday,2024-04,20840.489999999994
S05,Frozen & Ready to Eat,Sunday,2024-04,20320.400000000005
S05,Frozen & Ready to Eat,Thursday,2024-04,13644.740000000002
S05,Frozen & Ready to Eat,Tuesday,2024-04,14537.5
S05,Frozen & Ready to Eat,Wednesday,2024-04,13738.879999999997
S05,Fruits & Vegetables,Friday,2024-04,8382.320000000002
S05,Fruits & Vegetables,Monday,2024-04,6033.469999999999
S05,Fruits & Vegetables,Saturday,2024-04,10958.55
S05,Fruits & Vegetables,Sunday,2024-04,9938.34
S05,Fruits & Vegetables,Thursday,2024-04,8566.300000000001
S05,Fruits & Vegetables,Tuesday,2024-04,7567.99
S05,Fruits & Vegetables,Wednesday,2024-04,6018.419999999999
S05,Home Care,Friday,2024-04,10179.210000000001
S05,Home Care,Monday,2024-04,11062.85
S05,Home Care,Saturday,2024-04,17602.53
S05,Home Care,Sunday,2024-04,21973.97
S05,Home Care,Thursday,2024-04,12626.059999999998
S05,Home Care,Tuesday,2024-04,13926.26
S05,Home Care,Wednesday,2024-04,10817.08
S05,Personal Care,Friday,2024-04,17611.010000000002
S05,Personal Care,Monday,2024-04,8734.220000000001
S05,Personal Care,Saturday,2024-04,33230.350000000006
S05,Personal Care,Sunday,2024-04,16320.569999999996
S05,Personal Care,Thursday,2024-04,14168.500000000002
S05,Personal Care,Tuesday,2024-04,27672.53
S05,Personal Care,Wednesday,2024-04,16429.739999999998
S05,Spices & Masala,Friday,2024-04,11134.560000000001
S05,Spices & Masala,Monday,2024-04,13151.06
S05,Spices & Masala,Saturday,2024-04,17910.210000000003
S05,Spices & Masala,Sunday,2024-04,16307.419999999993
S05,Spices & Masala,Thursday,2024-04,4935.11
S05,Spices & Masala,Tuesday,2024-04,14115.720000000005
S05,Spices & Masala,Wednesday,2024-04,12169.529999999995
S05,Staples & Grains,Friday,2024-04,42669.98
S05,Staples & Grains,Monday,2024-04,76994.50999999998
S05,Staples & Grains,Saturday,2024-04,81718.22
S05,Staples & Grains,Sunday,2024-04,91361.06999999999
S05,Staples & Grains,Thursday,2024-04,33961.530000000006
S05,Staples & Grains,Tuesday,2024-04,76029.83
S05,Staples & Grains,Wednesday,2024-04,21908.000000000004
S05,Stationery & General,Friday,2024-04,9020.809999999998
S05,Stationery & General,Monday,2024-04,15242.019999999997
S05,Stationery & General,Saturday,2024-04,20189.140000000003
S05,Stationery & General,Sunday,2024-04,24818.369999999995
S05,Stationery & General,Thursday,2024-04,9172.89
S05,Stationery & General,Tuesday,2024-04,15079.499999999996
S05,Stationery & General,Wednesday,2024-04,12249.02
S05,UNKNOWN,Friday,2024-04,-2237.49
S05,UNKNOWN,Monday,2024-04,-3004.29
S05,UNKNOWN,Saturday,2024-04,-5765.92
S05,UNKNOWN,Sunday,2024-04,-2981.53
S05,UNKNOWN,Thursday,2024-04,-1936.7300000000005
S05,UNKNOWN,Tuesday,2024-04,-4641.69
S05,UNKNOWN,Wednesday,2024-04,-2913.7000000000003
S05,Baby Care,Friday,2024-05,60575.1
S05,Baby Care,Monday,2024-05,41534.49999999999
S05,Baby Care,Saturday,2024-05,84736.16
S05,Baby Care,Sunday,2024-05,75525.76000000001
S05,Baby Care,Thursday,2024-05,69753.79000000001
S05,Baby Care,Tuesday,2024-05,21830.41
S05,Baby Care,Wednesday,2024-05,50933.18
S05,Bakery,Friday,2024-05,7894.230000000001
S05,Bakery,Monday,2024-05,6400.719999999999
S05,Bakery,Saturday,2024-05,8276.64
S05,Bakery,Sunday,2024-05,8803.98
S05,Bakery,Thursday,2024-05,7519.3
S05,Bakery,Tuesday,2024-05,4432.579999999999
S05,Bakery,Wednesday,2024-05,4965.589999999999
S05,Beverages,Friday,2024-05,21170.18
S05,Beverages,Monday,2024-05,12267.799999999997
S05,Beverages,Saturday,2024-05,18261.11
S05,Beverages,Sunday,2024-05,17743.389999999996
S05,Beverages,Thursday,2024-05,17586.260000000002
S05,Beverages,Tuesday,2024-05,7655.079999999999
S05,Beverages,Wednesday,2024-05,11453.869999999999
S05,Biscuits & Snacks,Friday,2024-05,5051.379999999998
S05,Biscuits & Snacks,Monday,2024-05,2663.5199999999995
S05,Biscuits & Snacks,Saturday,2024-05,4364.18
S05,Biscuits & Snacks,Sunday,2024-05,3823.070000000001
S05,Biscuits & Snacks,Thursday,2024-05,3721.3599999999997
S05,Biscuits & Snacks,Tuesday,2024-05,3199.24
S05,Biscuits & Snacks,Wednesday,2024-05,4681.589999999999
S05,Confectionery,Friday,2024-05,11391.819999999998
S05,Confectionery,Monday,2024-05,11314.460000000003
S05,Confectionery,Saturday,2024-05,11246.96
S05,Confectionery,Sunday,2024-05,12467.950000000003
S05,Confectionery,Thursday,2024-05,8931.66
S05,Confectionery,Tuesday,2024-05,4484.269999999999
S05,Confectionery,Wednesday,2024-05,11635.200000000003
S05,Dairy,Friday,2024-05,29981.549999999996
S05,Dairy,Monday,2024-05,25411.17
S05,Dairy,Saturday,2024-05,29148.729999999996
S05,Dairy,Sunday,2024-05,30517.19
S05,Dairy,Thursday,2024-05,39863.529999999984
S05,Dairy,Tuesday,2024-05,16310.170000000002
S05,Dairy,Wednesday,2024-05,28897.340000000007
S05,Edible Oils,Friday,2024-05,56889.349999999984
S05,Edible Oils,Monday,2024-05,48388.1
S05,Edible Oils,Saturday,2024-05,84563.63
S05,Edible Oils,Sunday,2024-05,54759.669999999984
S05,Edible Oils,Thursday,2024-05,50996.29999999998
S05,Edible Oils,Tuesday,2024-05,46074.32999999999
S05,Edible Oils,Wednesday,2024-05,55415.83
S05,Frozen & Ready to Eat,Friday,2024-05,23261.32
S05,Frozen & Ready to Eat,Monday,2024-05,11476.409999999998
S05,Frozen & Ready to Eat,Saturday,2024-05,23713.250000000004
S05,Frozen & Ready to Eat,Sunday,2024-05,25474.37000000001
S05,Frozen & Ready to Eat,Thursday,2024-05,17568.210000000003
S05,Frozen & Ready to Eat,Tuesday,2024-05,11082.76
S05,Frozen & Ready to Eat,Wednesday,2024-05,20609.52
S05,Fruits & Vegetables,Friday,2024-05,9417.199999999995
S05,Fruits & Vegetables,Monday,2024-05,4436.650000000001
S05,Fruits & Vegetables,Saturday,2024-05,7995.589999999999
S05,Fruits & Vegetables,Sunday,2024-05,11013.27
S05,Fruits & Vegetables,Thursday,2024-05,13950.65
S05,Fruits & Vegetables,Tuesday,2024-05,6832.119999999998
S05,Fruits & Vegetables,Wednesday,2024-05,5888.2699999999995
S05,Home Care,Friday,2024-05,12167.92
S05,Home Care,Monday,2024-05,13410.869999999999
S05,Home Care,Saturday,2024-05,19867.120000000003
S05,Home Care,Sunday,2024-05,12397.47
S05,Home Care,Thursday,2024-05,17205.73
S05,Home Care,Tuesday,2024-05,15658.719999999998
S05,Home Care,Wednesday,2024-05,14330.83
S05,Personal Care,Friday,2024-05,27269.480000000003
S05,Personal Care,Monday,2024-05,11866.8
S05,Personal Care,Saturday,2024-05,25182.13
S05,Personal Care,Sunday,2024-05,36156.01999999999
S05,Personal Care,Thursday,2024-05,20060.460000000003
S05,Personal Care,Tuesday,2024-05,13137.730000000001
S05,Personal Care,Wednesday,2024-05,20517.680000000004
S05,Spices & Masala,Friday,2024-05,18044.580000000005
S05,Spices & Masala,Monday,2024-05,6742.059999999999
S05,Spices & Masala,Saturday,2024-05,13666.919999999998
S05,Spices & Masala,Sunday,2024-05,20621.789999999997
S05,Spices & Masala,Thursday,2024-05,16258.349999999999
S05,Spices & Masala,Tuesday,2024-05,6734.8099999999995
S05,Spices & Masala,Wednesday,2024-05,5935.219999999998
S05,Staples & Grains,Friday,2024-05,70463.09000000001
S05,Staples & Grains,Monday,2024-05,38878.41000000001
S05,Staples & Grains,Saturday,2024-05,79637.14
S05,Staples & Grains,Sunday,2024-05,80352.45999999999
S05,Staples & Grains,Thursday,2024-05,68784.15999999999
S05,Staples & Grains,Tuesday,2024-05,47178.68000000001
S05,Staples & Grains,Wednesday,2024-05,50458.37
S05,Stationery & General,Friday,2024-05,14816.83
S05,Stationery & General,Monday,2024-05,7359.78
S05,Stationery & General,Saturday,2024-05,24024.129999999997
S05,Stationery & General,Sunday,2024-05,19548.570000000003
S05,Stationery & General,Thursday,2024-05,12140.589999999998
S05,Stationery & General,Tuesday,2024-05,8198.519999999999
S05,Stationery & General,Wednesday,2024-05,14881.630000000001
S05,UNKNOWN,Friday,2024-05,-1902.0900000000006
S05,UNKNOWN,Monday,2024-05,-2584.2799999999997
S05,UNKNOWN,Saturday,2024-05,-5890.889999999999
S05,UNKNOWN,Sunday,2024-05,-3284.350000000001
S05,UNKNOWN,Thursday,2024-05,-4662.7699999999995
S05,UNKNOWN,Tuesday,2024-05,-1634.97
S05,UNKNOWN,Wednesday,2024-05,-2502.84
S05,Baby Care,Friday,2024-06,56916.72999999999
S05,Baby Care,Monday,2024-06,35522.44
S05,Baby Care,Saturday,2024-06,100747.59
S05,Baby Care,Sunday,2024-06,67497.61999999997
S05,Baby Care,Thursday,2024-06,31350.16
S05,Baby Care,Tuesday,2024-06,27779.789999999997
S05,Baby Care,Wednesday,2024-06,28028.450000000004
S05,Bakery,Friday,2024-06,6257.9800000000005
S05,Bakery,Monday,2024-06,6542.6500000000015
S05,Bakery,Saturday,2024-06,12150.44
S05,Bakery,Sunday,2024-06,9487.68
S05,Bakery,Thursday,2024-06,5972.260000000002
S05,Bakery,Tuesday,2024-06,5757.590000000001
S05,Bakery,Wednesday,2024-06,2764.83
S05,Beverages,Friday,2024-06,15665.569999999998
S05,Beverages,Monday,2024-06,10316.939999999999
S05,Beverages,Saturday,2024-06,21515.920000000002
S05,Beverages,Sunday,2024-06,23148.41
S05,Beverages,Thursday,2024-06,8261.47
S05,Beverages,Tuesday,2024-06,19631.09
S05,Beverages,Wednesday,2024-06,8564.83
S05,Biscuits & Snacks,Friday,2024-06,5590.219999999999
S05,Biscuits & Snacks,Monday,2024-06,3698.04
S05,Biscuits & Snacks,Saturday,2024-06,9335.240000000002
S05,Biscuits & Snacks,Sunday,2024-06,6500.85
S05,Biscuits & Snacks,Thursday,2024-06,5092.18
S05,Biscuits & Snacks,Tuesday,2024-06,3339.47
S05,Biscuits & Snacks,Wednesday,2024-06,4364.69
S05,Confectionery,Friday,2024-06,12427.750000000004
S05,Confectionery,Monday,2024-06,6444.27
S05,Confectionery,Saturday,2024-06,15513.849999999995
S05,Confectionery,Sunday,2024-06,10782.620000000003
S05,Confectionery,Thursday,2024-06,10001.639999999998
S05,Confectionery,Tuesday,2024-06,7003.640000000001
S05,Confectionery,Wednesday,2024-06,9458.559999999998
S05,Dairy,Friday,2024-06,23762.1
S05,Dairy,Monday,2024-06,16633.710000000003
S05,Dairy,Saturday,2024-06,39016.030000000006
S05,Dairy,Sunday,2024-06,30204.55
S05,Dairy,Thursday,2024-06,24298.770000000004
S05,Dairy,Tuesday,2024-06,14137.88
S05,Dairy,Wednesday,2024-06,15953.920000000002
S05,Edible Oils,Friday,2024-06,42614.049999999996
S05,Edible Oils,Monday,2024-06,29910.100000000006
S05,Edible Oils,Saturday,2024-06,84944.35999999996
S05,Edible Oils,Sunday,2024-06,85732.64
S05,Edible Oils,Thursday,2024-06,21076.640000000003
S05,Edible Oils,Tuesday,2024-06,22614.63
S05,Edible Oils,Wednesday,2024-06,46446.06999999999
S05,Frozen & Ready to Eat,Friday,2024-06,21127.300000000003
S05,Frozen & Ready to Eat,Monday,2024-06,7365.599999999999
S05,Frozen & Ready to Eat,Saturday,2024-06,27876.039999999997
S05,Frozen & Ready to Eat,Sunday,2024-06,19211.199999999997
S05,Frozen & Ready to Eat,Thursday,2024-06,15219.58
S05,Frozen & Ready to Eat,Tuesday,2024-06,9416.33
S05,Frozen & Ready to Eat,Wednesday,2024-06,11228.110000000002
S05,Fruits & Vegetables,Friday,2024-06,10466.47
S05,Fruits & Vegetables,Monday,2024-06,5445.9000000000015
S05,Fruits & Vegetables,Saturday,2024-06,16285.519999999999
S05,Fruits & Vegetables,Sunday,2024-06,10396.3
S05,Fruits & Vegetables,Thursday,2024-06,5066.509999999999
S05,Fruits & Vegetables,Tuesday,2024-06,2921.9600000000005
S05,Fruits & Vegetables,Wednesday,2024-06,3726.2200000000007
S05,Home Care,Friday,2024-06,18197.04
S05,Home Care,Monday,2024-06,5069.37
S05,Home Care,Saturday,2024-06,25491.520000000004
S05,Home Care,Sunday,2024-06,26932.97
S05,Home Care,Thursday,2024-06,10472.21
S05,Home Care,Tuesday,2024-06,15284.420000000002
S05,Home Care,Wednesday,2024-06,8417.46
S05,Personal Care,Friday,2024-06,17509.97
S05,Personal Care,Monday,2024-06,12606.210000000001
S05,Personal Care,Saturday,2024-06,41897.82
S05,Personal Care,Sunday,2024-06,39151.8
S05,Personal Care,Thursday,2024-06,18862.47
S05,Personal Care,Tuesday,2024-06,17703.77
S05,Personal Care,Wednesday,2024-06,20297.38
S05,Spices & Masala,Friday,2024-06,18651.519999999997
S05,Spices & Masala,Monday,2024-06,10062.980000000003
S05,Spices & Masala,Saturday,2024-06,14071.01
S05,Spices & Masala,Sunday,2024-06,15765.29
S05,Spices & Masala,Thursday,2024-06,9401.04
S05,Spices & Masala,Tuesday,2024-06,6638.03
S05,Spices & Masala,Wednesday,2024-06,3296.0399999999995
S05,Staples & Grains,Friday,2024-06,72363.97000000002
S05,Staples & Grains,Monday,2024-06,35867.5
S05,Staples & Grains,Saturday,2024-06,114348.91
S05,Staples & Grains,Sunday,2024-06,75961.95999999999
S05,Staples & Grains,Thursday,2024-06,24390.629999999997
S05,Staples & Grains,Tuesday,2024-06,24294.120000000006
S05,Staples & Grains,Wednesday,2024-06,71106.24
S05,Stationery & General,Friday,2024-06,19953.0
S05,Stationery & General,Monday,2024-06,8105.82
S05,Stationery & General,Saturday,2024-06,29137.11
S05,Stationery & General,Sunday,2024-06,24692.64
S05,Stationery & General,Thursday,2024-06,13334.09
S05,Stationery & General,Tuesday,2024-06,11392.600000000004
S05,Stationery & General,Wednesday,2024-06,10280.609999999997
S05,UNKNOWN,Friday,2024-06,-3726.9699999999993
S05,UNKNOWN,Monday,2024-06,-562.29
S05,UNKNOWN,Saturday,2024-06,-6157.21
S05,UNKNOWN,Sunday,2024-06,-4155.21
S05,UNKNOWN,Thursday,2024-06,-2171.04
S05,UNKNOWN,Tuesday,2024-06,-2397.54
S05,UNKNOWN,Wednesday,2024-06,-2396.12
S05,Baby Care,Friday,2024-07,51258.460000000014
S05,Baby Care,Monday,2024-07,46563.13999999999
S05,Baby Care,Saturday,2024-07,87352.88999999996
S05,Baby Care,Sunday,2024-07,45321.31999999999
S05,Baby Care,Thursday,2024-07,44508.89
S05,Baby Care,Tuesday,2024-07,72388.87
S05,Baby Care,Wednesday,2024-07,47723.130000000005
S05,Bakery,Friday,2024-07,10048.899999999998
S05,Bakery,Monday,2024-07,9443.03
S05,Bakery,Saturday,2024-07,13896.970000000005
S05,Bakery,Sunday,2024-07,11824.590000000002
S05,Bakery,Thursday,2024-07,7769.629999999999
S05,Bakery,Tuesday,2024-07,10809.87
S05,Bakery,Wednesday,2024-07,6994.44
S05,Beverages,Friday,2024-07,13294.840000000004
S05,Beverages,Monday,2024-07,14209.619999999999
S05,Beverages,Saturday,2024-07,17621.49
S05,Beverages,Sunday,2024-07,20930.610000000004
S05,Beverages,Thursday,2024-07,9175.309999999998
S05,Beverages,Tuesday,2024-07,12472.140000000001
S05,Beverages,Wednesday,2024-07,12588.85
S05,Biscuits & Snacks,Friday,2024-07,4721.26
S05,Biscuits & Snacks,Monday,2024-07,3382.3300000000004
S05,Biscuits & Snacks,Saturday,2024-07,6629.150000000001
S05,Biscuits & Snacks,Sunday,2024-07,7043.239999999999
S05,Biscuits & Snacks,Thursday,2024-07,2236.9
S05,Biscuits & Snacks,Tuesday,2024-07,4232.559999999999
S05,Biscuits & Snacks,Wednesday,2024-07,2002.8200000000002
S05,Confectionery,Friday,2024-07,9609.289999999999
S05,Confectionery,Monday,2024-07,6854.449999999998
S05,Confectionery,Saturday,2024-07,9676.44
S05,Confectionery,Sunday,2024-07,10201.91
S05,Confectionery,Thursday,2024-07,5701.830000000001
S05,Confectionery,Tuesday,2024-07,12742.390000000001
S05,Confectionery,Wednesday,2024-07,10887.38
S05,Dairy,Friday,2024-07,34044.98
S05,Dairy,Monday,2024-07,21104.229999999992
S05,Dairy,Saturday,2024-07,28399.150000000005
S05,Dairy,Sunday,2024-07,21999.309999999998
S05,Dairy,Thursday,2024-07,23684.280000000002
S05,Dairy,Tuesday,2024-07,22013.44
S05,Dairy,Wednesday,2024-07,16527.86
S05,Edible Oils,Friday,2024-07,78699.93
S05,Edible Oils,Monday,2024-07,46546.04000000001
S05,Edible Oils,Saturday,2024-07,59453.50999999998
S05,Edible Oils,Sunday,2024-07,74845.94999999998
S05,Edible Oils,Thursday,2024-07,35626.92999999999
S05,Edible Oils,Tuesday,2024-07,44013.020000000004
S05,Edible Oils,Wednesday,2024-07,39243.84999999999
S05,Frozen & Ready to Eat,Friday,2024-07,16662.34
S05,Frozen & Ready to Eat,Monday,2024-07,10110.1
S05,Frozen & Ready to Eat,Saturday,2024-07,29484.850000000013
S05,Frozen & Ready to Eat,Sunday,2024-07,22175.969999999998
S05,Frozen & Ready to Eat,Thursday,2024-07,19517.970000000005
S05,Frozen & Ready to Eat,Tuesday,2024-07,16525.100000000002
S05,Frozen & Ready to Eat,Wednesday,2024-07,14108.83
S05,Fruits & Vegetables,Friday,2024-07,7391.139999999999
S05,Fruits & Vegetables,Monday,2024-07,5504.350000000001
S05,Fruits & Vegetables,Saturday,2024-07,17412.969999999998
S05,Fruits & Vegetables,Sunday,2024-07,10363.890000000003
S05,Fruits & Vegetables,Thursday,2024-07,8551.450000000003
S05,Fruits & Vegetables,Tuesday,2024-07,5948.8
S05,Fruits & Vegetables,Wednesday,2024-07,14038.029999999997
S05,Home Care,Friday,2024-07,17918.81
S05,Home Care,Monday,2024-07,11740.160000000003
S05,Home Care,Saturday,2024-07,22650.989999999998
S05,Home Care,Sunday,2024-07,18070.079999999998
S05,Home Care,Thursday,2024-07,12015.389999999998
S05,Home Care,Tuesday,2024-07,18293.750000000004
S05,Home Care,Wednesday,2024-07,18589.66
S05,Personal Care,Friday,2024-07,25774.980000000007
S05,Personal Care,Monday,2024-07,20512.440000000002
S05,Personal Care,Saturday,2024-07,25773.410000000003
S05,Personal Care,Sunday,2024-07,24281.870000000003
S05,Personal Care,Thursday,2024-07,19442.94
S05,Personal Care,Tuesday,2024-07,24381.990000000005
S05,Personal Care,Wednesday,2024-07,25744.420000000002
S05,Spices & Masala,Friday,2024-07,10989.33
S05,Spices & Masala,Monday,2024-07,6618.349999999999
S05,Spices & Masala,Saturday,2024-07,17025.86
S05,Spices & Masala,Sunday,2024-07,17061.749999999993
S05,Spices & Masala,Thursday,2024-07,6644.490000000002
S05,Spices & Masala,Tuesday,2024-07,11328.110000000002
S05,Spices & Masala,Wednesday,2024-07,10951.089999999998
S05,Staples & Grains,Friday,2024-07,62227.65
S05,Staples & Grains,Monday,2024-07,44976.48000000001
S05,Staples & Grains,Saturday,2024-07,69753.61000000002
S05,Staples & Grains,Sunday,2024-07,65610.49
S05,Staples & Grains,Thursday,2024-07,56886.6
S05,Staples & Grains,Tuesday,2024-07,70088.04
S05,Staples & Grains,Wednesday,2024-07,42638.399999999994
S05,Stationery & General,Friday,2024-07,14727.07
S05,Stationery & General,Monday,2024-07,11829.96
S05,Stationery & General,Saturday,2024-07,15418.770000000002
S05,Stationery & General,Sunday,2024-07,14601.569999999998
S05,Stationery & General,Thursday,2024-07,10595.37
S05,Stationery & General,Tuesday,2024-07,13134.340000000004
S05,Stationery & General,Wednesday,2024-07,16708.600000000002
S05,UNKNOWN,Friday,2024-07,-3169.73
S05,UNKNOWN,Monday,2024-07,-3139.87
S05,UNKNOWN,Saturday,2024-07,-3090.4500000000003
S05,UNKNOWN,Sunday,2024-07,-2963.08
S05,UNKNOWN,Thursday,2024-07,-3765.7599999999998
S05,UNKNOWN,Tuesday,2024-07,-2331.3900000000003
S05,UNKNOWN,Wednesday,2024-07,-3100.9700000000003
S05,Baby Care,Friday,2024-08,79793.31000000003
S05,Baby Care,Monday,2024-08,38637.950000000004
S05,Baby Care,Saturday,2024-08,74800.61000000002
S05,Baby Care,Sunday,2024-08,39384.939999999995
S05,Baby Care,Thursday,2024-08,50821.08
S05,Baby Care,Tuesday,2024-08,56403.39
S05,Baby Care,Wednesday,2024-08,43849.66
S05,Bakery,Friday,2024-08,11714.76
S05,Bakery,Monday,2024-08,5272.01
S05,Bakery,Saturday,2024-08,18978.59
S05,Bakery,Sunday,2024-08,9148.0
S05,Bakery,Thursday,2024-08,8378.02
S05,Bakery,Tuesday,2024-08,6919.11
S05,Bakery,Wednesday,2024-08,4514.11
S05,Beverages,Friday,2024-08,18808.29
S05,Beverages,Monday,2024-08,16969.23
S05,Beverages,Saturday,2024-08,29091.370000000003
S05,Beverages,Sunday,2024-08,26157.070000000007
S05,Beverages,Thursday,2024-08,15666.35
S05,Beverages,Tuesday,2024-08,12021.759999999998
S05,Beverages,Wednesday,2024-08,17897.739999999998
S05,Biscuits & Snacks,Friday,2024-08,7095.300000000001
S05,Biscuits & Snacks,Monday,2024-08,3401.2699999999995
S05,Biscuits & Snacks,Saturday,2024-08,7949.2
S05,Biscuits & Snacks,Sunday,2024-08,5750.439999999999
S05,Biscuits & Snacks,Thursday,2024-08,4758.700000000001
S05,Biscuits & Snacks,Tuesday,2024-08,4724.529999999999
S05,Biscuits & Snacks,Wednesday,2024-08,1901.6400000000003
S05,Confectionery,Friday,2024-08,15849.329999999998
S05,Confectionery,Monday,2024-08,7789.86
S05,Confectionery,Saturday,2024-08,19334.450000000004
S05,Confectionery,Sunday,2024-08,14103.869999999999
S05,Confectionery,Thursday,2024-08,14599.66
S05,Confectionery,Tuesday,2024-08,6099.730000000001
S05,Confectionery,Wednesday,2024-08,7985.68
S05,Dairy,Friday,2024-08,37060.50000000001
S05,Dairy,Monday,2024-08,20798.5
S05,Dairy,Saturday,2024-08,58903.850000000006
S05,Dairy,Sunday,2024-08,33639.67
S05,Dairy,Thursday,2024-08,16565.5
S05,Dairy,Tuesday,2024-08,19235.18
S05,Dairy,Wednesday,2024-08,14651.39
S05,Edible Oils,Friday,2024-08,76742.69
S05,Edible Oils,Monday,2024-08,33856.270000000004
S05,Edible Oils,Saturday,2024-08,92030.29999999999
S05,Edible Oils,Sunday,2024-08,77099.84000000003
S05,Edible Oils,Thursday,2024-08,44489.42000000001
S05,Edible Oils,Tuesday,2024-08,33614.84
S05,Edible Oils,Wednesday,2024-08,42084.869999999995
S05,Frozen & Ready to Eat,Friday,2024-08,27399.049999999996
S05,Frozen & Ready to Eat,Monday,2024-08,13044.789999999995
S05,Frozen & Ready to Eat,Saturday,2024-08,25913.989999999998
S05,Frozen & Ready to Eat,Sunday,2024-08,16496.26
S05,Frozen & Ready to Eat,Thursday,2024-08,10709.47
S05,Frozen & Ready to Eat,Tuesday,2024-08,10046.089999999998
S05,Frozen & Ready to Eat,Wednesday,2024-08,16221.939999999999
S05,Fruits & Vegetables,Friday,2024-08,18515.779999999995
S05,Fruits & Vegetables,Monday,2024-08,5092.16
S05,Fruits & Vegetables,Saturday,2024-08,18763.060000000005
S05,Fruits & Vegetables,Sunday,2024-08,12864.640000000001
S05,Fruits & Vegetables,Thursday,2024-08,9977.670000000002
S05,Fruits & Vegetables,Tuesday,2024-08,8471.699999999999
S05,Fruits & Vegetables,Wednesday,2024-08,4801.53
S05,Home Care,Friday,2024-08,28378.559999999998
S05,Home Care,Monday,2024-08,20090.6
S05,Home Care,Saturday,2024-08,28652.77
S05,Home Care,Sunday,2024-08,22435.120000000003
S05,Home Care,Thursday,2024-08,16234.939999999999
S05,Home Care,Tuesday,2024-08,8299.92
S05,Home Care,Wednesday,2024-08,14872.34
S05,Personal Care,Friday,2024-08,30284.000000000004
S05,Personal Care,Monday,2024-08,18704.460000000003
S05,Personal Care,Saturday,2024-08,35303.66
S05,Personal Care,Sunday,2024-08,32985.61000000001
S05,Personal Care,Thursday,2024-08,18355.609999999997
S05,Personal Care,Tuesday,2024-08,16671.550000000003
S05,Personal Care,Wednesday,2024-08,15473.32
S05,Spices & Masala,Friday,2024-08,16591.11
S05,Spices & Masala,Monday,2024-08,7897.239999999999
S05,Spices & Masala,Saturday,2024-08,22280.579999999994
S05,Spices & Masala,Sunday,2024-08,14887.509999999998
S05,Spices & Masala,Thursday,2024-08,11355.619999999999
S05,Spices & Masala,Tuesday,2024-08,9550.369999999997
S05,Spices & Masala,Wednesday,2024-08,11222.09
S05,Staples & Grains,Friday,2024-08,102985.16
S05,Staples & Grains,Monday,2024-08,59406.34
S05,Staples & Grains,Saturday,2024-08,126355.78000000001
S05,Staples & Grains,Sunday,2024-08,91570.28999999998
S05,Staples & Grains,Thursday,2024-08,54063.8
S05,Staples & Grains,Tuesday,2024-08,45563.44
S05,Staples & Grains,Wednesday,2024-08,40848.69
S05,Stationery & General,Friday,2024-08,15224.97
S05,Stationery & General,Monday,2024-08,12429.189999999999
S05,Stationery & General,Saturday,2024-08,35407.79000000001
S05,Stationery & General,Sunday,2024-08,20301.659999999996
S05,Stationery & General,Thursday,2024-08,21912.99
S05,Stationery & General,Tuesday,2024-08,13241.409999999996
S05,Stationery & General,Wednesday,2024-08,13024.389999999998
S05,UNKNOWN,Friday,2024-08,-6203.58
S05,UNKNOWN,Monday,2024-08,-3078.42
S05,UNKNOWN,Saturday,2024-08,-6352.090000000001
S05,UNKNOWN,Sunday,2024-08,-4559.120000000001
S05,UNKNOWN,Thursday,2024-08,-4153.43
S05,UNKNOWN,Tuesday,2024-08,-2191.88
S05,UNKNOWN,Wednesday,2024-08,-737.0699999999999
S05,Baby Care,Friday,2024-09,64468.35999999999
S05,Baby Care,Monday,2024-09,34794.590000000004
S05,Baby Care,Saturday,2024-09,58768.83000000001
S05,Baby Care,Sunday,2024-09,91761.55999999998
S05,Baby Care,Thursday,2024-09,58100.35000000001
S05,Baby Care,Tuesday,2024-09,28042.839999999993
S05,Baby Care,Wednesday,2024-09,60458.560000000005
S05,Bakery,Friday,2024-09,10861.739999999998
S05,Bakery,Monday,2024-09,5167.600000000001
S05,Bakery,Saturday,2024-09,9294.31
S05,Bakery,Sunday,2024-09,13447.28
S05,Bakery,Thursday,2024-09,11998.039999999995
S05,Bakery,Tuesday,2024-09,4659.01
S05,Bakery,Wednesday,2024-09,8243.38
S05,Beverages,Friday,2024-09,17162.23
S05,Beverages,Monday,2024-09,14814.469999999998
S05,Beverages,Saturday,2024-09,17475.14
S05,Beverages,Sunday,2024-09,21733.590000000004
S05,Beverages,Thursday,2024-09,12035.149999999998
S05,Beverages,Tuesday,2024-09,14227.650000000003
S05,Beverages,Wednesday,2024-09,14057.2
S05,Biscuits & Snacks,Friday,2024-09,4786.0199999999995
S05,Biscuits & Snacks,Monday,2024-09,3435.1699999999996
S05,Biscuits & Snacks,Saturday,2024-09,9951.150000000003
S05,Biscuits & Snacks,Sunday,2024-09,6646.1399999999985
S05,Biscuits & Snacks,Thursday,2024-09,3177.18
S05,Biscuits & Snacks,Tuesday,2024-09,3215.4899999999993
S05,Biscuits & Snacks,Wednesday,2024-09,4090.0400000000004
S05,Confectionery,Friday,2024-09,13454.14
S05,Confectionery,Monday,2024-09,6126.820000000001
S05,Confectionery,Saturday,2024-09,17393.01
S05,Confectionery,Sunday,2024-09,12669.079999999998
S05,Confectionery,Thursday,2024-09,13731.85
S05,Confectionery,Tuesday,2024-09,8218.919999999998
S05,Confectionery,Wednesday,2024-09,10450.849999999999
S05,Dairy,Friday,2024-09,31246.66
S05,Dairy,Monday,2024-09,22040.35
S05,Dairy,Saturday,2024-09,36016.229999999996
S05,Dairy,Sunday,2024-09,35784.53
S05,Dairy,Thursday,2024-09,14602.5
S05,Dairy,Tuesday,2024-09,15586.230000000001
S05,Dairy,Wednesday,2024-09,27602.430000000008
S05,Edible Oils,Friday,2024-09,62714.439999999995
S05,Edible Oils,Monday,2024-09,30207.37
S05,Edible Oils,Saturday,2024-09,67258.45
S05,Edible Oils,Sunday,2024-09,90618.60999999997
S05,Edible Oils,Thursday,2024-09,53142.87
S05,Edible Oils,Tuesday,2024-09,51530.81999999999
S05,Edible Oils,Wednesday,2024-09,74563.3
S05,Frozen & Ready to Eat,Friday,2024-09,16973.1
S05,Frozen & Ready to Eat,Monday,2024-09,14188.86
S05,Frozen & Ready to Eat,Saturday,2024-09,28715.859999999997
S05,Frozen & Ready to Eat,Sunday,2024-09,38596.59
S05,Frozen & Ready to Eat,Thursday,2024-09,11770.46
S05,Frozen & Ready to Eat,Tuesday,2024-09,11507.619999999997
S05,Frozen & Ready to Eat,Wednesday,2024-09,15645.999999999998
S05,Fruits & Vegetables,Friday,2024-09,12054.93
S05,Fruits & Vegetables,Monday,2024-09,10367.509999999998
S05,Fruits & Vegetables,Saturday,2024-09,13365.199999999997
S05,Fruits & Vegetables,Sunday,2024-09,15425.300000000003
S05,Fruits & Vegetables,Thursday,2024-09,11425.58
S05,Fruits & Vegetables,Tuesday,2024-09,7506.740000000001
S05,Fruits & Vegetables,Wednesday,2024-09,9436.75
S05,Home Care,Friday,2024-09,24873.249999999996
S05,Home Care,Monday,2024-09,20633.189999999995
S05,Home Care,Saturday,2024-09,31421.680000000004
S05,Home Care,Sunday,2024-09,30246.96
S05,Home Care,Thursday,2024-09,11725.99
S05,Home Care,Tuesday,2024-09,15235.72
S05,Home Care,Wednesday,2024-09,18252.500000000004
S05,Personal Care,Friday,2024-09,26386.400000000005
S05,Personal Care,Monday,2024-09,17959.090000000004
S05,Personal Care,Saturday,2024-09,29579.100000000002
S05,Personal Care,Sunday,2024-09,44842.07
S05,Personal Care,Thursday,2024-09,24065.710000000003
S05,Personal Care,Tuesday,2024-09,11922.790000000003
S05,Personal Care,Wednesday,2024-09,24615.599999999995
S05,Spices & Masala,Friday,2024-09,8451.809999999998
S05,Spices & Masala,Monday,2024-09,7102.200000000001
S05,Spices & Masala,Saturday,2024-09,13134.42
S05,Spices & Masala,Sunday,2024-09,24728.430000000008
S05,Spices & Masala,Thursday,2024-09,11519.529999999999
S05,Spices & Masala,Tuesday,2024-09,6107.61
S05,Spices & Masala,Wednesday,2024-09,11540.620000000004
S05,Staples & Grains,Friday,2024-09,46650.849999999984
S05,Staples & Grains,Monday,2024-09,54767.999999999985
S05,Staples & Grains,Saturday,2024-09,123987.86000000003
S05,Staples & Grains,Sunday,2024-09,124140.06999999999
S05,Staples & Grains,Thursday,2024-09,49045.270000000004
S05,Staples & Grains,Tuesday,2024-09,34368.84
S05,Staples & Grains,Wednesday,2024-09,73732.36
S05,Stationery & General,Friday,2024-09,15666.720000000001
S05,Stationery & General,Monday,2024-09,11527.899999999998
S05,Stationery & General,Saturday,2024-09,26118.240000000005
S05,Stationery & General,Sunday,2024-09,39788.55999999998
S05,Stationery & General,Thursday,2024-09,13305.929999999998
S05,Stationery & General,Tuesday,2024-09,15854.15
S05,Stationery & General,Wednesday,2024-09,11866.550000000001
S05,UNKNOWN,Friday,2024-09,-4702.21
S05,UNKNOWN,Monday,2024-09,-2037.9699999999998
S05,UNKNOWN,Saturday,2024-09,-6928.1
S05,UNKNOWN,Sunday,2024-09,-7492.079999999999
S05,UNKNOWN,Thursday,2024-09,-2327.21
S05,UNKNOWN,Tuesday,2024-09,-2726.63
S05,UNKNOWN,Wednesday,2024-09,-4087.66
S05,Baby Care,Friday,2024-10,97022.90000000002
S05,Baby Care,Monday,2024-10,78030.73999999999
S05,Baby Care,Saturday,2024-10,85209.29999999999
S05,Baby Care,Sunday,2024-10,73480.62999999999
S05,Baby Care,Thursday,2024-10,79410.46999999996
S05,Baby Care,Tuesday,2024-10,50603.259999999995
S05,Baby Care,Wednesday,2024-10,48676.26999999999
S05,Bakery,Friday,2024-10,13078.140000000001
S05,Bakery,Monday,2024-10,7911.06
S05,Bakery,Saturday,2024-10,11752.469999999998
S05,Bakery,Sunday,2024-10,11540.660000000002
S05,Bakery,Thursday,2024-10,10710.060000000001
S05,Bakery,Tuesday,2024-10,8929.26
S05,Bakery,Wednesday,2024-10,7865.549999999999
S05,Beverages,Friday,2024-10,24840.860000000008
S05,Beverages,Monday,2024-10,13885.080000000002
S05,Beverages,Saturday,2024-10,33151.07000000001
S05,Beverages,Sunday,2024-10,27035.270000000004
S05,Beverages,Thursday,2024-10,18199.43
S05,Beverages,Tuesday,2024-10,11663.810000000003
S05,Beverages,Wednesday,2024-10,15953.390000000001
S05,Biscuits & Snacks,Friday,2024-10,6595.730000000001
S05,Biscuits & Snacks,Monday,2024-10,5705.719999999999
S05,Biscuits & Snacks,Saturday,2024-10,10804.95
S05,Biscuits & Snacks,Sunday,2024-10,8718.050000000003
S05,Biscuits & Snacks,Thursday,2024-10,7837.210000000004
S05,Biscuits & Snacks,Tuesday,2024-10,7409.209999999998
S05,Biscuits & Snacks,Wednesday,2024-10,8070.249999999999
S05,Confectionery,Friday,2024-10,16681.199999999997
S05,Confectionery,Monday,2024-10,14189.410000000002
S05,Confectionery,Saturday,2024-10,23741.1
S05,Confectionery,Sunday,2024-10,12193.65
S05,Confectionery,Thursday,2024-10,14086.060000000001
S05,Confectionery,Tuesday,2024-10,11241.419999999998
S05,Confectionery,Wednesday,2024-10,10178.279999999997
S05,Dairy,Friday,2024-10,21926.450000000004
S05,Dairy,Monday,2024-10,32573.56000000001
S05,Dairy,Saturday,2024-10,54962.28
S05,Dairy,Sunday,2024-10,43302.990000000005
S05,Dairy,Thursday,2024-10,51281.80999999999
S05,Dairy,Tuesday,2024-10,30548.729999999996
S05,Dairy,Wednesday,2024-10,29849.740000000005
S05,Edible Oils,Friday,2024-10,54623.49000000001
S05,Edible Oils,Monday,2024-10,69174.92
S05,Edible Oils,Saturday,2024-10,68478.26000000001
S05,Edible Oils,Sunday,2024-10,123058.61999999997
S05,Edible Oils,Thursday,2024-10,79743.72
S05,Edible Oils,Tuesday,2024-10,44538.30999999999
S05,Edible Oils,Wednesday,2024-10,60433.23000000001
S05,Frozen & Ready to Eat,Friday,2024-10,29212.499999999996
S05,Frozen & Ready to Eat,Monday,2024-10,19130.18
S05,Frozen & Ready to Eat,Saturday,2024-10,43397.14
S05,Frozen & Ready to Eat,Sunday,2024-10,28627.070000000003
S05,Frozen & Ready to Eat,Thursday,2024-10,19776.269999999997
S05,Frozen & Ready to Eat,Tuesday,2024-10,20325.67
S05,Frozen & Ready to Eat,Wednesday,2024-10,15904.230000000001
S05,Fruits & Vegetables,Friday,2024-10,15164.0
S05,Fruits & Vegetables,Monday,2024-10,6783.440000000001
S05,Fruits & Vegetables,Saturday,2024-10,12883.95
S05,Fruits & Vegetables,Sunday,2024-10,20902.82
S05,Fruits & Vegetables,Thursday,2024-10,10689.630000000005
S05,Fruits & Vegetables,Tuesday,2024-10,8806.4
S05,Fruits & Vegetables,Wednesday,2024-10,20719.13
S05,Home Care,Friday,2024-10,28707.989999999998
S05,Home Care,Monday,2024-10,18784.220000000005
S05,Home Care,Saturday,2024-10,26582.34
S05,Home Care,Sunday,2024-10,40763.21000000001
S05,Home Care,Thursday,2024-10,27001.719999999998
S05,Home Care,Tuesday,2024-10,17657.73
S05,Home Care,Wednesday,2024-10,29595.93
S05,Personal Care,Friday,2024-10,32634.67
S05,Personal Care,Monday,2024-10,20117.839999999997
S05,Personal Care,Saturday,2024-10,39742.43
S05,Personal Care,Sunday,2024-10,36677.58999999999
S05,Personal Care,Thursday,2024-10,41646.65000000001
S05,Personal Care,Tuesday,2024-10,29928.899999999998
S05,Personal Care,Wednesday,2024-10,15832.810000000001
S05,Spices & Masala,Friday,2024-10,17061.799999999996
S05,Spices & Masala,Monday,2024-10,13273.84
S05,Spices & Masala,Saturday,2024-10,21260.22
S05,Spices & Masala,Sunday,2024-10,22987.5
S05,Spices & Masala,Thursday,2024-10,16883.24
S05,Spices & Masala,Tuesday,2024-10,8446.369999999997
S05,Spices & Masala,Wednesday,2024-10,12259.11
S05,Staples & Grains,Friday,2024-10,84541.59000000003
S05,Staples & Grains,Monday,2024-10,77240.85999999999
S05,Staples & Grains,Saturday,2024-10,112457.90999999999
S05,Staples & Grains,Sunday,2024-10,127309.57000000002
S05,Staples & Grains,Thursday,2024-10,76897.99999999999
S05,Staples & Grains,Tuesday,2024-10,74444.61999999997
S05,Staples & Grains,Wednesday,2024-10,62069.740000000005
S05,Stationery & General,Friday,2024-10,28199.710000000006
S05,Stationery & General,Monday,2024-10,21166.180000000004
S05,Stationery & General,Saturday,2024-10,21712.339999999997
S05,Stationery & General,Sunday,2024-10,27288.619999999995
S05,Stationery & General,Thursday,2024-10,26580.28000000001
S05,Stationery & General,Tuesday,2024-10,19386.11
S05,Stationery & General,Wednesday,2024-10,23413.16
S05,UNKNOWN,Friday,2024-10,-5969.83
S05,UNKNOWN,Monday,2024-10,-4341.719999999999
S05,UNKNOWN,Saturday,2024-10,-4447.01
S05,UNKNOWN,Sunday,2024-10,-7329.61
S05,UNKNOWN,Thursday,2024-10,-2891.29
S05,UNKNOWN,Tuesday,2024-10,-3300.83
S05,UNKNOWN,Wednesday,2024-10,-3172.19
S05,Baby Care,Friday,2024-11,76382.76999999999
S05,Baby Care,Monday,2024-11,56855.7
S05,Baby Care,Saturday,2024-11,81057.79000000002
S05,Baby Care,Sunday,2024-11,46920.71
S05,Baby Care,Thursday,2024-11,87320.34
S05,Baby Care,Tuesday,2024-11,67713.8
S05,Baby Care,Wednesday,2024-11,55352.95000000002
S05,Bakery,Friday,2024-11,12566.779999999999
S05,Bakery,Monday,2024-11,5994.02
S05,Bakery,Saturday,2024-11,16484.779999999995
S05,Bakery,Sunday,2024-11,11640.06
S05,Bakery,Thursday,2024-11,11661.209999999997
S05,Bakery,Tuesday,2024-11,6764.16
S05,Bakery,Wednesday,2024-11,6410.11
S05,Beverages,Friday,2024-11,19822.700000000004
S05,Beverages,Monday,2024-11,13418.61
S05,Beverages,Saturday,2024-11,28134.370000000003
S05,Beverages,Sunday,2024-11,22401.230000000007
S05,Beverages,Thursday,2024-11,12103.5
S05,Beverages,Tuesday,2024-11,9540.74
S05,Beverages,Wednesday,2024-11,16424.110000000004
S05,Biscuits & Snacks,Friday,2024-11,6523.899999999999
S05,Biscuits & Snacks,Monday,2024-11,3373.2999999999993
S05,Biscuits & Snacks,Saturday,2024-11,9716.45
S05,Biscuits & Snacks,Sunday,2024-11,7816.290000000001
S05,Biscuits & Snacks,Thursday,2024-11,5313.9800000000005
S05,Biscuits & Snacks,Tuesday,2024-11,4528.32
S05,Biscuits & Snacks,Wednesday,2024-11,4006.76
S05,Confectionery,Friday,2024-11,14835.35
S05,Confectionery,Monday,2024-11,12299.82
S05,Confectionery,Saturday,2024-11,19457.97
S05,Confectionery,Sunday,2024-11,21447.809999999998
S05,Confectionery,Thursday,2024-11,12633.659999999998
S05,Confectionery,Tuesday,2024-11,12905.660000000002
S05,Confectionery,Wednesday,2024-11,6585.75
S05,Dairy,Friday,2024-11,31290.949999999997
S05,Dairy,Monday,2024-11,25842.68
S05,Dairy,Saturday,2024-11,61733.259999999995
S05,Dairy,Sunday,2024-11,35666.42
S05,Dairy,Thursday,2024-11,32409.899999999998
S05,Dairy,Tuesday,2024-11,28817.68
S05,Dairy,Wednesday,2024-11,29954.020000000004
S05,Edible Oils,Friday,2024-11,76127.09000000001
S05,Edible Oils,Monday,2024-11,39879.18
S05,Edible Oils,Saturday,2024-11,102718.3
S05,Edible Oils,Sunday,2024-11,93036.01000000001
S05,Edible Oils,Thursday,2024-11,47834.68999999999
S05,Edible Oils,Tuesday,2024-11,55547.03
S05,Edible Oils,Wednesday,2024-11,55868.509999999995
S05,Frozen & Ready to Eat,Friday,2024-11,32387.589999999993
S05,Frozen & Ready to Eat,Monday,2024-11,20238.81
S05,Frozen & Ready to Eat,Saturday,2024-11,37743.10000000001
S05,Frozen & Ready to Eat,Sunday,2024-11,28478.019999999993
S05,Frozen & Ready to Eat,Thursday,2024-11,24257.48
S05,Frozen & Ready to Eat,Tuesday,2024-11,21143.309999999998
S05,Frozen & Ready to Eat,Wednesday,2024-11,14482.259999999998
S05,Fruits & Vegetables,Friday,2024-11,11600.339999999998
S05,Fruits & Vegetables,Monday,2024-11,11359.800000000003
S05,Fruits & Vegetables,Saturday,2024-11,26446.85
S05,Fruits & Vegetables,Sunday,2024-11,11843.709999999994
S05,Fruits & Vegetables,Thursday,2024-11,10921.08
S05,Fruits & Vegetables,Tuesday,2024-11,8490.39
S05,Fruits & Vegetables,Wednesday,2024-11,8540.72
S05,Home Care,Friday,2024-11,31616.65999999999
S05,Home Care,Monday,2024-11,17527.760000000002
S05,Home Care,Saturday,2024-11,42226.390000000014
S05,Home Care,Sunday,2024-11,29495.77
S05,Home Care,Thursday,2024-11,17401.43
S05,Home Care,Tuesday,2024-11,11784.049999999997
S05,Home Care,Wednesday,2024-11,23485.8
S05,Personal Care,Friday,2024-11,34168.67000000001
S05,Personal Care,Monday,2024-11,30138.060000000005
S05,Personal Care,Saturday,2024-11,34493.38
S05,Personal Care,Sunday,2024-11,36492.70999999999
S05,Personal Care,Thursday,2024-11,22345.66
S05,Personal Care,Tuesday,2024-11,24791.840000000004
S05,Personal Care,Wednesday,2024-11,34305.68999999999
S05,Spices & Masala,Friday,2024-11,15927.219999999992
S05,Spices & Masala,Monday,2024-11,11999.29
S05,Spices & Masala,Saturday,2024-11,21379.260000000006
S05,Spices & Masala,Sunday,2024-11,16976.15
S05,Spices & Masala,Thursday,2024-11,14811.319999999998
S05,Spices & Masala,Tuesday,2024-11,11892.58
S05,Spices & Masala,Wednesday,2024-11,8308.1
S05,Staples & Grains,Friday,2024-11,96281.02000000002
S05,Staples & Grains,Monday,2024-11,77568.32999999997
S05,Staples & Grains,Saturday,2024-11,148795.78000000003
S05,Staples & Grains,Sunday,2024-11,78239.30000000002
S05,Staples & Grains,Thursday,2024-11,85994.53000000001
S05,Staples & Grains,Tuesday,2024-11,80836.01
S05,Staples & Grains,Wednesday,2024-11,62856.18999999999
S05,Stationery & General,Friday,2024-11,23010.81
S05,Stationery & General,Monday,2024-11,31347.16
S05,Stationery & General,Saturday,2024-11,36078.18000000001
S05,Stationery & General,Sunday,2024-11,27516.890000000003
S05,Stationery & General,Thursday,2024-11,22521.63
S05,Stationery & General,Tuesday,2024-11,13812.17
S05,Stationery & General,Wednesday,2024-11,13336.230000000001
S05,UNKNOWN,Friday,2024-11,-8410.620000000003
S05,UNKNOWN,Monday,2024-11,-4529.08
S05,UNKNOWN,Saturday,2024-11,-6401.59
S05,UNKNOWN,Sunday,2024-11,-4474.52
S05,UNKNOWN,Thursday,2024-11,-5308.51
S05,UNKNOWN,Tuesday,2024-11,-4248.69
S05,UNKNOWN,Wednesday,2024-11,-3756.5
S05,Baby Care,Friday,2024-12,81512.67000000001
S05,Baby Care,Monday,2024-12,58651.90999999999
S05,Baby Care,Saturday,2024-12,115221.44
S05,Baby Care,Sunday,2024-12,94858.04000000001
S05,Baby Care,Thursday,2024-12,64793.029999999984
S05,Baby Care,Tuesday,2024-12,88695.81000000001
S05,Baby Care,Wednesday,2024-12,67407.68
S05,Bakery,Friday,2024-12,8807.56
S05,Bakery,Monday,2024-12,10106.18
S05,Bakery,Saturday,2024-12,9892.689999999997
S05,Bakery,Sunday,2024-12,12653.499999999996
S05,Bakery,Thursday,2024-12,10068.34
S05,Bakery,Tuesday,2024-12,11428.060000000001
S05,Bakery,Wednesday,2024-12,6441.999999999999
S05,Beverages,Friday,2024-12,19375.999999999996
S05,Beverages,Monday,2024-12,18797.39
S05,Beverages,Saturday,2024-12,22231.630000000005
S05,Beverages,Sunday,2024-12,31902.030000000002
S05,Beverages,Thursday,2024-12,24000.789999999997
S05,Beverages,Tuesday,2024-12,18197.109999999997
S05,Beverages,Wednesday,2024-12,10541.56
S05,Biscuits & Snacks,Friday,2024-12,5382.409999999999
S05,Biscuits & Snacks,Monday,2024-12,5502.19
S05,Biscuits & Snacks,Saturday,2024-12,7331.160000000002
S05,Biscuits & Snacks,Sunday,2024-12,7342.379999999998
S05,Biscuits & Snacks,Thursday,2024-12,4090.09
S05,Biscuits & Snacks,Tuesday,2024-12,5674.06
S05,Biscuits & Snacks,Wednesday,2024-12,3566.149999999999
S05,Confectionery,Friday,2024-12,13381.419999999998
S05,Confectionery,Monday,2024-12,17827.55
S05,Confectionery,Saturday,2024-12,22587.44
S05,Confectionery,Sunday,2024-12,22468.860000000008
S05,Confectionery,Thursday,2024-12,12882.089999999998
S05,Confectionery,Tuesday,2024-12,11791.670000000004
S05,Confectionery,Wednesday,2024-12,8851.76
S05,Dairy,Friday,2024-12,28107.9
S05,Dairy,Monday,2024-12,23134.940000000006
S05,Dairy,Saturday,2024-12,33642.59
S05,Dairy,Sunday,2024-12,48651.55999999999
S05,Dairy,Thursday,2024-12,27946.02
S05,Dairy,Tuesday,2024-12,34498.36
S05,Dairy,Wednesday,2024-12,25101.62
S05,Edible Oils,Friday,2024-12,57237.670000000006
S05,Edible Oils,Monday,2024-12,53044.44
S05,Edible Oils,Saturday,2024-12,78370.91000000003
S05,Edible Oils,Sunday,2024-12,92242.87000000001
S05,Edible Oils,Thursday,2024-12,85537.43
S05,Edible Oils,Tuesday,2024-12,89850.76999999999
S05,Edible Oils,Wednesday,2024-12,42117.06000000001
S05,Frozen & Ready to Eat,Friday,2024-12,21420.099999999995
S05,Frozen & Ready to Eat,Monday,2024-12,28629.54999999999
S05,Frozen & Ready to Eat,Saturday,2024-12,28620.72
S05,Frozen & Ready to Eat,Sunday,2024-12,35302.01000000001
S05,Frozen & Ready to Eat,Thursday,2024-12,21652.94
S05,Frozen & Ready to Eat,Tuesday,2024-12,19387.26
S05,Frozen & Ready to Eat,Wednesday,2024-12,8151.05
S05,Fruits & Vegetables,Friday,2024-12,13751.72
S05,Fruits & Vegetables,Monday,2024-12,8444.130000000001
S05,Fruits & Vegetables,Saturday,2024-12,14695.299999999996
S05,Fruits & Vegetables,Sunday,2024-12,17822.449999999997
S05,Fruits & Vegetables,Thursday,2024-12,13383.400000000003
S05,Fruits & Vegetables,Tuesday,2024-12,10480.38
S05,Fruits & Vegetables,Wednesday,2024-12,10188.21
S05,Home Care,Friday,2024-12,25540.23999999999
S05,Home Care,Monday,2024-12,25939.149999999994
S05,Home Care,Saturday,2024-12,35550.770000000004
S05,Home Care,Sunday,2024-12,29761.13999999999
S05,Home Care,Thursday,2024-12,18974.03
S05,Home Care,Tuesday,2024-12,22433.41999999999
S05,Home Care,Wednesday,2024-12,11857.980000000001
S05,Personal Care,Friday,2024-12,24420.600000000002
S05,Personal Care,Monday,2024-12,27954.140000000003
S05,Personal Care,Saturday,2024-12,35847.06
S05,Personal Care,Sunday,2024-12,33609.57999999999
S05,Personal Care,Thursday,2024-12,27370.360000000004
S05,Personal Care,Tuesday,2024-12,27037.18
S05,Personal Care,Wednesday,2024-12,22132.27
S05,Spices & Masala,Friday,2024-12,23469.420000000002
S05,Spices & Masala,Monday,2024-12,11164.14
S05,Spices & Masala,Saturday,2024-12,16953.73
S05,Spices & Masala,Sunday,2024-12,20275.58000000001
S05,Spices & Masala,Thursday,2024-12,8629.019999999999
S05,Spices & Masala,Tuesday,2024-12,14240.13
S05,Spices & Masala,Wednesday,2024-12,12661.42
S05,Staples & Grains,Friday,2024-12,57467.37999999999
S05,Staples & Grains,Monday,2024-12,69277.66000000002
S05,Staples & Grains,Saturday,2024-12,91852.73999999999
S05,Staples & Grains,Sunday,2024-12,110720.29000000004
S05,Staples & Grains,Thursday,2024-12,69270.49
S05,Staples & Grains,Tuesday,2024-12,85500.01999999999
S05,Staples & Grains,Wednesday,2024-12,44210.22
S05,Stationery & General,Friday,2024-12,29077.740000000005
S05,Stationery & General,Monday,2024-12,25874.659999999993
S05,Stationery & General,Saturday,2024-12,15126.140000000003
S05,Stationery & General,Sunday,2024-12,31979.149999999994
S05,Stationery & General,Thursday,2024-12,22179.42
S05,Stationery & General,Tuesday,2024-12,16678.360000000004
S05,Stationery & General,Wednesday,2024-12,13032.409999999996
S05,UNKNOWN,Friday,2024-12,-2675.06
S05,UNKNOWN,Monday,2024-12,-4643.93
S05,UNKNOWN,Saturday,2024-12,-5931.890000000001
S05,UNKNOWN,Sunday,2024-12,-8073.82
S05,UNKNOWN,Thursday,2024-12,-4213.91
S05,UNKNOWN,Tuesday,2024-12,-5586.18
S05,UNKNOWN,Wednesday,2024-12,-3601.52
S06,Baby Care,Friday,2024-01,70428.90000000001
S06,Baby Care,Monday,2024-01,108373.38000000002
S06,Baby Care,Saturday,2024-01,115658.24
S06,Baby Care,Sunday,2024-01,107809.16999999998
S06,Baby Care,Thursday,2024-01,91292.98999999999
S06,Baby Care,Tuesday,2024-01,59934.63
S06,Baby Care,Wednesday,2024-01,83942.76999999996
S06,Bakery,Friday,2024-01,13636.649999999996
S06,Bakery,Monday,2024-01,10202.970000000001
S06,Bakery,Saturday,2024-01,15490.100000000004
S06,Bakery,Sunday,2024-01,13618.640000000003
S06,Bakery,Thursday,2024-01,9789.249999999998
S06,Bakery,Tuesday,2024-01,9953.79
S06,Bakery,Wednesday,2024-01,16728.82
S06,Beverages,Friday,2024-01,35096.829999999994
S06,Beverages,Monday,2024-01,22917.550000000003
S06,Beverages,Saturday,2024-01,34528.84
S06,Beverages,Sunday,2024-01,32835.40000000001
S06,Beverages,Thursday,2024-01,20586.959999999992
S06,Beverages,Tuesday,2024-01,13432.749999999995
S06,Beverages,Wednesday,2024-01,25163.61
S06,Biscuits & Snacks,Friday,2024-01,8819.67
S06,Biscuits & Snacks,Monday,2024-01,5445.489999999999
S06,Biscuits & Snacks,Saturday,2024-01,9202.999999999998
S06,Biscuits & Snacks,Sunday,2024-01,9126.789999999999
S06,Biscuits & Snacks,Thursday,2024-01,8566.939999999997
S06,Biscuits & Snacks,Tuesday,2024-01,6737.45
S06,Biscuits & Snacks,Wednesday,2024-01,6261.669999999999
S06,Confectionery,Friday,2024-01,19522.61
S06,Confectionery,Monday,2024-01,18919.280000000002
S06,Confectionery,Saturday,2024-01,21657.16
S06,Confectionery,Sunday,2024-01,19767.770000000008
S06,Confectionery,Thursday,2024-01,20883.33
S06,Confectionery,Tuesday,2024-01,19244.269999999997
S06,Confectionery,Wednesday,2024-01,21128.709999999995
S06,Dairy,Friday,2024-01,38357.5
S06,Dairy,Monday,2024-01,47931.590000000004
S06,Dairy,Saturday,2024-01,48159.60999999999
S06,Dairy,Sunday,2024-01,54563.27000000001
S06,Dairy,Thursday,2024-01,66609.42999999998
S06,Dairy,Tuesday,2024-01,25282.16
S06,Dairy,Wednesday,2024-01,63138.15999999999
S06,Edible Oils,Friday,2024-01,57271.77999999999
S06,Edible Oils,Monday,2024-01,79563.20999999996
S06,Edible Oils,Saturday,2024-01,106363.61000000002
S06,Edible Oils,Sunday,2024-01,123672.44999999994
S06,Edible Oils,Thursday,2024-01,86156.09
S06,Edible Oils,Tuesday,2024-01,74732.48
S06,Edible Oils,Wednesday,2024-01,72238.58999999997
S06,Frozen & Ready to Eat,Friday,2024-01,32480.65000000001
S06,Frozen & Ready to Eat,Monday,2024-01,23038.23
S06,Frozen & Ready to Eat,Saturday,2024-01,46962.520000000004
S06,Frozen & Ready to Eat,Sunday,2024-01,41605.16
S06,Frozen & Ready to Eat,Thursday,2024-01,32641.189999999995
S06,Frozen & Ready to Eat,Tuesday,2024-01,25430.709999999995
S06,Frozen & Ready to Eat,Wednesday,2024-01,26530.05000000001
S06,Fruits & Vegetables,Friday,2024-01,14971.559999999996
S06,Fruits & Vegetables,Monday,2024-01,13642.509999999993
S06,Fruits & Vegetables,Saturday,2024-01,20409.319999999996
S06,Fruits & Vegetables,Sunday,2024-01,24232.210000000003
S06,Fruits & Vegetables,Thursday,2024-01,17033.980000000003
S06,Fruits & Vegetables,Tuesday,2024-01,12831.500000000002
S06,Fruits & Vegetables,Wednesday,2024-01,21380.899999999998
S06,Home Care,Friday,2024-01,25412.250000000004
S06,Home Care,Monday,2024-01,26881.850000000002
S06,Home Care,Saturday,2024-01,31465.629999999997
S06,Home Care,Sunday,2024-01,31877.480000000003
S06,Home Care,Thursday,2024-01,26916.64000000001
S06,Home Care,Tuesday,2024-01,13593.369999999999
S06,Home Care,Wednesday,2024-01,27047.649999999994
S06,Personal Care,Friday,2024-01,54048.259999999995
S06,Personal Care,Monday,2024-01,36424.60000000001
S06,Personal Care,Saturday,2024-01,42883.85
S06,Personal Care,Sunday,2024-01,52095.40999999999
S06,Personal Care,Thursday,2024-01,24919.750000000007
S06,Personal Care,Tuesday,2024-01,21552.280000000006
S06,Personal Care,Wednesday,2024-01,33348.85999999999
S06,Spices & Masala,Friday,2024-01,14468.980000000001
S06,Spices & Masala,Monday,2024-01,17599.420000000002
S06,Spices & Masala,Saturday,2024-01,22805.129999999997
S06,Spices & Masala,Sunday,2024-01,24252.38000000001
S06,Spices & Masala,Thursday,2024-01,21863.35
S06,Spices & Masala,Tuesday,2024-01,15727.039999999999
S06,Spices & Masala,Wednesday,2024-01,18489.519999999997
S06,Staples & Grains,Friday,2024-01,113183.08999999995
S06,Staples & Grains,Monday,2024-01,84603.25000000001
S06,Staples & Grains,Saturday,2024-01,132402.24999999997
S06,Staples & Grains,Sunday,2024-01,119573.74999999997
S06,Staples & Grains,Thursday,2024-01,128176.19999999998
S06,Staples & Grains,Tuesday,2024-01,106286.47999999997
S06,Staples & Grains,Wednesday,2024-01,98463.59999999996
S06,Stationery & General,Friday,2024-01,28880.020000000004
S06,Stationery & General,Monday,2024-01,21972.690000000006
S06,Stationery & General,Saturday,2024-01,23457.14000000001
S06,Stationery & General,Sunday,2024-01,29288.55999999999
S06,Stationery & General,Thursday,2024-01,24365.19
S06,Stationery & General,Tuesday,2024-01,17204.93
S06,Stationery & General,Wednesday,2024-01,24681.42
S06,UNKNOWN,Friday,2024-01,-6705.700000000001
S06,UNKNOWN,Monday,2024-01,-3005.9400000000005
S06,UNKNOWN,Saturday,2024-01,-6336.27
S06,UNKNOWN,Sunday,2024-01,-6966.67
S06,UNKNOWN,Thursday,2024-01,-5197.0599999999995
S06,UNKNOWN,Tuesday,2024-01,-4117.7300000000005
S06,UNKNOWN,Wednesday,2024-01,-6057.66
S06,Baby Care,Friday,2024-02,98690.43999999999
S06,Baby Care,Monday,2024-02,58803.03999999999
S06,Baby Care,Saturday,2024-02,99618.83999999998
S06,Baby Care,Sunday,2024-02,83794.93999999997
S06,Baby Care,Thursday,2024-02,86184.55
S06,Baby Care,Tuesday,2024-02,73750.95999999998
S06,Baby Care,Wednesday,2024-02,55768.59
S06,Bakery,Friday,2024-02,14127.229999999998
S06,Bakery,Monday,2024-02,10972.33
S06,Bakery,Saturday,2024-02,21994.250000000007
S06,Bakery,Sunday,2024-02,15525.620000000006
S06,Bakery,Thursday,2024-02,14251.860000000002
S06,Bakery,Tuesday,2024-02,12025.780000000004
S06,Bakery,Wednesday,2024-02,8008.64
S06,Beverages,Friday,2024-02,32846.560000000005
S06,Beverages,Monday,2024-02,19433.609999999997
S06,Beverages,Saturday,2024-02,42416.640000000014
S06,Beverages,Sunday,2024-02,19811.120000000003
S06,Beverages,Thursday,2024-02,30813.09
S06,Beverages,Tuesday,2024-02,13994.389999999998
S06,Beverages,Wednesday,2024-02,18204.33
S06,Biscuits & Snacks,Friday,2024-02,6701.59
S06,Biscuits & Snacks,Monday,2024-02,5414.93
S06,Biscuits & Snacks,Saturday,2024-02,10034.149999999996
S06,Biscuits & Snacks,Sunday,2024-02,8227.929999999995
S06,Biscuits & Snacks,Thursday,2024-02,8061.609999999998
S06,Biscuits & Snacks,Tuesday,2024-02,6510.32
S06,Biscuits & Snacks,Wednesday,2024-02,4034.8499999999995
S06,Confectionery,Friday,2024-02,21475.629999999994
S06,Confectionery,Monday,2024-02,11652.960000000001
S06,Confectionery,Saturday,2024-02,21369.62000000001
S06,Confectionery,Sunday,2024-02,18521.840000000004
S06,Confectionery,Thursday,2024-02,20871.66000000001
S06,Confectionery,Tuesday,2024-02,12823.169999999995
S06,Confectionery,Wednesday,2024-02,10566.519999999999
S06,Dairy,Friday,2024-02,48873.260000000024
S06,Dairy,Monday,2024-02,28275.820000000007
S06,Dairy,Saturday,2024-02,49235.18999999999
S06,Dairy,Sunday,2024-02,45853.57
S06,Dairy,Thursday,2024-02,39323.88999999999
S06,Dairy,Tuesday,2024-02,21391.159999999996
S06,Dairy,Wednesday,2024-02,29074.82000000001
S06,Edible Oils,Friday,2024-02,89021.15999999997
S06,Edible Oils,Monday,2024-02,56652.770000000004
S06,Edible Oils,Saturday,2024-02,124281.51
S06,Edible Oils,Sunday,2024-02,101830.29999999997
S06,Edible Oils,Thursday,2024-02,108892.37
S06,Edible Oils,Tuesday,2024-02,68951.73999999999
S06,Edible Oils,Wednesday,2024-02,49499.920000000006
S06,Frozen & Ready to Eat,Friday,2024-02,33620.82000000001
S06,Frozen & Ready to Eat,Monday,2024-02,16876.660000000003
S06,Frozen & Ready to Eat,Saturday,2024-02,48751.13999999997
S06,Frozen & Ready to Eat,Sunday,2024-02,40475.48
S06,Frozen & Ready to Eat,Thursday,2024-02,36027.23
S06,Frozen & Ready to Eat,Tuesday,2024-02,16294.049999999996
S06,Frozen & Ready to Eat,Wednesday,2024-02,22771.210000000006
S06,Fruits & Vegetables,Friday,2024-02,15494.300000000001
S06,Fruits & Vegetables,Monday,2024-02,13349.560000000001
S06,Fruits & Vegetables,Saturday,2024-02,30414.24999999999
S06,Fruits & Vegetables,Sunday,2024-02,9800.17
S06,Fruits & Vegetables,Thursday,2024-02,12860.299999999996
S06,Fruits & Vegetables,Tuesday,2024-02,13292.319999999998
S06,Fruits & Vegetables,Wednesday,2024-02,11992.25
S06,Home Care,Friday,2024-02,28139.760000000006
S06,Home Care,Monday,2024-02,15220.839999999998
S06,Home Care,Saturday,2024-02,37978.95
S06,Home Care,Sunday,2024-02,31196.51
S06,Home Care,Thursday,2024-02,37500.52000000001
S06,Home Care,Tuesday,2024-02,19206.460000000003
S06,Home Care,Wednesday,2024-02,9600.419999999998
S06,Personal Care,Friday,2024-02,47470.729999999996
S06,Personal Care,Monday,2024-02,33106.08999999999
S06,Personal Care,Saturday,2024-02,50836.81000000001
S06,Personal Care,Sunday,2024-02,58429.00999999997
S06,Personal Care,Thursday,2024-02,30556.000000000004
S06,Personal Care,Tuesday,2024-02,32259.359999999993
S06,Personal Care,Wednesday,2024-02,29385.660000000003
S06,Spices & Masala,Friday,2024-02,12705.600000000002
S06,Spices & Masala,Monday,2024-02,14838.210000000003
S06,Spices & Masala,Saturday,2024-02,21705.000000000007
S06,Spices & Masala,Sunday,2024-02,15764.470000000005
S06,Spices & Masala,Thursday,2024-02,18989.08
S06,Spices & Masala,Tuesday,2024-02,13706.729999999998
S06,Spices & Masala,Wednesday,2024-02,9832.109999999999
S06,Staples & Grains,Friday,2024-02,132018.36999999997
S06,Staples & Grains,Monday,2024-02,81785.06000000001
S06,Staples & Grains,Saturday,2024-02,142039.66999999998
S06,Staples & Grains,Sunday,2024-02,127690.43999999999
S06,Staples & Grains,Thursday,2024-02,76089.29000000001
S06,Staples & Grains,Tuesday,2024-02,62878.08000000001
S06,Staples & Grains,Wednesday,2024-02,68618.32999999999
S06,Stationery & General,Friday,2024-02,17996.120000000006
S06,Stationery & General,Monday,2024-02,16751.989999999998
S06,Stationery & General,Saturday,2024-02,32571.660000000003
S06,Stationery & General,Sunday,2024-02,26001.170000000002
S06,Stationery & General,Thursday,2024-02,19706.819999999992
S06,Stationery & General,Tuesday,2024-02,22259.750000000004
S06,Stationery & General,Wednesday,2024-02,14579.289999999999
S06,UNKNOWN,Friday,2024-02,-7824.609999999998
S06,UNKNOWN,Monday,2024-02,-5892.43
S06,UNKNOWN,Saturday,2024-02,-7621.82
S06,UNKNOWN,Sunday,2024-02,-3681.7300000000005
S06,UNKNOWN,Thursday,2024-02,-6892.040000000001
S06,UNKNOWN,Tuesday,2024-02,-3722.95
S06,UNKNOWN,Wednesday,2024-02,-4635.52
S06,Baby Care,Friday,2024-03,111251.48999999995
S06,Baby Care,Monday,2024-03,91519.05000000002
S06,Baby Care,Saturday,2024-03,199062.60999999993
S06,Baby Care,Sunday,2024-03,141153.74
S06,Baby Care,Thursday,2024-03,63258.049999999974
S06,Baby Care,Tuesday,2024-03,42084.04000000001
S06,Baby Care,Wednesday,2024-03,80543.18
S06,Bakery,Friday,2024-03,11809.429999999997
S06,Bakery,Monday,2024-03,13258.020000000004
S06,Bakery,Saturday,2024-03,25256.629999999997
S06,Bakery,Sunday,2024-03,17147.16999999999
S06,Bakery,Thursday,2024-03,10908.62
S06,Bakery,Tuesday,2024-03,8821.51
S06,Bakery,Wednesday,2024-03,9639.350000000002
S06,Beverages,Friday,2024-03,30596.32
S06,Beverages,Monday,2024-03,12099.419999999998
S06,Beverages,Saturday,2024-03,47692.24000000001
S06,Beverages,Sunday,2024-03,46034.320000000014
S06,Beverages,Thursday,2024-03,31307.950000000004
S06,Beverages,Tuesday,2024-03,21292.94
S06,Beverages,Wednesday,2024-03,15872.449999999995
S06,Biscuits & Snacks,Friday,2024-03,8172.669999999999
S06,Biscuits & Snacks,Monday,2024-03,5963.329999999998
S06,Biscuits & Snacks,Saturday,2024-03,15454.730000000003
S06,Biscuits & Snacks,Sunday,2024-03,9849.759999999998
S06,Biscuits & Snacks,Thursday,2024-03,6495.4800000000005
S06,Biscuits & Snacks,Tuesday,2024-03,5454.289999999998
S06,Biscuits & Snacks,Wednesday,2024-03,7236.439999999998
S06,Confectionery,Friday,2024-03,25247.2
S06,Confectionery,Monday,2024-03,16831.600000000002
S06,Confectionery,Saturday,2024-03,34014.65000000001
S06,Confectionery,Sunday,2024-03,24393.85000000001
S06,Confectionery,Thursday,2024-03,18397.450000000008
S06,Confectionery,Tuesday,2024-03,16086.199999999997
S06,Confectionery,Wednesday,2024-03,14713.419999999998
S06,Dairy,Friday,2024-03,53273.94
S06,Dairy,Monday,2024-03,33556.409999999996
S06,Dairy,Saturday,2024-03,77711.70999999999
S06,Dairy,Sunday,2024-03,54040.94999999997
S06,Dairy,Thursday,2024-03,39073.369999999995
S06,Dairy,Tuesday,2024-03,36217.88
S06,Dairy,Wednesday,2024-03,39565.50000000001
S06,Edible Oils,Friday,2024-03,91254.80999999998
S06,Edible Oils,Monday,2024-03,115991.24999999997
S06,Edible Oils,Saturday,2024-03,158927.33000000005
S06,Edible Oils,Sunday,2024-03,100478.81999999999
S06,Edible Oils,Thursday,2024-03,54993.51999999998
S06,Edible Oils,Tuesday,2024-03,50103.150000000016
S06,Edible Oils,Wednesday,2024-03,73143.47000000002
S06,Frozen & Ready to Eat,Friday,2024-03,39993.47
S06,Frozen & Ready to Eat,Monday,2024-03,29831.82000000002
S06,Frozen & Ready to Eat,Saturday,2024-03,63282.79
S06,Frozen & Ready to Eat,Sunday,2024-03,47800.12999999998
S06,Frozen & Ready to Eat,Thursday,2024-03,26183.86999999999
S06,Frozen & Ready to Eat,Tuesday,2024-03,19580.409999999996
S06,Frozen & Ready to Eat,Wednesday,2024-03,28788.729999999996
S06,Fruits & Vegetables,Friday,2024-03,20808.510000000013
S06,Fruits & Vegetables,Monday,2024-03,14809.04
S06,Fruits & Vegetables,Saturday,2024-03,23522.419999999995
S06,Fruits & Vegetables,Sunday,2024-03,23602.010000000002
S06,Fruits & Vegetables,Thursday,2024-03,14237.409999999998
S06,Fruits & Vegetables,Tuesday,2024-03,9003.120000000003
S06,Fruits & Vegetables,Wednesday,2024-03,15318.749999999998
S06,Home Care,Friday,2024-03,32138.88000000001
S06,Home Care,Monday,2024-03,22080.840000000004
S06,Home Care,Saturday,2024-03,60914.96999999998
S06,Home Care,Sunday,2024-03,37181.810000000005
S06,Home Care,Thursday,2024-03,29561.39000000001
S06,Home Care,Tuesday,2024-03,10983.39
S06,Home Care,Wednesday,2024-03,25318.089999999997
S06,Personal Care,Friday,2024-03,58456.2
S06,Personal Care,Monday,2024-03,33001.600000000006
S06,Personal Care,Saturday,2024-03,53940.48
S06,Personal Care,Sunday,2024-03,58392.26999999999
S06,Personal Care,Thursday,2024-03,33419.67000000001
S06,Personal Care,Tuesday,2024-03,23521.53
S06,Personal Care,Wednesday,2024-03,21369.18
S06,Spices & Masala,Friday,2024-03,17193.53
S06,Spices & Masala,Monday,2024-03,16318.440000000006
S06,Spices & Masala,Saturday,2024-03,47164.709999999985
S06,Spices & Masala,Sunday,2024-03,33133.99000000001
S06,Spices & Masala,Thursday,2024-03,17915.800000000003
S06,Spices & Masala,Tuesday,2024-03,9800.930000000002
S06,Spices & Masala,Wednesday,2024-03,15014.360000000008
S06,Staples & Grains,Friday,2024-03,123687.37999999995
S06,Staples & Grains,Monday,2024-03,116775.35999999999
S06,Staples & Grains,Saturday,2024-03,210035.33000000002
S06,Staples & Grains,Sunday,2024-03,161448.74999999994
S06,Staples & Grains,Thursday,2024-03,84178.78
S06,Staples & Grains,Tuesday,2024-03,104707.14000000001
S06,Staples & Grains,Wednesday,2024-03,75442.23000000001
S06,Stationery & General,Friday,2024-03,27266.550000000007
S06,Stationery & General,Monday,2024-03,15153.799999999997
S06,Stationery & General,Saturday,2024-03,46609.139999999985
S06,Stationery & General,Sunday,2024-03,35144.45999999999
S06,Stationery & General,Thursday,2024-03,22567.51
S06,Stationery & General,Tuesday,2024-03,11674.280000000002
S06,Stationery & General,Wednesday,2024-03,20631.66
S06,UNKNOWN,Friday,2024-03,-8743.72
S06,UNKNOWN,Monday,2024-03,-3795.6099999999997
S06,UNKNOWN,Saturday,2024-03,-11811.75
S06,UNKNOWN,Sunday,2024-03,-6794.230000000001
S06,UNKNOWN,Thursday,2024-03,-4254.07
S06,UNKNOWN,Tuesday,2024-03,-4988.540000000001
S06,UNKNOWN,Wednesday,2024-03,-3678.9699999999993
S06,Baby Care,Friday,2024-04,78047.60999999996
S06,Baby Care,Monday,2024-04,107891.4
S06,Baby Care,Saturday,2024-04,95325.42000000003
S06,Baby Care,Sunday,2024-04,101690.14999999998
S06,Baby Care,Thursday,2024-04,50964.99
S06,Baby Care,Tuesday,2024-04,91182.64000000001
S06,Baby Care,Wednesday,2024-04,70085.21999999999
S06,Bakery,Friday,2024-04,11845.109999999995
S06,Bakery,Monday,2024-04,12889.03
S06,Bakery,Saturday,2024-04,13629.539999999999
S06,Bakery,Sunday,2024-04,20985.039999999997
S06,Bakery,Thursday,2024-04,11990.34
S06,Bakery,Tuesday,2024-04,13947.570000000005
S06,Bakery,Wednesday,2024-04,14713.690000000004
S06,Beverages,Friday,2024-04,29540.620000000014
S06,Beverages,Monday,2024-04,19118.600000000002
S06,Beverages,Saturday,2024-04,31530.44
S06,Beverages,Sunday,2024-04,30244.700000000004
S06,Beverages,Thursday,2024-04,19217.389999999996
S06,Beverages,Tuesday,2024-04,31612.289999999997
S06,Beverages,Wednesday,2024-04,21545.509999999995
S06,Biscuits & Snacks,Friday,2024-04,8575.059999999998
S06,Biscuits & Snacks,Monday,2024-04,6743.93
S06,Biscuits & Snacks,Saturday,2024-04,11741.59
S06,Biscuits & Snacks,Sunday,2024-04,10063.48
S06,Biscuits & Snacks,Thursday,2024-04,4414.789999999999
S06,Biscuits & Snacks,Tuesday,2024-04,5448.409999999999
S06,Biscuits & Snacks,Wednesday,2024-04,5217.46
S06,Confectionery,Friday,2024-04,17018.590000000004
S06,Confectionery,Monday,2024-04,17896.37
S06,Confectionery,Saturday,2024-04,24314.980000000007
S06,Confectionery,Sunday,2024-04,25631.159999999996
S06,Confectionery,Thursday,2024-04,11782.77
S06,Confectionery,Tuesday,2024-04,22771.06
S06,Confectionery,Wednesday,2024-04,16536.290000000005
S06,Dairy,Friday,2024-04,48399.95999999999
S06,Dairy,Monday,2024-04,29481.36
S06,Dairy,Saturday,2024-04,47549.83000000001
S06,Dairy,Sunday,2024-04,58395.28999999998
S06,Dairy,Thursday,2024-04,23326.999999999996
S06,Dairy,Tuesday,2024-04,29687.280000000006
S06,Dairy,Wednesday,2024-04,38883.31000000001
S06,Edible Oils,Friday,2024-04,109787.87999999996
S06,Edible Oils,Monday,2024-04,101770.73000000003
S06,Edible Oils,Saturday,2024-04,121328.9
S06,Edible Oils,Sunday,2024-04,98892.29
S06,Edible Oils,Thursday,2024-04,64312.14999999999
S06,Edible Oils,Tuesday,2024-04,118803.43999999999
S06,Edible Oils,Wednesday,2024-04,55170.96
S06,Frozen & Ready to Eat,Friday,2024-04,35600.49000000001
S06,Frozen & Ready to Eat,Monday,2024-04,30022.110000000008
S06,Frozen & Ready to Eat,Saturday,2024-04,38129.36000000001
S06,Frozen & Ready to Eat,Sunday,2024-04,37735.44000000001
S06,Frozen & Ready to Eat,Thursday,2024-04,22562.160000000003
S06,Frozen & Ready to Eat,Tuesday,2024-04,29200.940000000006
S06,Frozen & Ready to Eat,Wednesday,2024-04,17428.61
S06,Fruits & Vegetables,Friday,2024-04,21733.22
S06,Fruits & Vegetables,Monday,2024-04,14373.580000000002
S06,Fruits & Vegetables,Saturday,2024-04,16018.499999999996
S06,Fruits & Vegetables,Sunday,2024-04,21376.879999999997
S06,Fruits & Vegetables,Thursday,2024-04,11728.190000000002
S06,Fruits & Vegetables,Tuesday,2024-04,12974.439999999999
S06,Fruits & Vegetables,Wednesday,2024-04,14311.67
S06,Home Care,Friday,2024-04,32501.340000000015
S06,Home Care,Monday,2024-04,25860.850000000002
S06,Home Care,Saturday,2024-04,28361.310000000005
S06,Home Care,Sunday,2024-04,38963.179999999986
S06,Home Care,Thursday,2024-04,24182.980000000003
S06,Home Care,Tuesday,2024-04,24593.75
S06,Home Care,Wednesday,2024-04,23984.440000000002
S06,Personal Care,Friday,2024-04,36789.350000000006
S06,Personal Care,Monday,2024-04,32209.790000000005
S06,Personal Care,Saturday,2024-04,44238.39
S06,Personal Care,Sunday,2024-04,42683.649999999994
S06,Personal Care,Thursday,2024-04,19961.17
S06,Personal Care,Tuesday,2024-04,33269.509999999995
S06,Personal Care,Wednesday,2024-04,33207.630000000005
S06,Spices & Masala,Friday,2024-04,24053.490000000005
S06,Spices & Masala,Monday,2024-04,16948.539999999997
S06,Spices & Masala,Saturday,2024-04,22895.289999999997
S06,Spices & Masala,Sunday,2024-04,21521.250000000007
S06,Spices & Masala,Thursday,2024-04,14952.329999999998
S06,Spices & Masala,Tuesday,2024-04,19342.100000000002
S06,Spices & Masala,Wednesday,2024-04,17785.41
S06,Staples & Grains,Friday,2024-04,102357.71999999996
S06,Staples & Grains,Monday,2024-04,82958.24
S06,Staples & Grains,Saturday,2024-04,150733.80000000002
S06,Staples & Grains,Sunday,2024-04,108902.95999999999
S06,Staples & Grains,Thursday,2024-04,48939.35
S06,Staples & Grains,Tuesday,2024-04,116374.73999999996
S06,Staples & Grains,Wednesday,2024-04,73171.43
S06,Stationery & General,Friday,2024-04,25509.47
S06,Stationery & General,Monday,2024-04,27050.239999999998
S06,Stationery & General,Saturday,2024-04,22848.81
S06,Stationery & General,Sunday,2024-04,34640.26000000002
S06,Stationery & General,Thursday,2024-04,24835.480000000007
S06,Stationery & General,Tuesday,2024-04,26297.57
S06,Stationery & General,Wednesday,2024-04,22267.440000000002
S06,UNKNOWN,Friday,2024-04,-6434.280000000002
S06,UNKNOWN,Monday,2024-04,-3898.8600000000006
S06,UNKNOWN,Saturday,2024-04,-5870.71
S06,UNKNOWN,Sunday,2024-04,-8905.130000000001
S06,UNKNOWN,Thursday,2024-04,-2132.82
S06,UNKNOWN,Tuesday,2024-04,-8392.459999999997
S06,UNKNOWN,Wednesday,2024-04,-2817.47
S06,Baby Care,Friday,2024-05,106336.20999999998
S06,Baby Care,Monday,2024-05,49299.47
S06,Baby Care,Saturday,2024-05,114675.04000000001
S06,Baby Care,Sunday,2024-05,92021.78999999996
S06,Baby Care,Thursday,2024-05,90773.42999999998
S06,Baby Care,Tuesday,2024-05,80262.41000000002
S06,Baby Care,Wednesday,2024-05,129313.58999999998
S06,Bakery,Friday,2024-05,15977.869999999999
S06,Bakery,Monday,2024-05,6388.099999999999
S06,Bakery,Saturday,2024-05,22072.200000000008
S06,Bakery,Sunday,2024-05,16291.280000000004
S06,Bakery,Thursday,2024-05,16037.290000000005
S06,Bakery,Tuesday,2024-05,10739.83
S06,Bakery,Wednesday,2024-05,12819.57
S06,Beverages,Friday,2024-05,25522.470000000012
S06,Beverages,Monday,2024-05,16943.610000000004
S06,Beverages,Saturday,2024-05,33492.27000000002
S06,Beverages,Sunday,2024-05,36401.75000000001
S06,Beverages,Thursday,2024-05,26038.640000000007
S06,Beverages,Tuesday,2024-05,19447.56
S06,Beverages,Wednesday,2024-05,31741.48
S06,Biscuits & Snacks,Friday,2024-05,8379.089999999998
S06,Biscuits & Snacks,Monday,2024-05,4294.679999999999
S06,Biscuits & Snacks,Saturday,2024-05,9706.509999999998
S06,Biscuits & Snacks,Sunday,2024-05,11776.269999999999
S06,Biscuits & Snacks,Thursday,2024-05,7438.7599999999975
S06,Biscuits & Snacks,Tuesday,2024-05,8788.929999999995
S06,Biscuits & Snacks,Wednesday,2024-05,9218.549999999997
S06,Confectionery,Friday,2024-05,23201.330000000005
S06,Confectionery,Monday,2024-05,10260.770000000004
S06,Confectionery,Saturday,2024-05,21004.2
S06,Confectionery,Sunday,2024-05,22361.25
S06,Confectionery,Thursday,2024-05,15476.929999999998
S06,Confectionery,Tuesday,2024-05,11928.21
S06,Confectionery,Wednesday,2024-05,22292.97
S06,Dairy,Friday,2024-05,56584.539999999986
S06,Dairy,Monday,2024-05,25523.23
S06,Dairy,Saturday,2024-05,72623.41
S06,Dairy,Sunday,2024-05,47166.509999999995
S06,Dairy,Thursday,2024-05,33625.23
S06,Dairy,Tuesday,2024-05,23132.790000000005
S06,Dairy,Wednesday,2024-05,46228.41999999999
S06,Edible Oils,Friday,2024-05,102351.65
S06,Edible Oils,Monday,2024-05,78351.82999999997
S06,Edible Oils,Saturday,2024-05,112654.45999999996
S06,Edible Oils,Sunday,2024-05,120711.64999999997
S06,Edible Oils,Thursday,2024-05,85017.79999999997
S06,Edible Oils,Tuesday,2024-05,70453.35999999999
S06,Edible Oils,Wednesday,2024-05,107344.60999999996
S06,Frozen & Ready to Eat,Friday,2024-05,45864.05999999998
S06,Frozen & Ready to Eat,Monday,2024-05,20704.670000000006
S06,Frozen & Ready to Eat,Saturday,2024-05,30705.18999999999
S06,Frozen & Ready to Eat,Sunday,2024-05,37774.48
S06,Frozen & Ready to Eat,Thursday,2024-05,29991.039999999997
S06,Frozen & Ready to Eat,Tuesday,2024-05,25315.0
S06,Frozen & Ready to Eat,Wednesday,2024-05,38333.41000000001
S06,Fruits & Vegetables,Friday,2024-05,24055.350000000017
S06,Fruits & Vegetables,Monday,2024-05,12442.759999999998
S06,Fruits & Vegetables,Saturday,2024-05,24803.079999999994
S06,Fruits & Vegetables,Sunday,2024-05,20421.930000000004
S06,Fruits & Vegetables,Thursday,2024-05,15550.09
S06,Fruits & Vegetables,Tuesday,2024-05,11417.839999999998
S06,Fruits & Vegetables,Wednesday,2024-05,17935.519999999997
S06,Home Care,Friday,2024-05,36846.93000000001
S06,Home Care,Monday,2024-05,20543.409999999993
S06,Home Care,Saturday,2024-05,32599.370000000006
S06,Home Care,Sunday,2024-05,37042.95999999999
S06,Home Care,Thursday,2024-05,31625.830000000005
S06,Home Care,Tuesday,2024-05,18573.510000000002
S06,Home Care,Wednesday,2024-05,22766.97000000001
S06,Personal Care,Friday,2024-05,42892.090000000004
S06,Personal Care,Monday,2024-05,26838.090000000004
S06,Personal Care,Saturday,2024-05,56487.75
S06,Personal Care,Sunday,2024-05,45279.74
S06,Personal Care,Thursday,2024-05,37863.39000000001
S06,Personal Care,Tuesday,2024-05,42769.29000000001
S06,Personal Care,Wednesday,2024-05,25769.50000000001
S06,Spices & Masala,Friday,2024-05,23687.109999999993
S06,Spices & Masala,Monday,2024-05,12668.049999999996
S06,Spices & Masala,Saturday,2024-05,28262.029999999995
S06,Spices & Masala,Sunday,2024-05,17871.8
S06,Spices & Masala,Thursday,2024-05,19829.469999999998
S06,Spices & Masala,Tuesday,2024-05,18014.399999999998
S06,Spices & Masala,Wednesday,2024-05,20358.74999999999
S06,Staples & Grains,Friday,2024-05,123574.76999999996
S06,Staples & Grains,Monday,2024-05,59184.24000000002
S06,Staples & Grains,Saturday,2024-05,131176.01999999993
S06,Staples & Grains,Sunday,2024-05,136094.68000000002
S06,Staples & Grains,Thursday,2024-05,95249.81
S06,Staples & Grains,Tuesday,2024-05,76608.44
S06,Staples & Grains,Wednesday,2024-05,110279.12999999996
S06,Stationery & General,Friday,2024-05,36488.02000000001
S06,Stationery & General,Monday,2024-05,22131.870000000003
S06,Stationery & General,Saturday,2024-05,37864.55
S06,Stationery & General,Sunday,2024-05,29150.83000000001
S06,Stationery & General,Thursday,2024-05,26597.320000000003
S06,Stationery & General,Tuesday,2024-05,18860.239999999998
S06,Stationery & General,Wednesday,2024-05,29193.58000000001
S06,UNKNOWN,Friday,2024-05,-887.3800000000001
S06,UNKNOWN,Monday,2024-05,-4579.019999999999
S06,UNKNOWN,Saturday,2024-05,-5179.0
S06,UNKNOWN,Sunday,2024-05,-6153.4
S06,UNKNOWN,Thursday,2024-05,-4496.079999999999
S06,UNKNOWN,Tuesday,2024-05,-3804.5099999999998
S06,UNKNOWN,Wednesday,2024-05,-5902.050000000001
S06,Baby Care,Friday,2024-06,99112.82999999999
S06,Baby Care,Monday,2024-06,56022.07999999999
S06,Baby Care,Saturday,2024-06,159949.1
S06,Baby Care,Sunday,2024-06,132859.09999999995
S06,Baby Care,Thursday,2024-06,62865.950000000004
S06,Baby Care,Tuesday,2024-06,69927.34000000001
S06,Baby Care,Wednesday,2024-06,71580.37
S06,Bakery,Friday,2024-06,13180.520000000002
S06,Bakery,Monday,2024-06,11122.560000000001
S06,Bakery,Saturday,2024-06,25961.72000000001
S06,Bakery,Sunday,2024-06,20167.220000000005
S06,Bakery,Thursday,2024-06,10269.51
S06,Bakery,Tuesday,2024-06,7678.17
S06,Bakery,Wednesday,2024-06,12215.099999999999
S06,Beverages,Friday,2024-06,26398.250000000004
S06,Beverages,Monday,2024-06,21790.029999999995
S06,Beverages,Saturday,2024-06,35132.02000000002
S06,Beverages,Sunday,2024-06,37522.08
S06,Beverages,Thursday,2024-06,28359.879999999994
S06,Beverages,Tuesday,2024-06,15007.4
S06,Beverages,Wednesday,2024-06,13118.64
S06,Biscuits & Snacks,Friday,2024-06,7421.37
S06,Biscuits & Snacks,Monday,2024-06,7793.989999999998
S06,Biscuits & Snacks,Saturday,2024-06,14750.279999999997
S06,Biscuits & Snacks,Sunday,2024-06,11979.249999999996
S06,Biscuits & Snacks,Thursday,2024-06,3380.9300000000007
S06,Biscuits & Snacks,Tuesday,2024-06,2784.43
S06,Biscuits & Snacks,Wednesday,2024-06,5332.539999999997
S06,Confectionery,Friday,2024-06,21054.01000000001
S06,Confectionery,Monday,2024-06,15978.98
S06,Confectionery,Saturday,2024-06,36602.61000000002
S06,Confectionery,Sunday,2024-06,25226.850000000017
S06,Confectionery,Thursday,2024-06,13881.0
S06,Confectionery,Tuesday,2024-06,12257.44
S06,Confectionery,Wednesday,2024-06,16598.999999999996
S06,Dairy,Friday,2024-06,48492.789999999986
S06,Dairy,Monday,2024-06,21796.069999999996
S06,Dairy,Saturday,2024-06,80855.23
S06,Dairy,Sunday,2024-06,60057.62
S06,Dairy,Thursday,2024-06,25301.25
S06,Dairy,Tuesday,2024-06,25131.019999999993
S06,Dairy,Wednesday,2024-06,37441.479999999996
S06,Edible Oils,Friday,2024-06,84947.07999999999
S06,Edible Oils,Monday,2024-06,78969.68000000001
S06,Edible Oils,Saturday,2024-06,143201.87
S06,Edible Oils,Sunday,2024-06,133705.93999999997
S06,Edible Oils,Thursday,2024-06,94175.90999999996
S06,Edible Oils,Tuesday,2024-06,40023.62
S06,Edible Oils,Wednesday,2024-06,70430.48
S06,Frozen & Ready to Eat,Friday,2024-06,36370.46000000002
S06,Frozen & Ready to Eat,Monday,2024-06,24025.289999999997
S06,Frozen & Ready to Eat,Saturday,2024-06,54672.35999999998
S06,Frozen & Ready to Eat,Sunday,2024-06,48734.21999999999
S06,Frozen & Ready to Eat,Thursday,2024-06,22459.820000000007
S06,Frozen & Ready to Eat,Tuesday,2024-06,22894.559999999998
S06,Frozen & Ready to Eat,Wednesday,2024-06,17829.960000000003
S06,Fruits & Vegetables,Friday,2024-06,18272.270000000004
S06,Fruits & Vegetables,Monday,2024-06,11019.1
S06,Fruits & Vegetables,Saturday,2024-06,18407.890000000007
S06,Fruits & Vegetables,Sunday,2024-06,22240.280000000002
S06,Fruits & Vegetables,Thursday,2024-06,9255.900000000001
S06,Fruits & Vegetables,Tuesday,2024-06,10557.179999999998
S06,Fruits & Vegetables,Wednesday,2024-06,11243.570000000002
S06,Home Care,Friday,2024-06,22369.659999999996
S06,Home Care,Monday,2024-06,20022.940000000002
S06,Home Care,Saturday,2024-06,43348.450000000004
S06,Home Care,Sunday,2024-06,55379.509999999995
S06,Home Care,Thursday,2024-06,23344.090000000004
S06,Home Care,Tuesday,2024-06,11487.22
S06,Home Care,Wednesday,2024-06,23533.77
S06,Personal Care,Friday,2024-06,33810.88999999999
S06,Personal Care,Monday,2024-06,14460.900000000001
S06,Personal Care,Saturday,2024-06,78161.59000000003
S06,Personal Care,Sunday,2024-06,43269.67
S06,Personal Care,Thursday,2024-06,31831.090000000007
S06,Personal Care,Tuesday,2024-06,20286.940000000002
S06,Personal Care,Wednesday,2024-06,30031.060000000005
S06,Spices & Masala,Friday,2024-06,19635.07
S06,Spices & Masala,Monday,2024-06,10044.1
S06,Spices & Masala,Saturday,2024-06,30178.620000000006
S06,Spices & Masala,Sunday,2024-06,26696.520000000004
S06,Spices & Masala,Thursday,2024-06,17743.710000000006
S06,Spices & Masala,Tuesday,2024-06,12857.919999999996
S06,Spices & Masala,Wednesday,2024-06,14083.610000000002
S06,Staples & Grains,Friday,2024-06,116340.95000000001
S06,Staples & Grains,Monday,2024-06,60484.579999999994
S06,Staples & Grains,Saturday,2024-06,171219.74000000005
S06,Staples & Grains,Sunday,2024-06,162376.69999999995
S06,Staples & Grains,Thursday,2024-06,88548.41999999998
S06,Staples & Grains,Tuesday,2024-06,73904.65
S06,Staples & Grains,Wednesday,2024-06,63184.49
S06,Stationery & General,Friday,2024-06,19646.450000000004
S06,Stationery & General,Monday,2024-06,13677.950000000004
S06,Stationery & General,Saturday,2024-06,36210.450000000004
S06,Stationery & General,Sunday,2024-06,39708.89000000001
S06,Stationery & General,Thursday,2024-06,16529.149999999998
S06,Stationery & General,Tuesday,2024-06,16721.86
S06,Stationery & General,Wednesday,2024-06,19025.48
S06,UNKNOWN,Friday,2024-06,-3969.75
S06,UNKNOWN,Monday,2024-06,-2983.4300000000003
S06,UNKNOWN,Saturday,2024-06,-6636.740000000002
S06,UNKNOWN,Sunday,2024-06,-10376.2
S06,UNKNOWN,Thursday,2024-06,-4895.619999999999
S06,UNKNOWN,Tuesday,2024-06,-3359.01
S06,UNKNOWN,Wednesday,2024-06,-1654.9099999999996
S06,Baby Care,Friday,2024-07,101765.46000000004
S06,Baby Care,Monday,2024-07,58621.979999999996
S06,Baby Care,Saturday,2024-07,132494.26999999996
S06,Baby Care,Sunday,2024-07,108146.99999999999
S06,Baby Care,Thursday,2024-07,72591.69
S06,Baby Care,Tuesday,2024-07,74220.09000000001
S06,Baby Care,Wednesday,2024-07,97765.37000000001
S06,Bakery,Friday,2024-07,10609.58
S06,Bakery,Monday,2024-07,12036.089999999998
S06,Bakery,Saturday,2024-07,19010.509999999995
S06,Bakery,Sunday,2024-07,13142.39
S06,Bakery,Thursday,2024-07,10362.040000000003
S06,Bakery,Tuesday,2024-07,10299.119999999995
S06,Bakery,Wednesday,2024-07,15612.160000000003
S06,Beverages,Friday,2024-07,32259.020000000008
S06,Beverages,Monday,2024-07,30581.76
S06,Beverages,Saturday,2024-07,48104.62000000001
S06,Beverages,Sunday,2024-07,22273.950000000004
S06,Beverages,Thursday,2024-07,22413.680000000008
S06,Beverages,Tuesday,2024-07,16337.020000000004
S06,Beverages,Wednesday,2024-07,26596.969999999998
S06,Biscuits & Snacks,Friday,2024-07,5423.580000000001
S06,Biscuits & Snacks,Monday,2024-07,7025.459999999998
S06,Biscuits & Snacks,Saturday,2024-07,13803.619999999997
S06,Biscuits & Snacks,Sunday,2024-07,6261.6900000000005
S06,Biscuits & Snacks,Thursday,2024-07,5664.740000000001
S06,Biscuits & Snacks,Tuesday,2024-07,4943.98
S06,Biscuits & Snacks,Wednesday,2024-07,8071.48
S06,Confectionery,Friday,2024-07,18238.289999999997
S06,Confectionery,Monday,2024-07,17551.65
S06,Confectionery,Saturday,2024-07,22634.480000000003
S06,Confectionery,Sunday,2024-07,20761.289999999997
S06,Confectionery,Thursday,2024-07,20251.6
S06,Confectionery,Tuesday,2024-07,18682.039999999997
S06,Confectionery,Wednesday,2024-07,18916.339999999997
S06,Dairy,Friday,2024-07,37817.26999999998
S06,Dairy,Monday,2024-07,47417.67999999999
S06,Dairy,Saturday,2024-07,60596.12000000001
S06,Dairy,Sunday,2024-07,39280.67
S06,Dairy,Thursday,2024-07,42453.540000000015
S06,Dairy,Tuesday,2024-07,42425.959999999985
S06,Dairy,Wednesday,2024-07,38559.53
S06,Edible Oils,Friday,2024-07,82779.4
S06,Edible Oils,Monday,2024-07,67696.02999999998
S06,Edible Oils,Saturday,2024-07,103136.52999999998
S06,Edible Oils,Sunday,2024-07,106209.98999999996
S06,Edible Oils,Thursday,2024-07,57646.94000000001
S06,Edible Oils,Tuesday,2024-07,53020.71999999999
S06,Edible Oils,Wednesday,2024-07,93149.98999999999
S06,Frozen & Ready to Eat,Friday,2024-07,41462.979999999996
S06,Frozen & Ready to Eat,Monday,2024-07,31407.940000000002
S06,Frozen & Ready to Eat,Saturday,2024-07,54823.27
S06,Frozen & Ready to Eat,Sunday,2024-07,43029.030000000006
S06,Frozen & Ready to Eat,Thursday,2024-07,27056.010000000006
S06,Frozen & Ready to Eat,Tuesday,2024-07,24343.540000000005
S06,Frozen & Ready to Eat,Wednesday,2024-07,31663.940000000006
S06,Fruits & Vegetables,Friday,2024-07,18596.89
S06,Fruits & Vegetables,Monday,2024-07,11712.900000000003
S06,Fruits & Vegetables,Saturday,2024-07,18019.579999999994
S06,Fruits & Vegetables,Sunday,2024-07,12569.46
S06,Fruits & Vegetables,Thursday,2024-07,18145.100000000002
S06,Fruits & Vegetables,Tuesday,2024-07,11443.220000000003
S06,Fruits & Vegetables,Wednesday,2024-07,19600.539999999997
S06,Home Care,Friday,2024-07,24907.410000000003
S06,Home Care,Monday,2024-07,26017.619999999995
S06,Home Care,Saturday,2024-07,29909.06000000001
S06,Home Care,Sunday,2024-07,36691.17
S06,Home Care,Thursday,2024-07,31238.14
S06,Home Care,Tuesday,2024-07,23857.16
S06,Home Care,Wednesday,2024-07,42275.45999999999
S06,Personal Care,Friday,2024-07,38713.860000000015
S06,Personal Care,Monday,2024-07,40556.880000000005
S06,Personal Care,Saturday,2024-07,68904.64000000001
S06,Personal Care,Sunday,2024-07,39894.969999999994
S06,Personal Care,Thursday,2024-07,33254.479999999996
S06,Personal Care,Tuesday,2024-07,33685.11
S06,Personal Care,Wednesday,2024-07,40931.66
S06,Spices & Masala,Friday,2024-07,18677.489999999998
S06,Spices & Masala,Monday,2024-07,16412.839999999997
S06,Spices & Masala,Saturday,2024-07,28547.37
S06,Spices & Masala,Sunday,2024-07,22186.689999999995
S06,Spices & Masala,Thursday,2024-07,16722.27
S06,Spices & Masala,Tuesday,2024-07,16201.68
S06,Spices & Masala,Wednesday,2024-07,25673.459999999995
S06,Staples & Grains,Friday,2024-07,98294.42000000004
S06,Staples & Grains,Monday,2024-07,106411.87999999999
S06,Staples & Grains,Saturday,2024-07,121428.63999999997
S06,Staples & Grains,Sunday,2024-07,126053.77999999996
S06,Staples & Grains,Thursday,2024-07,111988.62000000001
S06,Staples & Grains,Tuesday,2024-07,95097.18999999999
S06,Staples & Grains,Wednesday,2024-07,119450.07999999999
S06,Stationery & General,Friday,2024-07,27999.920000000002
S06,Stationery & General,Monday,2024-07,27532.679999999997
S06,Stationery & General,Saturday,2024-07,34800.63
S06,Stationery & General,Sunday,2024-07,26924.92
S06,Stationery & General,Thursday,2024-07,23948.209999999995
S06,Stationery & General,Tuesday,2024-07,20319.699999999997
S06,Stationery & General,Wednesday,2024-07,30399.21
S06,UNKNOWN,Friday,2024-07,-3353.71
S06,UNKNOWN,Monday,2024-07,-2832.17
S06,UNKNOWN,Saturday,2024-07,-5214.66
S06,UNKNOWN,Sunday,2024-07,-6622.089999999998
S06,UNKNOWN,Thursday,2024-07,-5446.890000000001
S06,UNKNOWN,Tuesday,2024-07,-4805.76
S06,UNKNOWN,Wednesday,2024-07,-4844.58
S06,Baby Care,Friday,2024-08,135870.75999999998
S06,Baby Care,Monday,2024-08,92627.77
S06,Baby Care,Saturday,2024-08,211093.64
S06,Baby Care,Sunday,2024-08,103522.27000000003
S06,Baby Care,Thursday,2024-08,95362.66000000002
S06,Baby Care,Tuesday,2024-08,93565.18000000001
S06,Baby Care,Wednesday,2024-08,79201.39
S06,Bakery,Friday,2024-08,18769.179999999997
S06,Bakery,Monday,2024-08,11087.589999999995
S06,Bakery,Saturday,2024-08,19732.170000000006
S06,Bakery,Sunday,2024-08,14878.780000000004
S06,Bakery,Thursday,2024-08,14231.110000000002
S06,Bakery,Tuesday,2024-08,9204.550000000001
S06,Bakery,Wednesday,2024-08,9581.600000000002
S06,Beverages,Friday,2024-08,36657.64999999999
S06,Beverages,Monday,2024-08,18771.270000000008
S06,Beverages,Saturday,2024-08,47231.78000000001
S06,Beverages,Sunday,2024-08,33014.50000000001
S06,Beverages,Thursday,2024-08,24691.48
S06,Beverages,Tuesday,2024-08,19771.169999999995
S06,Beverages,Wednesday,2024-08,26642.800000000003
S06,Biscuits & Snacks,Friday,2024-08,10394.379999999994
S06,Biscuits & Snacks,Monday,2024-08,7413.71
S06,Biscuits & Snacks,Saturday,2024-08,16032.439999999995
S06,Biscuits & Snacks,Sunday,2024-08,7924.669999999999
S06,Biscuits & Snacks,Thursday,2024-08,9901.79
S06,Biscuits & Snacks,Tuesday,2024-08,4216.92
S06,Biscuits & Snacks,Wednesday,2024-08,8284.890000000001
S06,Confectionery,Friday,2024-08,25799.819999999992
S06,Confectionery,Monday,2024-08,18142.289999999997
S06,Confectionery,Saturday,2024-08,26792.460000000006
S06,Confectionery,Sunday,2024-08,20781.449999999997
S06,Confectionery,Thursday,2024-08,21918.899999999998
S06,Confectionery,Tuesday,2024-08,13626.65
S06,Confectionery,Wednesday,2024-08,16027.579999999998
S06,Dairy,Friday,2024-08,64047.150000000016
S06,Dairy,Monday,2024-08,43522.819999999985
S06,Dairy,Saturday,2024-08,69770.97000000002
S06,Dairy,Sunday,2024-08,52075.27999999998
S06,Dairy,Thursday,2024-08,58561.08
S06,Dairy,Tuesday,2024-08,29436.070000000007
S06,Dairy,Wednesday,2024-08,33793.71000000001
S06,Edible Oils,Friday,2024-08,96727.25000000003
S06,Edible Oils,Monday,2024-08,81419.81000000003
S06,Edible Oils,Saturday,2024-08,196425.35000000003
S06,Edible Oils,Sunday,2024-08,109959.63999999998
S06,Edible Oils,Thursday,2024-08,90257.29000000001
S06,Edible Oils,Tuesday,2024-08,82488.56999999998
S06,Edible Oils,Wednesday,2024-08,64774.869999999995
S06,Frozen & Ready to Eat,Friday,2024-08,37807.80000000001
S06,Frozen & Ready to Eat,Monday,2024-08,20772.69
S06,Frozen & Ready to Eat,Saturday,2024-08,55676.580000000016
S06,Frozen & Ready to Eat,Sunday,2024-08,29918.79
S06,Frozen & Ready to Eat,Thursday,2024-08,40821.209999999985
S06,Frozen & Ready to Eat,Tuesday,2024-08,18800.359999999997
S06,Frozen & Ready to Eat,Wednesday,2024-08,30947.99
S06,Fruits & Vegetables,Friday,2024-08,22364.920000000013
S06,Fruits & Vegetables,Monday,2024-08,15310.76
S06,Fruits & Vegetables,Saturday,2024-08,26784.29000000001
S06,Fruits & Vegetables,Sunday,2024-08,23803.27
S06,Fruits & Vegetables,Thursday,2024-08,16707.37
S06,Fruits & Vegetables,Tuesday,2024-08,13352.060000000001
S06,Fruits & Vegetables,Wednesday,2024-08,17108.660000000003
S06,Home Care,Friday,2024-08,42894.94
S06,Home Care,Monday,2024-08,25771.639999999996
S06,Home Care,Saturday,2024-08,70078.38
S06,Home Care,Sunday,2024-08,39544.16
S06,Home Care,Thursday,2024-08,27968.499999999993
S06,Home Care,Tuesday,2024-08,21572.86
S06,Home Care,Wednesday,2024-08,28866.73000000001
S06,Personal Care,Friday,2024-08,58778.5
S06,Personal Care,Monday,2024-08,38930.319999999985
S06,Personal Care,Saturday,2024-08,71740.75000000001
S06,Personal Care,Sunday,2024-08,50049.05
S06,Personal Care,Thursday,2024-08,35275.97
S06,Personal Care,Tuesday,2024-08,25540.55
S06,Personal Care,Wednesday,2024-08,42002.38000000001
S06,Spices & Masala,Friday,2024-08,29596.71
S06,Spices & Masala,Monday,2024-08,20157.079999999998
S06,Spices & Masala,Saturday,2024-08,33491.62
S06,Spices & Masala,Sunday,2024-08,28809.06
S06,Spices & Masala,Thursday,2024-08,21282.219999999998
S06,Spices & Masala,Tuesday,2024-08,10565.169999999998
S06,Spices & Masala,Wednesday,2024-08,19576.810000000005
S06,Staples & Grains,Friday,2024-08,124124.29999999999
S06,Staples & Grains,Monday,2024-08,68764.67
S06,Staples & Grains,Saturday,2024-08,208556.96999999994
S06,Staples & Grains,Sunday,2024-08,136173.64999999997
S06,Staples & Grains,Thursday,2024-08,112633.67
S06,Staples & Grains,Tuesday,2024-08,117306.85999999999
S06,Staples & Grains,Wednesday,2024-08,112332.08000000002
S06,Stationery & General,Friday,2024-08,55898.45999999999
S06,Stationery & General,Monday,2024-08,16893.74
S06,Stationery & General,Saturday,2024-08,51857.530000000006
S06,Stationery & General,Sunday,2024-08,25073.409999999996
S06,Stationery & General,Thursday,2024-08,38451.180000000015
S06,Stationery & General,Tuesday,2024-08,26157.959999999995
S06,Stationery & General,Wednesday,2024-08,19108.57
S06,UNKNOWN,Friday,2024-08,-10920.32
S06,UNKNOWN,Monday,2024-08,-5936.59
S06,UNKNOWN,Saturday,2024-08,-11643.950000000003
S06,UNKNOWN,Sunday,2024-08,-6402.33
S06,UNKNOWN,Thursday,2024-08,-3933.48
S06,UNKNOWN,Tuesday,2024-08,-3526.87
S06,UNKNOWN,Wednesday,2024-08,-5487.12
S06,Baby Care,Friday,2024-09,116066.29999999999
S06,Baby Care,Monday,2024-09,74157.23999999998
S06,Baby Care,Saturday,2024-09,190153.18999999997
S06,Baby Care,Sunday,2024-09,152182.26
S06,Baby Care,Thursday,2024-09,62489.39000000001
S06,Baby Care,Tuesday,2024-09,74357.07000000002
S06,Baby Care,Wednesday,2024-09,110315.21000000004
S06,Bakery,Friday,2024-09,19328.62
S06,Bakery,Monday,2024-09,13639.779999999997
S06,Bakery,Saturday,2024-09,23380.46
S06,Bakery,Sunday,2024-09,21816.100000000006
S06,Bakery,Thursday,2024-09,10196.219999999998
S06,Bakery,Tuesday,2024-09,12650.329999999998
S06,Bakery,Wednesday,2024-09,12192.039999999997
S06,Beverages,Friday,2024-09,34507.92000000002
S06,Beverages,Monday,2024-09,34649.03999999999
S06,Beverages,Saturday,2024-09,45157.020000000004
S06,Beverages,Sunday,2024-09,41731.170000000006
S06,Beverages,Thursday,2024-09,32351.22
S06,Beverages,Tuesday,2024-09,15658.609999999999
S06,Beverages,Wednesday,2024-09,18221.170000000002
S06,Biscuits & Snacks,Friday,2024-09,10410.220000000003
S06,Biscuits & Snacks,Monday,2024-09,5979.869999999998
S06,Biscuits & Snacks,Saturday,2024-09,17219.570000000003
S06,Biscuits & Snacks,Sunday,2024-09,9154.699999999999
S06,Biscuits & Snacks,Thursday,2024-09,7562.709999999999
S06,Biscuits & Snacks,Tuesday,2024-09,5771.54
S06,Biscuits & Snacks,Wednesday,2024-09,5690.109999999999
S06,Confectionery,Friday,2024-09,17484.569999999996
S06,Confectionery,Monday,2024-09,19223.070000000003
S06,Confectionery,Saturday,2024-09,25356.929999999997
S06,Confectionery,Sunday,2024-09,29595.030000000006
S06,Confectionery,Thursday,2024-09,12270.999999999998
S06,Confectionery,Tuesday,2024-09,10655.800000000001
S06,Confectionery,Wednesday,2024-09,19227.659999999996
S06,Dairy,Friday,2024-09,48046.39
S06,Dairy,Monday,2024-09,34220.94000000001
S06,Dairy,Saturday,2024-09,73730.42
S06,Dairy,Sunday,2024-09,73570.58999999998
S06,Dairy,Thursday,2024-09,35236.01
S06,Dairy,Tuesday,2024-09,39765.59
S06,Dairy,Wednesday,2024-09,36540.14999999999
S06,Edible Oils,Friday,2024-09,115019.23
S06,Edible Oils,Monday,2024-09,76630.87999999998
S06,Edible Oils,Saturday,2024-09,133831.53
S06,Edible Oils,Sunday,2024-09,152349.12
S06,Edible Oils,Thursday,2024-09,72114.28999999998
S06,Edible Oils,Tuesday,2024-09,65064.33
S06,Edible Oils,Wednesday,2024-09,48369.149999999994
S06,Frozen & Ready to Eat,Friday,2024-09,33839.5
S06,Frozen & Ready to Eat,Monday,2024-09,36166.27000000001
S06,Frozen & Ready to Eat,Saturday,2024-09,57931.29999999999
S06,Frozen & Ready to Eat,Sunday,2024-09,52205.87
S06,Frozen & Ready to Eat,Thursday,2024-09,35017.34
S06,Frozen & Ready to Eat,Tuesday,2024-09,20966.739999999998
S06,Frozen & Ready to Eat,Wednesday,2024-09,27449.29
S06,Fruits & Vegetables,Friday,2024-09,16949.910000000003
S06,Fruits & Vegetables,Monday,2024-09,15056.659999999998
S06,Fruits & Vegetables,Saturday,2024-09,27473.989999999998
S06,Fruits & Vegetables,Sunday,2024-09,25104.500000000015
S06,Fruits & Vegetables,Thursday,2024-09,15503.140000000001
S06,Fruits & Vegetables,Tuesday,2024-09,13317.770000000002
S06,Fruits & Vegetables,Wednesday,2024-09,16001.159999999998
S06,Home Care,Friday,2024-09,38349.93
S06,Home Care,Monday,2024-09,22400.659999999996
S06,Home Care,Saturday,2024-09,58982.54999999998
S06,Home Care,Sunday,2024-09,42950.62000000001
S06,Home Care,Thursday,2024-09,27525.809999999998
S06,Home Care,Tuesday,2024-09,22911.539999999997
S06,Home Care,Wednesday,2024-09,25118.589999999997
S06,Personal Care,Friday,2024-09,45884.49
S06,Personal Care,Monday,2024-09,38588.36999999998
S06,Personal Care,Saturday,2024-09,62255.07000000002
S06,Personal Care,Sunday,2024-09,48646.630000000005
S06,Personal Care,Thursday,2024-09,33515.5
S06,Personal Care,Tuesday,2024-09,23029.22
S06,Personal Care,Wednesday,2024-09,25316.440000000002
S06,Spices & Masala,Friday,2024-09,18175.300000000007
S06,Spices & Masala,Monday,2024-09,26536.78
S06,Spices & Masala,Saturday,2024-09,37459.659999999996
S06,Spices & Masala,Sunday,2024-09,24324.72
S06,Spices & Masala,Thursday,2024-09,16496.36
S06,Spices & Masala,Tuesday,2024-09,9482.620000000003
S06,Spices & Masala,Wednesday,2024-09,27091.520000000008
S06,Staples & Grains,Friday,2024-09,101003.85999999999
S06,Staples & Grains,Monday,2024-09,108438.52000000008
S06,Staples & Grains,Saturday,2024-09,186077.86000000002
S06,Staples & Grains,Sunday,2024-09,176136.59000000003
S06,Staples & Grains,Thursday,2024-09,97123.40000000004
S06,Staples & Grains,Tuesday,2024-09,98926.74000000002
S06,Staples & Grains,Wednesday,2024-09,81408.03999999998
S06,Stationery & General,Friday,2024-09,25327.790000000005
S06,Stationery & General,Monday,2024-09,25250.670000000002
S06,Stationery & General,Saturday,2024-09,48048.049999999996
S06,Stationery & General,Sunday,2024-09,35661.849999999984
S06,Stationery & General,Thursday,2024-09,24972.519999999997
S06,Stationery & General,Tuesday,2024-09,20080.329999999998
S06,Stationery & General,Wednesday,2024-09,20406.899999999998
S06,UNKNOWN,Friday,2024-09,-8888.069999999996
S06,UNKNOWN,Monday,2024-09,-5046.61
S06,UNKNOWN,Saturday,2024-09,-14302.260000000002
S06,UNKNOWN,Sunday,2024-09,-8855.89
S06,UNKNOWN,Thursday,2024-09,-4642.06
S06,UNKNOWN,Tuesday,2024-09,-4963.009999999999
S06,UNKNOWN,Wednesday,2024-09,-3047.5099999999998
S06,Baby Care,Friday,2024-10,147310.91
S06,Baby Care,Monday,2024-10,129132.02000000002
S06,Baby Care,Saturday,2024-10,184692.31999999995
S06,Baby Care,Sunday,2024-10,152578.50000000006
S06,Baby Care,Thursday,2024-10,118520.67000000001
S06,Baby Care,Tuesday,2024-10,139989.92999999996
S06,Baby Care,Wednesday,2024-10,93406.87
S06,Bakery,Friday,2024-10,18014.249999999993
S06,Bakery,Monday,2024-10,14996.019999999997
S06,Bakery,Saturday,2024-10,25503.499999999993
S06,Bakery,Sunday,2024-10,31583.379999999976
S06,Bakery,Thursday,2024-10,18708.850000000002
S06,Bakery,Tuesday,2024-10,13067.569999999996
S06,Bakery,Wednesday,2024-10,14884.229999999998
S06,Beverages,Friday,2024-10,38291.93
S06,Beverages,Monday,2024-10,31515.97
S06,Beverages,Saturday,2024-10,56363.34
S06,Beverages,Sunday,2024-10,56117.219999999994
S06,Beverages,Thursday,2024-10,42063.96000000002
S06,Beverages,Tuesday,2024-10,22228.070000000003
S06,Beverages,Wednesday,2024-10,34482.71000000001
S06,Biscuits & Snacks,Friday,2024-10,11709.400000000007
S06,Biscuits & Snacks,Monday,2024-10,10359.1
S06,Biscuits & Snacks,Saturday,2024-10,17108.899999999998
S06,Biscuits & Snacks,Sunday,2024-10,14636.060000000009
S06,Biscuits & Snacks,Thursday,2024-10,11631.229999999998
S06,Biscuits & Snacks,Tuesday,2024-10,12628.33
S06,Biscuits & Snacks,Wednesday,2024-10,8859.94
S06,Confectionery,Friday,2024-10,25320.889999999996
S06,Confectionery,Monday,2024-10,22484.59
S06,Confectionery,Saturday,2024-10,27052.159999999993
S06,Confectionery,Sunday,2024-10,31962.399999999998
S06,Confectionery,Thursday,2024-10,26775.390000000003
S06,Confectionery,Tuesday,2024-10,27986.58
S06,Confectionery,Wednesday,2024-10,24302.469999999998
S06,Dairy,Friday,2024-10,60104.29999999999
S06,Dairy,Monday,2024-10,44252.37000000001
S06,Dairy,Saturday,2024-10,74047.31000000001
S06,Dairy,Sunday,2024-10,72528.31999999998
S06,Dairy,Thursday,2024-10,65186.630000000005
S06,Dairy,Tuesday,2024-10,70137.90000000004
S06,Dairy,Wednesday,2024-10,55704.210000000014
S06,Edible Oils,Friday,2024-10,146056.96
S06,Edible Oils,Monday,2024-10,107290.94000000003
S06,Edible Oils,Saturday,2024-10,163294.92000000004
S06,Edible Oils,Sunday,2024-10,161672.97
S06,Edible Oils,Thursday,2024-10,192288.24
S06,Edible Oils,Tuesday,2024-10,95264.84999999999
S06,Edible Oils,Wednesday,2024-10,87323.16999999994
S06,Frozen & Ready to Eat,Friday,2024-10,51149.390000000014
S06,Frozen & Ready to Eat,Monday,2024-10,41433.98999999999
S06,Frozen & Ready to Eat,Saturday,2024-10,55465.80000000002
S06,Frozen & Ready to Eat,Sunday,2024-10,54506.83000000001
S06,Frozen & Ready to Eat,Thursday,2024-10,46506.37
S06,Frozen & Ready to Eat,Tuesday,2024-10,48279.75000000001
S06,Frozen & Ready to Eat,Wednesday,2024-10,38831.21
S06,Fruits & Vegetables,Friday,2024-10,19699.860000000004
S06,Fruits & Vegetables,Monday,2024-10,16095.949999999999
S06,Fruits & Vegetables,Saturday,2024-10,39120.08000000001
S06,Fruits & Vegetables,Sunday,2024-10,35492.77999999999
S06,Fruits & Vegetables,Thursday,2024-10,25705.739999999987
S06,Fruits & Vegetables,Tuesday,2024-10,17358.91
S06,Fruits & Vegetables,Wednesday,2024-10,21944.67
S06,Home Care,Friday,2024-10,45902.72999999998
S06,Home Care,Monday,2024-10,44963.11
S06,Home Care,Saturday,2024-10,51945.22
S06,Home Care,Sunday,2024-10,52359.00999999998
S06,Home Care,Thursday,2024-10,41551.26999999999
S06,Home Care,Tuesday,2024-10,44605.59999999999
S06,Home Care,Wednesday,2024-10,33650.590000000004
S06,Personal Care,Friday,2024-10,63246.44
S06,Personal Care,Monday,2024-10,36783.29999999999
S06,Personal Care,Saturday,2024-10,65505.26
S06,Personal Care,Sunday,2024-10,62379.49000000002
S06,Personal Care,Thursday,2024-10,63438.95000000004
S06,Personal Care,Tuesday,2024-10,37543.59
S06,Personal Care,Wednesday,2024-10,49953.49999999999
S06,Spices & Masala,Friday,2024-10,31012.679999999997
S06,Spices & Masala,Monday,2024-10,9687.689999999999
S06,Spices & Masala,Saturday,2024-10,43078.36999999999
S06,Spices & Masala,Sunday,2024-10,42364.66000000001
S06,Spices & Masala,Thursday,2024-10,26435.60999999999
S06,Spices & Masala,Tuesday,2024-10,25175.36
S06,Spices & Masala,Wednesday,2024-10,26760.039999999997
S06,Staples & Grains,Friday,2024-10,130834.42999999995
S06,Staples & Grains,Monday,2024-10,91451.17999999996
S06,Staples & Grains,Saturday,2024-10,167155.74999999994
S06,Staples & Grains,Sunday,2024-10,182037.72999999995
S06,Staples & Grains,Thursday,2024-10,143806.38999999996
S06,Staples & Grains,Tuesday,2024-10,160122.38999999996
S06,Staples & Grains,Wednesday,2024-10,131800.16999999998
S06,Stationery & General,Friday,2024-10,42284.56000000001
S06,Stationery & General,Monday,2024-10,30935.550000000007
S06,Stationery & General,Saturday,2024-10,57925.48000000005
S06,Stationery & General,Sunday,2024-10,35632.220000000016
S06,Stationery & General,Thursday,2024-10,36534.91
S06,Stationery & General,Tuesday,2024-10,30301.639999999992
S06,Stationery & General,Wednesday,2024-10,29285.50000000001
S06,UNKNOWN,Friday,2024-10,-4926.0599999999995
S06,UNKNOWN,Monday,2024-10,-4923.75
S06,UNKNOWN,Saturday,2024-10,-9124.99
S06,UNKNOWN,Sunday,2024-10,-10887.040000000005
S06,UNKNOWN,Thursday,2024-10,-7854.750000000003
S06,UNKNOWN,Tuesday,2024-10,-6678.7
S06,UNKNOWN,Wednesday,2024-10,-4383.47
S06,Baby Care,Friday,2024-11,151135.24999999994
S06,Baby Care,Monday,2024-11,86645.95
S06,Baby Care,Saturday,2024-11,221269.77999999988
S06,Baby Care,Sunday,2024-11,153625.49
S06,Baby Care,Thursday,2024-11,107608.63000000006
S06,Baby Care,Tuesday,2024-11,77929.79000000001
S06,Baby Care,Wednesday,2024-11,163015.88999999996
S06,Bakery,Friday,2024-11,21655.389999999992
S06,Bakery,Monday,2024-11,14063.47
S06,Bakery,Saturday,2024-11,34630.27999999999
S06,Bakery,Sunday,2024-11,17956.510000000002
S06,Bakery,Thursday,2024-11,15102.380000000003
S06,Bakery,Tuesday,2024-11,11592.310000000001
S06,Bakery,Wednesday,2024-11,19140.71
S06,Beverages,Friday,2024-11,46692.45999999997
S06,Beverages,Monday,2024-11,26242.480000000003
S06,Beverages,Saturday,2024-11,59562.499999999985
S06,Beverages,Sunday,2024-11,42393.47999999999
S06,Beverages,Thursday,2024-11,33414.98000000001
S06,Beverages,Tuesday,2024-11,26214.089999999997
S06,Beverages,Wednesday,2024-11,24823.430000000008
S06,Biscuits & Snacks,Friday,2024-11,14314.709999999997
S06,Biscuits & Snacks,Monday,2024-11,6544.659999999998
S06,Biscuits & Snacks,Saturday,2024-11,18287.61
S06,Biscuits & Snacks,Sunday,2024-11,13839.62
S06,Biscuits & Snacks,Thursday,2024-11,8014.9000000000015
S06,Biscuits & Snacks,Tuesday,2024-11,7718.199999999997
S06,Biscuits & Snacks,Wednesday,2024-11,10039.550000000001
S06,Confectionery,Friday,2024-11,25136.60000000001
S06,Confectionery,Monday,2024-11,17874.41
S06,Confectionery,Saturday,2024-11,39677.14
S06,Confectionery,Sunday,2024-11,24231.37
S06,Confectionery,Thursday,2024-11,25142.720000000016
S06,Confectionery,Tuesday,2024-11,19419.019999999997
S06,Confectionery,Wednesday,2024-11,25829.19999999999
S06,Dairy,Friday,2024-11,61922.74999999999
S06,Dairy,Monday,2024-11,33198.28999999999
S06,Dairy,Saturday,2024-11,88764.24
S06,Dairy,Sunday,2024-11,65536.07999999999
S06,Dairy,Thursday,2024-11,41917.889999999985
S06,Dairy,Tuesday,2024-11,48918.08
S06,Dairy,Wednesday,2024-11,49427.12
S06,Edible Oils,Friday,2024-11,176109.60999999993
S06,Edible Oils,Monday,2024-11,68917.39
S06,Edible Oils,Saturday,2024-11,186092.69999999998
S06,Edible Oils,Sunday,2024-11,154743.49999999994
S06,Edible Oils,Thursday,2024-11,95509.39000000001
S06,Edible Oils,Tuesday,2024-11,105063.84999999996
S06,Edible Oils,Wednesday,2024-11,101228.97000000002
S06,Frozen & Ready to Eat,Friday,2024-11,53946.170000000006
S06,Frozen & Ready to Eat,Monday,2024-11,31259.82
S06,Frozen & Ready to Eat,Saturday,2024-11,70573.8
S06,Frozen & Ready to Eat,Sunday,2024-11,46988.210000000014
S06,Frozen & Ready to Eat,Thursday,2024-11,29912.5
S06,Frozen & Ready to Eat,Tuesday,2024-11,36250.59999999999
S06,Frozen & Ready to Eat,Wednesday,2024-11,51848.43000000001
S06,Fruits & Vegetables,Friday,2024-11,26544.59
S06,Fruits & Vegetables,Monday,2024-11,14297.929999999998
S06,Fruits & Vegetables,Saturday,2024-11,37164.32
S06,Fruits & Vegetables,Sunday,2024-11,29489.409999999985
S06,Fruits & Vegetables,Thursday,2024-11,19063.95
S06,Fruits & Vegetables,Tuesday,2024-11,15245.999999999998
S06,Fruits & Vegetables,Wednesday,2024-11,26647.5
S06,Home Care,Friday,2024-11,49833.35999999998
S06,Home Care,Monday,2024-11,37322.30000000001
S06,Home Care,Saturday,2024-11,83546.71999999999
S06,Home Care,Sunday,2024-11,37838.939999999995
S06,Home Care,Thursday,2024-11,34522.17
S06,Home Care,Tuesday,2024-11,39433.399999999994
S06,Home Care,Wednesday,2024-11,36816.72
S06,Personal Care,Friday,2024-11,48394.44999999999
S06,Personal Care,Monday,2024-11,47871.64
S06,Personal Care,Saturday,2024-11,88571.82
S06,Personal Care,Sunday,2024-11,66851.55
S06,Personal Care,Thursday,2024-11,44029.39000000001
S06,Personal Care,Tuesday,2024-11,38565.78
S06,Personal Care,Wednesday,2024-11,43859.18
S06,Spices & Masala,Friday,2024-11,33766.62
S06,Spices & Masala,Monday,2024-11,9398.289999999997
S06,Spices & Masala,Saturday,2024-11,45168.69
S06,Spices & Masala,Sunday,2024-11,29862.890000000014
S06,Spices & Masala,Thursday,2024-11,18704.3
S06,Spices & Masala,Tuesday,2024-11,14047.720000000001
S06,Spices & Masala,Wednesday,2024-11,24620.62
S06,Staples & Grains,Friday,2024-11,179688.99000000014
S06,Staples & Grains,Monday,2024-11,85424.25000000003
S06,Staples & Grains,Saturday,2024-11,193284.64
S06,Staples & Grains,Sunday,2024-11,139693.06
S06,Staples & Grains,Thursday,2024-11,132079.85999999993
S06,Staples & Grains,Tuesday,2024-11,97483.48000000001
S06,Staples & Grains,Wednesday,2024-11,177131.12000000002
S06,Stationery & General,Friday,2024-11,35229.91999999999
S06,Stationery & General,Monday,2024-11,26034.220000000005
S06,Stationery & General,Saturday,2024-11,47789.32000000001
S06,Stationery & General,Sunday,2024-11,53812.78000000001
S06,Stationery & General,Thursday,2024-11,26628.63000000001
S06,Stationery & General,Tuesday,2024-11,20438.700000000004
S06,Stationery & General,Wednesday,2024-11,31903.609999999993
S06,UNKNOWN,Friday,2024-11,-7583.36
S06,UNKNOWN,Monday,2024-11,-4792.280000000001
S06,UNKNOWN,Saturday,2024-11,-15508.629999999996
S06,UNKNOWN,Sunday,2024-11,-6631.499999999998
S06,UNKNOWN,Thursday,2024-11,-7441.089999999999
S06,UNKNOWN,Tuesday,2024-11,-6036.48
S06,UNKNOWN,Wednesday,2024-11,-7191.620000000001
S06,Baby Care,Friday,2024-12,122492.66000000002
S06,Baby Care,Monday,2024-12,137960.44999999998
S06,Baby Care,Saturday,2024-12,197118.6400000001
S06,Baby Care,Sunday,2024-12,150572.52999999997
S06,Baby Care,Thursday,2024-12,107016.2
S06,Baby Care,Tuesday,2024-12,133970.09000000003
S06,Baby Care,Wednesday,2024-12,64500.330000000016
S06,Bakery,Friday,2024-12,16318.980000000003
S06,Bakery,Monday,2024-12,18009.549999999996
S06,Bakery,Saturday,2024-12,29197.15999999999
S06,Bakery,Sunday,2024-12,19028.17
S06,Bakery,Thursday,2024-12,16211.57
S06,Bakery,Tuesday,2024-12,18647.27
S06,Bakery,Wednesday,2024-12,12855.909999999998
S06,Beverages,Friday,2024-12,43720.9
S06,Beverages,Monday,2024-12,29737.37999999999
S06,Beverages,Saturday,2024-12,64353.35000000002
S06,Beverages,Sunday,2024-12,47383.81000000002
S06,Beverages,Thursday,2024-12,40652.63999999999
S06,Beverages,Tuesday,2024-12,30921.079999999987
S06,Beverages,Wednesday,2024-12,28554.81
S06,Biscuits & Snacks,Friday,2024-12,9426.310000000001
S06,Biscuits & Snacks,Monday,2024-12,9645.740000000002
S06,Biscuits & Snacks,Saturday,2024-12,13475.000000000002
S06,Biscuits & Snacks,Sunday,2024-12,15085.119999999997
S06,Biscuits & Snacks,Thursday,2024-12,7991.889999999999
S06,Biscuits & Snacks,Tuesday,2024-12,11148.75
S06,Biscuits & Snacks,Wednesday,2024-12,6269.560000000001
S06,Confectionery,Friday,2024-12,24217.949999999997
S06,Confectionery,Monday,2024-12,23451.720000000005
S06,Confectionery,Saturday,2024-12,37187.96999999999
S06,Confectionery,Sunday,2024-12,34838.03
S06,Confectionery,Thursday,2024-12,21475.329999999998
S06,Confectionery,Tuesday,2024-12,22783.179999999997
S06,Confectionery,Wednesday,2024-12,17283.73
S06,Dairy,Friday,2024-12,64773.24000000002
S06,Dairy,Monday,2024-12,52534.69999999998
S06,Dairy,Saturday,2024-12,81421.41999999997
S06,Dairy,Sunday,2024-12,66445.95999999999
S06,Dairy,Thursday,2024-12,40520.33
S06,Dairy,Tuesday,2024-12,60494.85
S06,Dairy,Wednesday,2024-12,39794.78
S06,Edible Oils,Friday,2024-12,121050.31999999998
S06,Edible Oils,Monday,2024-12,101560.97000000002
S06,Edible Oils,Saturday,2024-12,151333.02999999997
S06,Edible Oils,Sunday,2024-12,148007.62
S06,Edible Oils,Thursday,2024-12,74926.54000000001
S06,Edible Oils,Tuesday,2024-12,109543.16
S06,Edible Oils,Wednesday,2024-12,120341.65999999996
S06,Frozen & Ready to Eat,Friday,2024-12,40777.36999999999
S06,Frozen & Ready to Eat,Monday,2024-12,40606.929999999986
S06,Frozen & Ready to Eat,Saturday,2024-12,66086.43000000002
S06,Frozen & Ready to Eat,Sunday,2024-12,45841.640000000014
S06,Frozen & Ready to Eat,Thursday,2024-12,35015.11
S06,Frozen & Ready to Eat,Tuesday,2024-12,45293.92999999999
S06,Frozen & Ready to Eat,Wednesday,2024-12,31746.759999999995
S06,Fruits & Vegetables,Friday,2024-12,19346.94
S06,Fruits & Vegetables,Monday,2024-12,16927.94
S06,Fruits & Vegetables,Saturday,2024-12,29151.41
S06,Fruits & Vegetables,Sunday,2024-12,33887.199999999975
S06,Fruits & Vegetables,Thursday,2024-12,15193.499999999996
S06,Fruits & Vegetables,Tuesday,2024-12,17514.47
S06,Fruits & Vegetables,Wednesday,2024-12,14857.009999999998
S06,Home Care,Friday,2024-12,43598.929999999986
S06,Home Care,Monday,2024-12,23198.579999999998
S06,Home Care,Saturday,2024-12,54054.840000000004
S06,Home Care,Sunday,2024-12,59340.78999999998
S06,Home Care,Thursday,2024-12,26206.460000000003
S06,Home Care,Tuesday,2024-12,39484.36999999998
S06,Home Care,Wednesday,2024-12,25829.96
S06,Personal Care,Friday,2024-12,59376.07000000002
S06,Personal Care,Monday,2024-12,32925.74
S06,Personal Care,Saturday,2024-12,67808.08000000002
S06,Personal Care,Sunday,2024-12,66651.6
S06,Personal Care,Thursday,2024-12,39456.73999999998
S06,Personal Care,Tuesday,2024-12,63190.21000000001
S06,Personal Care,Wednesday,2024-12,38268.51
S06,Spices & Masala,Friday,2024-12,21541.170000000006
S06,Spices & Masala,Monday,2024-12,17481.200000000004
S06,Spices & Masala,Saturday,2024-12,31587.81999999999
S06,Spices & Masala,Sunday,2024-12,32891.20999999999
S06,Spices & Masala,Thursday,2024-12,16447.91
S06,Spices & Masala,Tuesday,2024-12,16729.390000000007
S06,Spices & Masala,Wednesday,2024-12,17728.249999999996
S06,Staples & Grains,Friday,2024-12,136077.37999999998
S06,Staples & Grains,Monday,2024-12,121927.78999999996
S06,Staples & Grains,Saturday,2024-12,200641.29000000015
S06,Staples & Grains,Sunday,2024-12,180232.11000000004
S06,Staples & Grains,Thursday,2024-12,126652.66000000002
S06,Staples & Grains,Tuesday,2024-12,135093.94
S06,Staples & Grains,Wednesday,2024-12,100201.92000000001
S06,Stationery & General,Friday,2024-12,42742.99
S06,Stationery & General,Monday,2024-12,41818.23000000001
S06,Stationery & General,Saturday,2024-12,49236.18999999999
S06,Stationery & General,Sunday,2024-12,44935.47
S06,Stationery & General,Thursday,2024-12,30854.520000000004
S06,Stationery & General,Tuesday,2024-12,32815.15000000001
S06,Stationery & General,Wednesday,2024-12,12979.67
S06,UNKNOWN,Friday,2024-12,-9185.849999999999
S06,UNKNOWN,Monday,2024-12,-8402.630000000001
S06,UNKNOWN,Saturday,2024-12,-16382.15
S06,UNKNOWN,Sunday,2024-12,-10136.29
S06,UNKNOWN,Thursday,2024-12,-6355.47
S06,UNKNOWN,Tuesday,2024-12,-8353.300000000001
S06,UNKNOWN,Wednesday,2024-12,-4135.98
S07,Baby Care,Friday,2024-01,59572.44
S07,Baby Care,Monday,2024-01,76657.91
S07,Baby Care,Saturday,2024-01,87703.92999999998
S07,Baby Care,Sunday,2024-01,115308.54
S07,Baby Care,Thursday,2024-01,62163.28
S07,Baby Care,Tuesday,2024-01,44861.42999999999
S07,Baby Care,Wednesday,2024-01,56688.560000000005
S07,Bakery,Friday,2024-01,9951.099999999999
S07,Bakery,Monday,2024-01,8636.39
S07,Bakery,Saturday,2024-01,8752.210000000001
S07,Bakery,Sunday,2024-01,16499.64
S07,Bakery,Thursday,2024-01,9177.599999999999
S07,Bakery,Tuesday,2024-01,7399.599999999996
S07,Bakery,Wednesday,2024-01,5588.759999999999
S07,Beverages,Friday,2024-01,15780.300000000008
S07,Beverages,Monday,2024-01,16360.14
S07,Beverages,Saturday,2024-01,23470.31
S07,Beverages,Sunday,2024-01,28222.02999999999
S07,Beverages,Thursday,2024-01,14002.779999999997
S07,Beverages,Tuesday,2024-01,14534.0
S07,Beverages,Wednesday,2024-01,13120.74
S07,Biscuits & Snacks,Friday,2024-01,4232.0
S07,Biscuits & Snacks,Monday,2024-01,4725.919999999999
S07,Biscuits & Snacks,Saturday,2024-01,6570.279999999998
S07,Biscuits & Snacks,Sunday,2024-01,6414.549999999999
S07,Biscuits & Snacks,Thursday,2024-01,4490.049999999999
S07,Biscuits & Snacks,Tuesday,2024-01,3719.5099999999993
S07,Biscuits & Snacks,Wednesday,2024-01,3511.8399999999997
S07,Confectionery,Friday,2024-01,14768.42
S07,Confectionery,Monday,2024-01,12844.05
S07,Confectionery,Saturday,2024-01,10672.73
S07,Confectionery,Sunday,2024-01,14352.960000000001
S07,Confectionery,Thursday,2024-01,8639.069999999998
S07,Confectionery,Tuesday,2024-01,9773.56
S07,Confectionery,Wednesday,2024-01,9326.48
S07,Dairy,Friday,2024-01,25230.609999999993
S07,Dairy,Monday,2024-01,33546.159999999996
S07,Dairy,Saturday,2024-01,30744.270000000008
S07,Dairy,Sunday,2024-01,33078.68
S07,Dairy,Thursday,2024-01,33279.619999999995
S07,Dairy,Tuesday,2024-01,30764.409999999996
S07,Dairy,Wednesday,2024-01,19971.67000000001
S07,Edible Oils,Friday,2024-01,72705.73000000001
S07,Edible Oils,Monday,2024-01,49248.490000000005
S07,Edible Oils,Saturday,2024-01,57379.38
S07,Edible Oils,Sunday,2024-01,71897.23000000001
S07,Edible Oils,Thursday,2024-01,38734.48
S07,Edible Oils,Tuesday,2024-01,59430.209999999985
S07,Edible Oils,Wednesday,2024-01,43665.310000000005
S07,Frozen & Ready to Eat,Friday,2024-01,22852.990000000005
S07,Frozen & Ready to Eat,Monday,2024-01,21453.930000000008
S07,Frozen & Ready to Eat,Saturday,2024-01,28236.280000000006
S07,Frozen & Ready to Eat,Sunday,2024-01,31002.23
S07,Frozen & Ready to Eat,Thursday,2024-01,20955.719999999994
S07,Frozen & Ready to Eat,Tuesday,2024-01,16472.440000000006
S07,Frozen & Ready to Eat,Wednesday,2024-01,18156.399999999998
S07,Fruits & Vegetables,Friday,2024-01,7890.87
S07,Fruits & Vegetables,Monday,2024-01,14562.59
S07,Fruits & Vegetables,Saturday,2024-01,14068.209999999995
S07,Fruits & Vegetables,Sunday,2024-01,11323.240000000002
S07,Fruits & Vegetables,Thursday,2024-01,5775.4800000000005
S07,Fruits & Vegetables,Tuesday,2024-01,9139.609999999999
S07,Fruits & Vegetables,Wednesday,2024-01,8881.130000000001
S07,Home Care,Friday,2024-01,17795.760000000002
S07,Home Care,Monday,2024-01,19562.08
S07,Home Care,Saturday,2024-01,24013.160000000003
S07,Home Care,Sunday,2024-01,34765.07
S07,Home Care,Thursday,2024-01,17109.45
S07,Home Care,Tuesday,2024-01,18674.250000000004
S07,Home Care,Wednesday,2024-01,11411.539999999999
S07,Personal Care,Friday,2024-01,21161.37
S07,Personal Care,Monday,2024-01,27069.699999999997
S07,Personal Care,Saturday,2024-01,23100.030000000013
S07,Personal Care,Sunday,2024-01,34351.719999999994
S07,Personal Care,Thursday,2024-01,30730.26
S07,Personal Care,Tuesday,2024-01,23500.820000000003
S07,Personal Care,Wednesday,2024-01,14831.26
S07,Spices & Masala,Friday,2024-01,18697.829999999998
S07,Spices & Masala,Monday,2024-01,17806.200000000004
S07,Spices & Masala,Saturday,2024-01,24428.42
S07,Spices & Masala,Sunday,2024-01,13533.16
S07,Spices & Masala,Thursday,2024-01,9134.27
S07,Spices & Masala,Tuesday,2024-01,11373.29
S07,Spices & Masala,Wednesday,2024-01,10718.42
S07,Staples & Grains,Friday,2024-01,49236.19000000002
S07,Staples & Grains,Monday,2024-01,60960.88999999999
S07,Staples & Grains,Saturday,2024-01,65118.18000000001
S07,Staples & Grains,Sunday,2024-01,95022.95999999998
S07,Staples & Grains,Thursday,2024-01,58323.06000000001
S07,Staples & Grains,Tuesday,2024-01,62938.92999999999
S07,Staples & Grains,Wednesday,2024-01,51285.150000000016
S07,Stationery & General,Friday,2024-01,19272.47
S07,Stationery & General,Monday,2024-01,21476.200000000004
S07,Stationery & General,Saturday,2024-01,26754.30999999999
S07,Stationery & General,Sunday,2024-01,22434.130000000005
S07,Stationery & General,Thursday,2024-01,12328.750000000004
S07,Stationery & General,Tuesday,2024-01,21051.1
S07,Stationery & General,Wednesday,2024-01,21829.37
S07,UNKNOWN,Friday,2024-01,-3339.98
S07,UNKNOWN,Monday,2024-01,-3038.87
S07,UNKNOWN,Saturday,2024-01,-3882.8199999999997
S07,UNKNOWN,Sunday,2024-01,-3446.9699999999993
S07,UNKNOWN,Thursday,2024-01,-6200.51
S07,UNKNOWN,Tuesday,2024-01,-6426.9400000000005
S07,UNKNOWN,Wednesday,2024-01,-3552.77
S07,Baby Care,Friday,2024-02,32669.250000000007
S07,Baby Care,Monday,2024-02,53062.990000000005
S07,Baby Care,Saturday,2024-02,85988.32999999997
S07,Baby Care,Sunday,2024-02,79265.29
S07,Baby Care,Thursday,2024-02,73451.61
S07,Baby Care,Tuesday,2024-02,60124.60000000001
S07,Baby Care,Wednesday,2024-02,49094.61
S07,Bakery,Friday,2024-02,10033.519999999999
S07,Bakery,Monday,2024-02,8453.390000000001
S07,Bakery,Saturday,2024-02,10372.810000000001
S07,Bakery,Sunday,2024-02,10855.53
S07,Bakery,Thursday,2024-02,7962.899999999999
S07,Bakery,Tuesday,2024-02,6539.479999999998
S07,Bakery,Wednesday,2024-02,6979.540000000001
S07,Beverages,Friday,2024-02,16089.380000000001
S07,Beverages,Monday,2024-02,9771.21
S07,Beverages,Saturday,2024-02,19224.08
S07,Beverages,Sunday,2024-02,14269.219999999996
S07,Beverages,Thursday,2024-02,13095.41
S07,Beverages,Tuesday,2024-02,12298.509999999998
S07,Beverages,Wednesday,2024-02,15118.47
S07,Biscuits & Snacks,Friday,2024-02,5200.119999999997
S07,Biscuits & Snacks,Monday,2024-02,3633.1500000000005
S07,Biscuits & Snacks,Saturday,2024-02,5614.8499999999985
S07,Biscuits & Snacks,Sunday,2024-02,3996.87
S07,Biscuits & Snacks,Thursday,2024-02,3685.039999999999
S07,Biscuits & Snacks,Tuesday,2024-02,2719.9
S07,Biscuits & Snacks,Wednesday,2024-02,2878.8499999999995
S07,Confectionery,Friday,2024-02,12977.499999999996
S07,Confectionery,Monday,2024-02,9295.210000000001
S07,Confectionery,Saturday,2024-02,15634.859999999999
S07,Confectionery,Sunday,2024-02,16411.579999999994
S07,Confectionery,Thursday,2024-02,13417.319999999998
S07,Confectionery,Tuesday,2024-02,7549.799999999999
S07,Confectionery,Wednesday,2024-02,10388.1
S07,Dairy,Friday,2024-02,27968.570000000003
S07,Dairy,Monday,2024-02,23040.390000000003
S07,Dairy,Saturday,2024-02,33038.65
S07,Dairy,Sunday,2024-02,21914.120000000003
S07,Dairy,Thursday,2024-02,30472.019999999993
S07,Dairy,Tuesday,2024-02,19247.730000000003
S07,Dairy,Wednesday,2024-02,12130.18
S07,Edible Oils,Friday,2024-02,71619.12999999999
S07,Edible Oils,Monday,2024-02,23553.22
S07,Edible Oils,Saturday,2024-02,75916.86999999998
S07,Edible Oils,Sunday,2024-02,56666.89000000001
S07,Edible Oils,Thursday,2024-02,42598.25
S07,Edible Oils,Tuesday,2024-02,43337.69999999999
S07,Edible Oils,Wednesday,2024-02,38470.16
S07,Frozen & Ready to Eat,Friday,2024-02,20349.69
S07,Frozen & Ready to Eat,Monday,2024-02,16148.590000000002
S07,Frozen & Ready to Eat,Saturday,2024-02,17483.199999999997
S07,Frozen & Ready to Eat,Sunday,2024-02,29429.96
S07,Frozen & Ready to Eat,Thursday,2024-02,23100.530000000002
S07,Frozen & Ready to Eat,Tuesday,2024-02,8167.6799999999985
S07,Frozen & Ready to Eat,Wednesday,2024-02,12919.400000000003
S07,Fruits & Vegetables,Friday,2024-02,7810.9000000000015
S07,Fruits & Vegetables,Monday,2024-02,9901.630000000001
S07,Fruits & Vegetables,Saturday,2024-02,13703.150000000001
S07,Fruits & Vegetables,Sunday,2024-02,12227.740000000003
S07,Fruits & Vegetables,Thursday,2024-02,10835.730000000003
S07,Fruits & Vegetables,Tuesday,2024-02,7491.139999999999
S07,Fruits & Vegetables,Wednesday,2024-02,8597.130000000001
S07,Home Care,Friday,2024-02,16044.530000000002
S07,Home Care,Monday,2024-02,11515.050000000005
S07,Home Care,Saturday,2024-02,15236.17
S07,Home Care,Sunday,2024-02,22973.76000000001
S07,Home Care,Thursday,2024-02,16279.839999999998
S07,Home Care,Tuesday,2024-02,11458.6
S07,Home Care,Wednesday,2024-02,15957.5
S07,Personal Care,Friday,2024-02,19984.030000000006
S07,Personal Care,Monday,2024-02,11266.850000000002
S07,Personal Care,Saturday,2024-02,37754.00000000001
S07,Personal Care,Sunday,2024-02,19941.620000000003
S07,Personal Care,Thursday,2024-02,21538.809999999998
S07,Personal Care,Tuesday,2024-02,15326.509999999998
S07,Personal Care,Wednesday,2024-02,20153.77
S07,Spices & Masala,Friday,2024-02,10668.039999999999
S07,Spices & Masala,Monday,2024-02,9975.45
S07,Spices & Masala,Saturday,2024-02,14077.739999999998
S07,Spices & Masala,Sunday,2024-02,14862.660000000003
S07,Spices & Masala,Thursday,2024-02,12786.179999999998
S07,Spices & Masala,Tuesday,2024-02,7800.89
S07,Spices & Masala,Wednesday,2024-02,4204.910000000001
S07,Staples & Grains,Friday,2024-02,54529.299999999996
S07,Staples & Grains,Monday,2024-02,38015.0
S07,Staples & Grains,Saturday,2024-02,64398.81999999999
S07,Staples & Grains,Sunday,2024-02,76028.38999999997
S07,Staples & Grains,Thursday,2024-02,77868.13
S07,Staples & Grains,Tuesday,2024-02,43113.19000000001
S07,Staples & Grains,Wednesday,2024-02,51376.850000000006
S07,Stationery & General,Friday,2024-02,15806.680000000002
S07,Stationery & General,Monday,2024-02,13026.329999999998
S07,Stationery & General,Saturday,2024-02,24810.11999999999
S07,Stationery & General,Sunday,2024-02,21227.279999999995
S07,Stationery & General,Thursday,2024-02,12951.919999999998
S07,Stationery & General,Tuesday,2024-02,9424.449999999999
S07,Stationery & General,Wednesday,2024-02,13668.240000000002
S07,UNKNOWN,Friday,2024-02,-3411.9
S07,UNKNOWN,Monday,2024-02,-1565.79
S07,UNKNOWN,Saturday,2024-02,-3544.1899999999996
S07,UNKNOWN,Sunday,2024-02,-3758.81
S07,UNKNOWN,Thursday,2024-02,-4675.8
S07,UNKNOWN,Tuesday,2024-02,-3376.07
S07,UNKNOWN,Wednesday,2024-02,-2910.6199999999994
S07,Baby Care,Friday,2024-03,100685.35999999997
S07,Baby Care,Monday,2024-03,63054.389999999985
S07,Baby Care,Saturday,2024-03,116237.19999999998
S07,Baby Care,Sunday,2024-03,66452.48999999999
S07,Baby Care,Thursday,2024-03,64567.18999999999
S07,Baby Care,Tuesday,2024-03,46798.12
S07,Baby Care,Wednesday,2024-03,34381.92999999999
S07,Bakery,Friday,2024-03,10849.93
S07,Bakery,Monday,2024-03,6778.169999999999
S07,Bakery,Saturday,2024-03,18021.199999999997
S07,Bakery,Sunday,2024-03,12477.83
S07,Bakery,Thursday,2024-03,7633.5199999999995
S07,Bakery,Tuesday,2024-03,4831.900000000001
S07,Bakery,Wednesday,2024-03,7342.459999999998
S07,Beverages,Friday,2024-03,24787.61
S07,Beverages,Monday,2024-03,4637.810000000001
S07,Beverages,Saturday,2024-03,24211.99000000001
S07,Beverages,Sunday,2024-03,35293.39000000001
S07,Beverages,Thursday,2024-03,7826.210000000001
S07,Beverages,Tuesday,2024-03,10488.96
S07,Beverages,Wednesday,2024-03,18620.21
S07,Biscuits & Snacks,Friday,2024-03,8228.47
S07,Biscuits & Snacks,Monday,2024-03,3333.8
S07,Biscuits & Snacks,Saturday,2024-03,6718.159999999998
S07,Biscuits & Snacks,Sunday,2024-03,7215.339999999998
S07,Biscuits & Snacks,Thursday,2024-03,6761.879999999998
S07,Biscuits & Snacks,Tuesday,2024-03,3113.72
S07,Biscuits & Snacks,Wednesday,2024-03,4637.519999999999
S07,Confectionery,Friday,2024-03,13083.499999999996
S07,Confectionery,Monday,2024-03,11840.720000000001
S07,Confectionery,Saturday,2024-03,26083.86
S07,Confectionery,Sunday,2024-03,16431.050000000003
S07,Confectionery,Thursday,2024-03,8843.38
S07,Confectionery,Tuesday,2024-03,10930.319999999996
S07,Confectionery,Wednesday,2024-03,10435.06
S07,Dairy,Friday,2024-03,42648.85999999999
S07,Dairy,Monday,2024-03,8862.039999999999
S07,Dairy,Saturday,2024-03,37509.96000000001
S07,Dairy,Sunday,2024-03,38948.17999999999
S07,Dairy,Thursday,2024-03,23068.479999999996
S07,Dairy,Tuesday,2024-03,23440.29
S07,Dairy,Wednesday,2024-03,22899.300000000003
S07,Edible Oils,Friday,2024-03,73618.68999999996
S07,Edible Oils,Monday,2024-03,32489.71
S07,Edible Oils,Saturday,2024-03,104251.92000000001
S07,Edible Oils,Sunday,2024-03,97987.98999999998
S07,Edible Oils,Thursday,2024-03,36110.899999999994
S07,Edible Oils,Tuesday,2024-03,38374.50999999999
S07,Edible Oils,Wednesday,2024-03,52600.06999999999
S07,Frozen & Ready to Eat,Friday,2024-03,28701.940000000013
S07,Frozen & Ready to Eat,Monday,2024-03,22384.620000000003
S07,Frozen & Ready to Eat,Saturday,2024-03,35379.28999999999
S07,Frozen & Ready to Eat,Sunday,2024-03,29692.080000000013
S07,Frozen & Ready to Eat,Thursday,2024-03,18243.48
S07,Frozen & Ready to Eat,Tuesday,2024-03,26224.730000000003
S07,Frozen & Ready to Eat,Wednesday,2024-03,17929.180000000004
S07,Fruits & Vegetables,Friday,2024-03,16510.629999999994
S07,Fruits & Vegetables,Monday,2024-03,7971.800000000001
S07,Fruits & Vegetables,Saturday,2024-03,16744.47
S07,Fruits & Vegetables,Sunday,2024-03,15063.259999999998
S07,Fruits & Vegetables,Thursday,2024-03,5513.15
S07,Fruits & Vegetables,Tuesday,2024-03,8530.619999999999
S07,Fruits & Vegetables,Wednesday,2024-03,9628.76
S07,Home Care,Friday,2024-03,23347.950000000008
S07,Home Care,Monday,2024-03,21739.2
S07,Home Care,Saturday,2024-03,28229.74
S07,Home Care,Sunday,2024-03,23047.84
S07,Home Care,Thursday,2024-03,19840.759999999995
S07,Home Care,Tuesday,2024-03,15060.789999999999
S07,Home Care,Wednesday,2024-03,11283.189999999999
S07,Personal Care,Friday,2024-03,33852.08999999999
S07,Personal Care,Monday,2024-03,20128.09
S07,Personal Care,Saturday,2024-03,41394.62
S07,Personal Care,Sunday,2024-03,40852.13000000001
S07,Personal Care,Thursday,2024-03,33492.27999999999
S07,Personal Care,Tuesday,2024-03,13660.500000000004
S07,Personal Care,Wednesday,2024-03,23972.089999999997
S07,Spices & Masala,Friday,2024-03,19636.489999999994
S07,Spices & Masala,Monday,2024-03,4084.68
S07,Spices & Masala,Saturday,2024-03,18794.379999999994
S07,Spices & Masala,Sunday,2024-03,14565.229999999998
S07,Spices & Masala,Thursday,2024-03,7557.539999999999
S07,Spices & Masala,Tuesday,2024-03,7753.6900000000005
S07,Spices & Masala,Wednesday,2024-03,13706.029999999999
S07,Staples & Grains,Friday,2024-03,103022.51
S07,Staples & Grains,Monday,2024-03,33580.83
S07,Staples & Grains,Saturday,2024-03,114820.44
S07,Staples & Grains,Sunday,2024-03,134079.04
S07,Staples & Grains,Thursday,2024-03,75873.1
S07,Staples & Grains,Tuesday,2024-03,41019.35
S07,Staples & Grains,Wednesday,2024-03,63209.73
S07,Stationery & General,Friday,2024-03,18008.15
S07,Stationery & General,Monday,2024-03,14089.389999999994
S07,Stationery & General,Saturday,2024-03,32495.16
S07,Stationery & General,Sunday,2024-03,31913.26
S07,Stationery & General,Thursday,2024-03,11876.639999999996
S07,Stationery & General,Tuesday,2024-03,16943.440000000002
S07,Stationery & General,Wednesday,2024-03,14482.0
S07,UNKNOWN,Friday,2024-03,-5201.639999999999
S07,UNKNOWN,Monday,2024-03,-3244.6599999999994
S07,UNKNOWN,Saturday,2024-03,-7137.279999999999
S07,UNKNOWN,Sunday,2024-03,-5729.969999999999
S07,UNKNOWN,Thursday,2024-03,-4760.93
S07,UNKNOWN,Tuesday,2024-03,-3008.18
S07,UNKNOWN,Wednesday,2024-03,-2224.6
S07,Baby Care,Friday,2024-04,52031.10999999999
S07,Baby Care,Monday,2024-04,51211.86
S07,Baby Care,Saturday,2024-04,66595.24
S07,Baby Care,Sunday,2024-04,82894.23
S07,Baby Care,Thursday,2024-04,47550.83
S07,Baby Care,Tuesday,2024-04,53093.100000000006
S07,Baby Care,Wednesday,2024-04,59381.68999999999
S07,Bakery,Friday,2024-04,5334.4
S07,Bakery,Monday,2024-04,7587.390000000001
S07,Bakery,Saturday,2024-04,11384.160000000003
S07,Bakery,Sunday,2024-04,11169.060000000001
S07,Bakery,Thursday,2024-04,9230.119999999999
S07,Bakery,Tuesday,2024-04,9642.840000000002
S07,Bakery,Wednesday,2024-04,5288.139999999999
S07,Beverages,Friday,2024-04,16448.74
S07,Beverages,Monday,2024-04,15140.01
S07,Beverages,Saturday,2024-04,26124.909999999996
S07,Beverages,Sunday,2024-04,34490.98
S07,Beverages,Thursday,2024-04,21069.29
S07,Beverages,Tuesday,2024-04,20287.029999999995
S07,Beverages,Wednesday,2024-04,13062.980000000001
S07,Biscuits & Snacks,Friday,2024-04,6133.139999999999
S07,Biscuits & Snacks,Monday,2024-04,5371.869999999999
S07,Biscuits & Snacks,Saturday,2024-04,4914.3
S07,Biscuits & Snacks,Sunday,2024-04,8428.81
S07,Biscuits & Snacks,Thursday,2024-04,4576.72
S07,Biscuits & Snacks,Tuesday,2024-04,3868.8800000000006
S07,Biscuits & Snacks,Wednesday,2024-04,2469.27
S07,Confectionery,Friday,2024-04,10773.12
S07,Confectionery,Monday,2024-04,9487.45
S07,Confectionery,Saturday,2024-04,15165.629999999997
S07,Confectionery,Sunday,2024-04,16320.889999999996
S07,Confectionery,Thursday,2024-04,8721.24
S07,Confectionery,Tuesday,2024-04,12497.05
S07,Confectionery,Wednesday,2024-04,9044.129999999997
S07,Dairy,Friday,2024-04,20346.350000000002
S07,Dairy,Monday,2024-04,19563.670000000002
S07,Dairy,Saturday,2024-04,37889.23
S07,Dairy,Sunday,2024-04,32965.92
S07,Dairy,Thursday,2024-04,25808.180000000004
S07,Dairy,Tuesday,2024-04,24253.47
S07,Dairy,Wednesday,2024-04,19761.3
S07,Edible Oils,Friday,2024-04,66272.62
S07,Edible Oils,Monday,2024-04,46298.74
S07,Edible Oils,Saturday,2024-04,54149.51
S07,Edible Oils,Sunday,2024-04,80908.21999999999
S07,Edible Oils,Thursday,2024-04,42856.990000000005
S07,Edible Oils,Tuesday,2024-04,48711.39
S07,Edible Oils,Wednesday,2024-04,53859.57000000001
S07,Frozen & Ready to Eat,Friday,2024-04,22758.449999999993
S07,Frozen & Ready to Eat,Monday,2024-04,17908.79
S07,Frozen & Ready to Eat,Saturday,2024-04,24669.020000000004
S07,Frozen & Ready to Eat,Sunday,2024-04,20375.679999999997
S07,Frozen & Ready to Eat,Thursday,2024-04,17227.940000000002
S07,Frozen & Ready to Eat,Tuesday,2024-04,32876.55
S07,Frozen & Ready to Eat,Wednesday,2024-04,10417.46
S07,Fruits & Vegetables,Friday,2024-04,13772.920000000002
S07,Fruits & Vegetables,Monday,2024-04,10600.94
S07,Fruits & Vegetables,Saturday,2024-04,14809.370000000003
S07,Fruits & Vegetables,Sunday,2024-04,14139.020000000002
S07,Fruits & Vegetables,Thursday,2024-04,10707.54
S07,Fruits & Vegetables,Tuesday,2024-04,8520.939999999999
S07,Fruits & Vegetables,Wednesday,2024-04,8044.629999999999
S07,Home Care,Friday,2024-04,17981.55
S07,Home Care,Monday,2024-04,17066.0
S07,Home Care,Saturday,2024-04,31922.939999999995
S07,Home Care,Sunday,2024-04,19903.949999999997
S07,Home Care,Thursday,2024-04,11368.36
S07,Home Care,Tuesday,2024-04,21656.860000000008
S07,Home Care,Wednesday,2024-04,10172.089999999998
S07,Personal Care,Friday,2024-04,16799.18
S07,Personal Care,Monday,2024-04,19256.309999999998
S07,Personal Care,Saturday,2024-04,40874.67
S07,Personal Care,Sunday,2024-04,32968.55
S07,Personal Care,Thursday,2024-04,29249.71
S07,Personal Care,Tuesday,2024-04,29794.31
S07,Personal Care,Wednesday,2024-04,22089.3
S07,Spices & Masala,Friday,2024-04,12394.49
S07,Spices & Masala,Monday,2024-04,8566.48
S07,Spices & Masala,Saturday,2024-04,20552.589999999997
S07,Spices & Masala,Sunday,2024-04,21007.35
S07,Spices & Masala,Thursday,2024-04,17895.24
S07,Spices & Masala,Tuesday,2024-04,9684.28
S07,Spices & Masala,Wednesday,2024-04,11393.699999999997
S07,Staples & Grains,Friday,2024-04,60135.31
S07,Staples & Grains,Monday,2024-04,62547.71000000001
S07,Staples & Grains,Saturday,2024-04,122858.19
S07,Staples & Grains,Sunday,2024-04,106418.18
S07,Staples & Grains,Thursday,2024-04,40734.270000000004
S07,Staples & Grains,Tuesday,2024-04,70104.2
S07,Staples & Grains,Wednesday,2024-04,69962.16
S07,Stationery & General,Friday,2024-04,15018.96
S07,Stationery & General,Monday,2024-04,19698.869999999995
S07,Stationery & General,Saturday,2024-04,23299.909999999993
S07,Stationery & General,Sunday,2024-04,23591.15
S07,Stationery & General,Thursday,2024-04,21145.039999999997
S07,Stationery & General,Tuesday,2024-04,11828.38
S07,Stationery & General,Wednesday,2024-04,15187.009999999998
S07,UNKNOWN,Friday,2024-04,-2739.8
S07,UNKNOWN,Monday,2024-04,-3711.16
S07,UNKNOWN,Saturday,2024-04,-4003.5
S07,UNKNOWN,Sunday,2024-04,-5175.37
S07,UNKNOWN,Thursday,2024-04,-3093.55
S07,UNKNOWN,Tuesday,2024-04,-2832.33
S07,UNKNOWN,Wednesday,2024-04,-2612.13
S07,Baby Care,Friday,2024-05,83018.98999999998
S07,Baby Care,Monday,2024-05,44400.88
S07,Baby Care,Saturday,2024-05,85086.38999999998
S07,Baby Care,Sunday,2024-05,68246.97999999998
S07,Baby Care,Thursday,2024-05,58645.020000000004
S07,Baby Care,Tuesday,2024-05,27891.560000000005
S07,Baby Care,Wednesday,2024-05,49379.420000000006
S07,Bakery,Friday,2024-05,12518.74
S07,Bakery,Monday,2024-05,5489.21
S07,Bakery,Saturday,2024-05,16519.290000000005
S07,Bakery,Sunday,2024-05,15083.420000000007
S07,Bakery,Thursday,2024-05,12995.390000000001
S07,Bakery,Tuesday,2024-05,7299.86
S07,Bakery,Wednesday,2024-05,10047.629999999997
S07,Beverages,Friday,2024-05,14922.13
S07,Beverages,Monday,2024-05,11556.57
S07,Beverages,Saturday,2024-05,25544.45
S07,Beverages,Sunday,2024-05,22077.1
S07,Beverages,Thursday,2024-05,12574.790000000003
S07,Beverages,Tuesday,2024-05,12266.249999999996
S07,Beverages,Wednesday,2024-05,19898.480000000003
S07,Biscuits & Snacks,Friday,2024-05,7081.939999999999
S07,Biscuits & Snacks,Monday,2024-05,2954.0400000000004
S07,Biscuits & Snacks,Saturday,2024-05,6069.179999999999
S07,Biscuits & Snacks,Sunday,2024-05,9378.459999999997
S07,Biscuits & Snacks,Thursday,2024-05,4769.900000000001
S07,Biscuits & Snacks,Tuesday,2024-05,3301.3399999999992
S07,Biscuits & Snacks,Wednesday,2024-05,4408.73
S07,Confectionery,Friday,2024-05,11563.439999999997
S07,Confectionery,Monday,2024-05,6481.51
S07,Confectionery,Saturday,2024-05,22448.440000000006
S07,Confectionery,Sunday,2024-05,24232.540000000008
S07,Confectionery,Thursday,2024-05,13210.16
S07,Confectionery,Tuesday,2024-05,14316.059999999998
S07,Confectionery,Wednesday,2024-05,10695.83
S07,Dairy,Friday,2024-05,47080.039999999986
S07,Dairy,Monday,2024-05,13129.939999999995
S07,Dairy,Saturday,2024-05,27925.280000000002
S07,Dairy,Sunday,2024-05,35349.59
S07,Dairy,Thursday,2024-05,30360.2
S07,Dairy,Tuesday,2024-05,19586.07
S07,Dairy,Wednesday,2024-05,36505.89
S07,Edible Oils,Friday,2024-05,86383.71999999994
S07,Edible Oils,Monday,2024-05,48076.92
S07,Edible Oils,Saturday,2024-05,97881.45999999999
S07,Edible Oils,Sunday,2024-05,73490.55999999998
S07,Edible Oils,Thursday,2024-05,42857.10999999999
S07,Edible Oils,Tuesday,2024-05,46872.21
S07,Edible Oils,Wednesday,2024-05,51574.15999999999
S07,Frozen & Ready to Eat,Friday,2024-05,28650.019999999997
S07,Frozen & Ready to Eat,Monday,2024-05,10909.839999999998
S07,Frozen & Ready to Eat,Saturday,2024-05,26776.590000000004
S07,Frozen & Ready to Eat,Sunday,2024-05,26538.940000000002
S07,Frozen & Ready to Eat,Thursday,2024-05,25844.520000000004
S07,Frozen & Ready to Eat,Tuesday,2024-05,15872.840000000002
S07,Frozen & Ready to Eat,Wednesday,2024-05,22383.880000000005
S07,Fruits & Vegetables,Friday,2024-05,13947.570000000007
S07,Fruits & Vegetables,Monday,2024-05,6690.490000000002
S07,Fruits & Vegetables,Saturday,2024-05,18766.489999999998
S07,Fruits & Vegetables,Sunday,2024-05,9853.269999999995
S07,Fruits & Vegetables,Thursday,2024-05,11814.5
S07,Fruits & Vegetables,Tuesday,2024-05,7571.379999999999
S07,Fruits & Vegetables,Wednesday,2024-05,12281.760000000002
S07,Home Care,Friday,2024-05,19977.579999999994
S07,Home Care,Monday,2024-05,7140.36
S07,Home Care,Saturday,2024-05,24751.53
S07,Home Care,Sunday,2024-05,23281.319999999992
S07,Home Care,Thursday,2024-05,19996.460000000003
S07,Home Care,Tuesday,2024-05,12155.01
S07,Home Care,Wednesday,2024-05,21947.879999999997
S07,Personal Care,Friday,2024-05,27783.910000000007
S07,Personal Care,Monday,2024-05,18741.449999999997
S07,Personal Care,Saturday,2024-05,43807.43
S07,Personal Care,Sunday,2024-05,36497.56999999999
S07,Personal Care,Thursday,2024-05,30036.77
S07,Personal Care,Tuesday,2024-05,20482.850000000002
S07,Personal Care,Wednesday,2024-05,29492.17
S07,Spices & Masala,Friday,2024-05,9973.03
S07,Spices & Masala,Monday,2024-05,9050.19
S07,Spices & Masala,Saturday,2024-05,14596.85
S07,Spices & Masala,Sunday,2024-05,12832.9
S07,Spices & Masala,Thursday,2024-05,13065.030000000006
S07,Spices & Masala,Tuesday,2024-05,6168.96
S07,Spices & Masala,Wednesday,2024-05,8450.47
S07,Staples & Grains,Friday,2024-05,89932.29999999999
S07,Staples & Grains,Monday,2024-05,36553.08
S07,Staples & Grains,Saturday,2024-05,72542.04999999999
S07,Staples & Grains,Sunday,2024-05,73815.85000000002
S07,Staples & Grains,Thursday,2024-05,67429.15
S07,Staples & Grains,Tuesday,2024-05,51855.450000000004
S07,Staples & Grains,Wednesday,2024-05,63414.320000000014
S07,Stationery & General,Friday,2024-05,19828.230000000007
S07,Stationery & General,Monday,2024-05,12764.849999999997
S07,Stationery & General,Saturday,2024-05,24367.390000000003
S07,Stationery & General,Sunday,2024-05,17070.76
S07,Stationery & General,Thursday,2024-05,18423.98
S07,Stationery & General,Tuesday,2024-05,12192.28
S07,Stationery & General,Wednesday,2024-05,9941.0
S07,UNKNOWN,Friday,2024-05,-3898.879999999998
S07,UNKNOWN,Monday,2024-05,-1325.5700000000002
S07,UNKNOWN,Saturday,2024-05,-5276.870000000001
S07,UNKNOWN,Sunday,2024-05,-2815.65
S07,UNKNOWN,Thursday,2024-05,-3339.58
S07,UNKNOWN,Tuesday,2024-05,-1307.97
S07,UNKNOWN,Wednesday,2024-05,-3663.15
S07,Baby Care,Friday,2024-06,60067.97
S07,Baby Care,Monday,2024-06,51010.259999999995
S07,Baby Care,Saturday,2024-06,76801.25
S07,Baby Care,Sunday,2024-06,92043.29000000001
S07,Baby Care,Thursday,2024-06,40275.14
S07,Baby Care,Tuesday,2024-06,57905.77
S07,Baby Care,Wednesday,2024-06,52863.27000000001
S07,Bakery,Friday,2024-06,9964.999999999998
S07,Bakery,Monday,2024-06,5826.199999999999
S07,Bakery,Saturday,2024-06,16604.97
S07,Bakery,Sunday,2024-06,13677.889999999998
S07,Bakery,Thursday,2024-06,6186.150000000001
S07,Bakery,Tuesday,2024-06,6385.619999999999
S07,Bakery,Wednesday,2024-06,7452.869999999999
S07,Beverages,Friday,2024-06,20943.28
S07,Beverages,Monday,2024-06,18236.460000000003
S07,Beverages,Saturday,2024-06,26769.42000000001
S07,Beverages,Sunday,2024-06,26920.710000000006
S07,Beverages,Thursday,2024-06,12800.839999999998
S07,Beverages,Tuesday,2024-06,12550.120000000003
S07,Beverages,Wednesday,2024-06,25661.22
S07,Biscuits & Snacks,Friday,2024-06,6949.019999999999
S07,Biscuits & Snacks,Monday,2024-06,3098.310000000001
S07,Biscuits & Snacks,Saturday,2024-06,9879.12
S07,Biscuits & Snacks,Sunday,2024-06,7353.050000000001
S07,Biscuits & Snacks,Thursday,2024-06,4083.4599999999996
S07,Biscuits & Snacks,Tuesday,2024-06,4073.85
S07,Biscuits & Snacks,Wednesday,2024-06,5753.53
S07,Confectionery,Friday,2024-06,16716.71
S07,Confectionery,Monday,2024-06,9436.500000000002
S07,Confectionery,Saturday,2024-06,23318.970000000012
S07,Confectionery,Sunday,2024-06,18168.31
S07,Confectionery,Thursday,2024-06,10519.58
S07,Confectionery,Tuesday,2024-06,7188.389999999999
S07,Confectionery,Wednesday,2024-06,8646.819999999998
S07,Dairy,Friday,2024-06,30971.239999999994
S07,Dairy,Monday,2024-06,19534.870000000003
S07,Dairy,Saturday,2024-06,51246.01999999999
S07,Dairy,Sunday,2024-06,44199.90999999999
S07,Dairy,Thursday,2024-06,29531.08
S07,Dairy,Tuesday,2024-06,24310.2
S07,Dairy,Wednesday,2024-06,24109.150000000005
S07,Edible Oils,Friday,2024-06,50760.99999999999
S07,Edible Oils,Monday,2024-06,43654.090000000004
S07,Edible Oils,Saturday,2024-06,101947.18000000001
S07,Edible Oils,Sunday,2024-06,72966.66999999998
S07,Edible Oils,Thursday,2024-06,70674.33
S07,Edible Oils,Tuesday,2024-06,43585.1
S07,Edible Oils,Wednesday,2024-06,57697.47999999999
S07,Frozen & Ready to Eat,Friday,2024-06,19800.249999999996
S07,Frozen & Ready to Eat,Monday,2024-06,15466.749999999998
S07,Frozen & Ready to Eat,Saturday,2024-06,28086.72999999999
S07,Frozen & Ready to Eat,Sunday,2024-06,24829.589999999997
S07,Frozen & Ready to Eat,Thursday,2024-06,17164.350000000002
S07,Frozen & Ready to Eat,Tuesday,2024-06,13260.130000000001
S07,Frozen & Ready to Eat,Wednesday,2024-06,14718.1
S07,Fruits & Vegetables,Friday,2024-06,9523.060000000001
S07,Fruits & Vegetables,Monday,2024-06,7358.430000000001
S07,Fruits & Vegetables,Saturday,2024-06,16499.710000000003
S07,Fruits & Vegetables,Sunday,2024-06,20742.290000000005
S07,Fruits & Vegetables,Thursday,2024-06,8641.8
S07,Fruits & Vegetables,Tuesday,2024-06,9718.86
S07,Fruits & Vegetables,Wednesday,2024-06,12487.67
S07,Home Care,Friday,2024-06,25430.129999999997
S07,Home Care,Monday,2024-06,18989.16
S07,Home Care,Saturday,2024-06,38574.48
S07,Home Care,Sunday,2024-06,29188.810000000005
S07,Home Care,Thursday,2024-06,8256.25
S07,Home Care,Tuesday,2024-06,15359.03
S07,Home Care,Wednesday,2024-06,22769.25
S07,Personal Care,Friday,2024-06,27388.170000000002
S07,Personal Care,Monday,2024-06,20855.670000000006
S07,Personal Care,Saturday,2024-06,54630.48000000001
S07,Personal Care,Sunday,2024-06,38395.95
S07,Personal Care,Thursday,2024-06,24652.71
S07,Personal Care,Tuesday,2024-06,19073.25
S07,Personal Care,Wednesday,2024-06,33657.259999999995
S07,Spices & Masala,Friday,2024-06,15853.599999999997
S07,Spices & Masala,Monday,2024-06,13600.66
S07,Spices & Masala,Saturday,2024-06,24001.890000000003
S07,Spices & Masala,Sunday,2024-06,14865.32
S07,Spices & Masala,Thursday,2024-06,6154.089999999998
S07,Spices & Masala,Tuesday,2024-06,12899.230000000001
S07,Spices & Masala,Wednesday,2024-06,14900.220000000001
S07,Staples & Grains,Friday,2024-06,57886.81000000001
S07,Staples & Grains,Monday,2024-06,50477.95000000001
S07,Staples & Grains,Saturday,2024-06,111625.79999999996
S07,Staples & Grains,Sunday,2024-06,118500.07
S07,Staples & Grains,Thursday,2024-06,43335.54000000001
S07,Staples & Grains,Tuesday,2024-06,57885.23000000001
S07,Staples & Grains,Wednesday,2024-06,55376.59
S07,Stationery & General,Friday,2024-06,15893.04
S07,Stationery & General,Monday,2024-06,13453.13
S07,Stationery & General,Saturday,2024-06,31040.980000000007
S07,Stationery & General,Sunday,2024-06,21650.65
S07,Stationery & General,Thursday,2024-06,17876.16
S07,Stationery & General,Tuesday,2024-06,10165.2
S07,Stationery & General,Wednesday,2024-06,23454.149999999998
S07,UNKNOWN,Friday,2024-06,-2748.8999999999996
S07,UNKNOWN,Monday,2024-06,-1953.6499999999999
S07,UNKNOWN,Saturday,2024-06,-3871.0
S07,UNKNOWN,Sunday,2024-06,-3603.8499999999995
S07,UNKNOWN,Thursday,2024-06,-4059.359999999999
S07,UNKNOWN,Tuesday,2024-06,-1667.1
S07,UNKNOWN,Wednesday,2024-06,-3625.61
S07,Baby Care,Friday,2024-07,87755.11000000002
S07,Baby Care,Monday,2024-07,70559.26999999999
S07,Baby Care,Saturday,2024-07,64664.70000000001
S07,Baby Care,Sunday,2024-07,106389.86999999997
S07,Baby Care,Thursday,2024-07,44623.95
S07,Baby Care,Tuesday,2024-07,36791.55
S07,Baby Care,Wednesday,2024-07,51804.61000000001
S07,Bakery,Friday,2024-07,10542.089999999998
S07,Bakery,Monday,2024-07,12831.639999999998
S07,Bakery,Saturday,2024-07,11957.850000000002
S07,Bakery,Sunday,2024-07,8667.720000000003
S07,Bakery,Thursday,2024-07,7169.800000000001
S07,Bakery,Tuesday,2024-07,5798.969999999999
S07,Bakery,Wednesday,2024-07,3982.370000000001
S07,Beverages,Friday,2024-07,23265.470000000005
S07,Beverages,Monday,2024-07,15535.419999999996
S07,Beverages,Saturday,2024-07,25754.190000000002
S07,Beverages,Sunday,2024-07,25710.270000000015
S07,Beverages,Thursday,2024-07,17064.410000000007
S07,Beverages,Tuesday,2024-07,15346.590000000002
S07,Beverages,Wednesday,2024-07,11024.970000000001
S07,Biscuits & Snacks,Friday,2024-07,5661.359999999999
S07,Biscuits & Snacks,Monday,2024-07,6418.5599999999995
S07,Biscuits & Snacks,Saturday,2024-07,6240.630000000002
S07,Biscuits & Snacks,Sunday,2024-07,6336.230000000001
S07,Biscuits & Snacks,Thursday,2024-07,3715.3999999999996
S07,Biscuits & Snacks,Tuesday,2024-07,4629.5199999999995
S07,Biscuits & Snacks,Wednesday,2024-07,3444.2699999999995
S07,Confectionery,Friday,2024-07,17436.439999999995
S07,Confectionery,Monday,2024-07,13138.239999999998
S07,Confectionery,Saturday,2024-07,14399.440000000004
S07,Confectionery,Sunday,2024-07,12767.14
S07,Confectionery,Thursday,2024-07,8637.59
S07,Confectionery,Tuesday,2024-07,11136.43
S07,Confectionery,Wednesday,2024-07,7573.83
S07,Dairy,Friday,2024-07,25745.940000000002
S07,Dairy,Monday,2024-07,27110.59
S07,Dairy,Saturday,2024-07,33353.52000000001
S07,Dairy,Sunday,2024-07,35320.29000000001
S07,Dairy,Thursday,2024-07,24534.77
S07,Dairy,Tuesday,2024-07,12454.830000000004
S07,Dairy,Wednesday,2024-07,20247.420000000002
S07,Edible Oils,Friday,2024-07,89881.29999999997
S07,Edible Oils,Monday,2024-07,45042.55999999999
S07,Edible Oils,Saturday,2024-07,76828.55000000002
S07,Edible Oils,Sunday,2024-07,107824.46999999996
S07,Edible Oils,Thursday,2024-07,43055.159999999996
S07,Edible Oils,Tuesday,2024-07,42706.31999999999
S07,Edible Oils,Wednesday,2024-07,58784.439999999995
S07,Frozen & Ready to Eat,Friday,2024-07,16004.29
S07,Frozen & Ready to Eat,Monday,2024-07,19714.960000000003
S07,Frozen & Ready to Eat,Saturday,2024-07,31886.44000000001
S07,Frozen & Ready to Eat,Sunday,2024-07,16182.11
S07,Frozen & Ready to Eat,Thursday,2024-07,15474.079999999994
S07,Frozen & Ready to Eat,Tuesday,2024-07,25855.78
S07,Frozen & Ready to Eat,Wednesday,2024-07,13635.470000000001
S07,Fruits & Vegetables,Friday,2024-07,11416.73
S07,Fruits & Vegetables,Monday,2024-07,13507.5
S07,Fruits & Vegetables,Saturday,2024-07,17038.47
S07,Fruits & Vegetables,Sunday,2024-07,11171.27
S07,Fruits & Vegetables,Thursday,2024-07,9481.470000000001
S07,Fruits & Vegetables,Tuesday,2024-07,9220.109999999999
S07,Fruits & Vegetables,Wednesday,2024-07,8509.11
S07,Home Care,Friday,2024-07,26534.8
S07,Home Care,Monday,2024-07,13726.449999999999
S07,Home Care,Saturday,2024-07,21218.34
S07,Home Care,Sunday,2024-07,23364.43
S07,Home Care,Thursday,2024-07,17518.95
S07,Home Care,Tuesday,2024-07,19130.55
S07,Home Care,Wednesday,2024-07,12232.619999999997
S07,Personal Care,Friday,2024-07,32424.850000000006
S07,Personal Care,Monday,2024-07,23934.400000000005
S07,Personal Care,Saturday,2024-07,54448.91000000001
S07,Personal Care,Sunday,2024-07,29649.89
S07,Personal Care,Thursday,2024-07,23052.980000000003
S07,Personal Care,Tuesday,2024-07,16872.7
S07,Personal Care,Wednesday,2024-07,17839.280000000002
S07,Spices & Masala,Friday,2024-07,15119.499999999996
S07,Spices & Masala,Monday,2024-07,10126.310000000003
S07,Spices & Masala,Saturday,2024-07,14363.629999999996
S07,Spices & Masala,Sunday,2024-07,16451.679999999997
S07,Spices & Masala,Thursday,2024-07,9171.630000000001
S07,Spices & Masala,Tuesday,2024-07,4706.83
S07,Spices & Masala,Wednesday,2024-07,9345.53
S07,Staples & Grains,Friday,2024-07,103531.21
S07,Staples & Grains,Monday,2024-07,79835.14
S07,Staples & Grains,Saturday,2024-07,95225.91999999998
S07,Staples & Grains,Sunday,2024-07,104452.65000000001
S07,Staples & Grains,Thursday,2024-07,65034.56999999999
S07,Staples & Grains,Tuesday,2024-07,25486.9
S07,Staples & Grains,Wednesday,2024-07,25391.69
S07,Stationery & General,Friday,2024-07,28671.650000000012
S07,Stationery & General,Monday,2024-07,19208.31
S07,Stationery & General,Saturday,2024-07,23677.780000000006
S07,Stationery & General,Sunday,2024-07,20144.260000000002
S07,Stationery & General,Thursday,2024-07,14132.799999999996
S07,Stationery & General,Tuesday,2024-07,11778.69
S07,Stationery & General,Wednesday,2024-07,12174.720000000001
S07,UNKNOWN,Friday,2024-07,-2916.05
S07,UNKNOWN,Monday,2024-07,-3650.29
S07,UNKNOWN,Saturday,2024-07,-4875.25
S07,UNKNOWN,Sunday,2024-07,-7057.75
S07,UNKNOWN,Thursday,2024-07,-4815.54
S07,UNKNOWN,Tuesday,2024-07,-2706.9300000000003
S07,UNKNOWN,Wednesday,2024-07,-3562.9000000000005
S07,Baby Care,Friday,2024-08,69464.73000000001
S07,Baby Care,Monday,2024-08,42830.530000000006
S07,Baby Care,Saturday,2024-08,132828.63
S07,Baby Care,Sunday,2024-08,95267.61000000003
S07,Baby Care,Thursday,2024-08,63132.37
S07,Baby Care,Tuesday,2024-08,74733.99000000003
S07,Baby Care,Wednesday,2024-08,54112.63999999999
S07,Bakery,Friday,2024-08,11763.86
S07,Bakery,Monday,2024-08,5792.07
S07,Bakery,Saturday,2024-08,22340.289999999997
S07,Bakery,Sunday,2024-08,16414.42
S07,Bakery,Thursday,2024-08,10078.619999999997
S07,Bakery,Tuesday,2024-08,7716.040000000001
S07,Bakery,Wednesday,2024-08,12073.269999999999
S07,Beverages,Friday,2024-08,22327.01
S07,Beverages,Monday,2024-08,15988.9
S07,Beverages,Saturday,2024-08,35007.950000000004
S07,Beverages,Sunday,2024-08,24502.77
S07,Beverages,Thursday,2024-08,18031.079999999998
S07,Beverages,Tuesday,2024-08,15206.120000000004
S07,Beverages,Wednesday,2024-08,17769.980000000003
S07,Biscuits & Snacks,Friday,2024-08,5161.88
S07,Biscuits & Snacks,Monday,2024-08,2961.8499999999995
S07,Biscuits & Snacks,Saturday,2024-08,12444.100000000004
S07,Biscuits & Snacks,Sunday,2024-08,7139.689999999998
S07,Biscuits & Snacks,Thursday,2024-08,4883.199999999999
S07,Biscuits & Snacks,Tuesday,2024-08,3409.45
S07,Biscuits & Snacks,Wednesday,2024-08,4362.659999999999
S07,Confectionery,Friday,2024-08,19626.83
S07,Confectionery,Monday,2024-08,11315.9
S07,Confectionery,Saturday,2024-08,22846.359999999997
S07,Confectionery,Sunday,2024-08,19443.680000000004
S07,Confectionery,Thursday,2024-08,9736.29
S07,Confectionery,Tuesday,2024-08,11731.71
S07,Confectionery,Wednesday,2024-08,9861.09
S07,Dairy,Friday,2024-08,39643.84
S07,Dairy,Monday,2024-08,36041.19
S07,Dairy,Saturday,2024-08,56020.03999999997
S07,Dairy,Sunday,2024-08,54496.229999999996
S07,Dairy,Thursday,2024-08,22612.890000000003
S07,Dairy,Tuesday,2024-08,21317.820000000003
S07,Dairy,Wednesday,2024-08,23949.600000000002
S07,Edible Oils,Friday,2024-08,85888.00000000003
S07,Edible Oils,Monday,2024-08,58542.600000000006
S07,Edible Oils,Saturday,2024-08,112486.33999999998
S07,Edible Oils,Sunday,2024-08,111864.57999999996
S07,Edible Oils,Thursday,2024-08,65750.88999999997
S07,Edible Oils,Tuesday,2024-08,44152.30999999999
S07,Edible Oils,Wednesday,2024-08,55366.450000000004
S07,Frozen & Ready to Eat,Friday,2024-08,28032.060000000005
S07,Frozen & Ready to Eat,Monday,2024-08,13653.410000000002
S07,Frozen & Ready to Eat,Saturday,2024-08,41715.41999999999
S07,Frozen & Ready to Eat,Sunday,2024-08,37980.21000000001
S07,Frozen & Ready to Eat,Thursday,2024-08,13375.51
S07,Frozen & Ready to Eat,Tuesday,2024-08,17786.959999999995
S07,Frozen & Ready to Eat,Wednesday,2024-08,16199.22
S07,Fruits & Vegetables,Friday,2024-08,14342.850000000006
S07,Fruits & Vegetables,Monday,2024-08,8610.579999999998
S07,Fruits & Vegetables,Saturday,2024-08,16844.14
S07,Fruits & Vegetables,Sunday,2024-08,18890.340000000007
S07,Fruits & Vegetables,Thursday,2024-08,12797.409999999996
S07,Fruits & Vegetables,Tuesday,2024-08,6655.089999999998
S07,Fruits & Vegetables,Wednesday,2024-08,11799.87
S07,Home Care,Friday,2024-08,27037.790000000005
S07,Home Care,Monday,2024-08,20083.539999999997
S07,Home Care,Saturday,2024-08,39812.32000000001
S07,Home Care,Sunday,2024-08,35571.72
S07,Home Care,Thursday,2024-08,14653.409999999996
S07,Home Care,Tuesday,2024-08,14319.990000000002
S07,Home Care,Wednesday,2024-08,28249.859999999997
S07,Personal Care,Friday,2024-08,45130.31999999998
S07,Personal Care,Monday,2024-08,25591.84
S07,Personal Care,Saturday,2024-08,64563.32999999997
S07,Personal Care,Sunday,2024-08,42370.64
S07,Personal Care,Thursday,2024-08,32124.599999999995
S07,Personal Care,Tuesday,2024-08,20900.34
S07,Personal Care,Wednesday,2024-08,30731.63
S07,Spices & Masala,Friday,2024-08,15222.869999999999
S07,Spices & Masala,Monday,2024-08,11486.909999999996
S07,Spices & Masala,Saturday,2024-08,30266.859999999997
S07,Spices & Masala,Sunday,2024-08,15366.500000000002
S07,Spices & Masala,Thursday,2024-08,13679.889999999996
S07,Spices & Masala,Tuesday,2024-08,7312.73
S07,Spices & Masala,Wednesday,2024-08,14561.900000000001
S07,Staples & Grains,Friday,2024-08,65563.48999999999
S07,Staples & Grains,Monday,2024-08,55643.490000000005
S07,Staples & Grains,Saturday,2024-08,128618.58999999997
S07,Staples & Grains,Sunday,2024-08,107215.62000000004
S07,Staples & Grains,Thursday,2024-08,70869.62
S07,Staples & Grains,Tuesday,2024-08,78557.31000000003
S07,Staples & Grains,Wednesday,2024-08,65057.12
S07,Stationery & General,Friday,2024-08,27834.170000000013
S07,Stationery & General,Monday,2024-08,14990.410000000003
S07,Stationery & General,Saturday,2024-08,31368.350000000006
S07,Stationery & General,Sunday,2024-08,27517.26000000001
S07,Stationery & General,Thursday,2024-08,23036.350000000002
S07,Stationery & General,Tuesday,2024-08,11790.49
S07,Stationery & General,Wednesday,2024-08,18258.72
S07,UNKNOWN,Friday,2024-08,-3463.8500000000004
S07,UNKNOWN,Monday,2024-08,-3311.17
S07,UNKNOWN,Saturday,2024-08,-6170.750000000001
S07,UNKNOWN,Sunday,2024-08,-4970.7
S07,UNKNOWN,Thursday,2024-08,-6127.979999999999
S07,UNKNOWN,Tuesday,2024-08,-4283.32
S07,UNKNOWN,Wednesday,2024-08,-4852.93
S07,Baby Care,Friday,2024-09,76020.38
S07,Baby Care,Monday,2024-09,79959.08999999998
S07,Baby Care,Saturday,2024-09,93648.80000000005
S07,Baby Care,Sunday,2024-09,95081.27000000002
S07,Baby Care,Thursday,2024-09,71385.02999999998
S07,Baby Care,Tuesday,2024-09,48732.44
S07,Baby Care,Wednesday,2024-09,37726.87
S07,Bakery,Friday,2024-09,9688.77
S07,Bakery,Monday,2024-09,11848.429999999998
S07,Bakery,Saturday,2024-09,17583.28
S07,Bakery,Sunday,2024-09,14893.060000000001
S07,Bakery,Thursday,2024-09,10103.86
S07,Bakery,Tuesday,2024-09,8482.58
S07,Bakery,Wednesday,2024-09,10358.779999999999
S07,Beverages,Friday,2024-09,18382.6
S07,Beverages,Monday,2024-09,20401.71
S07,Beverages,Saturday,2024-09,37914.60000000001
S07,Beverages,Sunday,2024-09,33653.08
S07,Beverages,Thursday,2024-09,12438.570000000003
S07,Beverages,Tuesday,2024-09,22607.06000000001
S07,Beverages,Wednesday,2024-09,14097.230000000005
S07,Biscuits & Snacks,Friday,2024-09,8744.140000000003
S07,Biscuits & Snacks,Monday,2024-09,6903.65
S07,Biscuits & Snacks,Saturday,2024-09,10515.029999999997
S07,Biscuits & Snacks,Sunday,2024-09,7500.670000000002
S07,Biscuits & Snacks,Thursday,2024-09,3990.0099999999998
S07,Biscuits & Snacks,Tuesday,2024-09,4056.5
S07,Biscuits & Snacks,Wednesday,2024-09,4234.249999999999
S07,Confectionery,Friday,2024-09,13282.529999999999
S07,Confectionery,Monday,2024-09,11364.07
S07,Confectionery,Saturday,2024-09,25040.789999999994
S07,Confectionery,Sunday,2024-09,24973.859999999997
S07,Confectionery,Thursday,2024-09,9752.779999999999
S07,Confectionery,Tuesday,2024-09,12931.249999999996
S07,Confectionery,Wednesday,2024-09,8179.99
S07,Dairy,Friday,2024-09,32202.38
S07,Dairy,Monday,2024-09,46758.04999999999
S07,Dairy,Saturday,2024-09,59915.37000000002
S07,Dairy,Sunday,2024-09,37974.82999999999
S07,Dairy,Thursday,2024-09,31328.950000000004
S07,Dairy,Tuesday,2024-09,37865.06
S07,Dairy,Wednesday,2024-09,23503.070000000003
S07,Edible Oils,Friday,2024-09,45498.57
S07,Edible Oils,Monday,2024-09,52587.979999999996
S07,Edible Oils,Saturday,2024-09,92427.14999999994
S07,Edible Oils,Sunday,2024-09,127862.71999999996
S07,Edible Oils,Thursday,2024-09,47319.06999999999
S07,Edible Oils,Tuesday,2024-09,43956.87000000001
S07,Edible Oils,Wednesday,2024-09,31219.5
S07,Frozen & Ready to Eat,Friday,2024-09,28789.549999999996
S07,Frozen & Ready to Eat,Monday,2024-09,23730.390000000003
S07,Frozen & Ready to Eat,Saturday,2024-09,26094.980000000003
S07,Frozen & Ready to Eat,Sunday,2024-09,35655.55
S07,Frozen & Ready to Eat,Thursday,2024-09,15951.869999999999
S07,Frozen & Ready to Eat,Tuesday,2024-09,21731.819999999996
S07,Frozen & Ready to Eat,Wednesday,2024-09,18438.190000000002
S07,Fruits & Vegetables,Friday,2024-09,12182.539999999999
S07,Fruits & Vegetables,Monday,2024-09,11629.060000000001
S07,Fruits & Vegetables,Saturday,2024-09,20811.82
S07,Fruits & Vegetables,Sunday,2024-09,19896.690000000006
S07,Fruits & Vegetables,Thursday,2024-09,10382.849999999997
S07,Fruits & Vegetables,Tuesday,2024-09,8286.33
S07,Fruits & Vegetables,Wednesday,2024-09,9968.890000000001
S07,Home Care,Friday,2024-09,20321.480000000003
S07,Home Care,Monday,2024-09,24849.64
S07,Home Care,Saturday,2024-09,29699.550000000007
S07,Home Care,Sunday,2024-09,34294.76
S07,Home Care,Thursday,2024-09,15229.42
S07,Home Care,Tuesday,2024-09,20800.71
S07,Home Care,Wednesday,2024-09,21659.479999999996
S07,Personal Care,Friday,2024-09,38257.05
S07,Personal Care,Monday,2024-09,22305.010000000002
S07,Personal Care,Saturday,2024-09,40268.04
S07,Personal Care,Sunday,2024-09,53774.770000000004
S07,Personal Care,Thursday,2024-09,20554.310000000005
S07,Personal Care,Tuesday,2024-09,24922.440000000006
S07,Personal Care,Wednesday,2024-09,24675.730000000003
S07,Spices & Masala,Friday,2024-09,18512.23
S07,Spices & Masala,Monday,2024-09,11419.619999999997
S07,Spices & Masala,Saturday,2024-09,28149.52
S07,Spices & Masala,Sunday,2024-09,20228.150000000005
S07,Spices & Masala,Thursday,2024-09,10889.809999999998
S07,Spices & Masala,Tuesday,2024-09,10159.179999999997
S07,Spices & Masala,Wednesday,2024-09,13238.009999999998
S07,Staples & Grains,Friday,2024-09,84082.52
S07,Staples & Grains,Monday,2024-09,76176.31000000003
S07,Staples & Grains,Saturday,2024-09,111127.29000000001
S07,Staples & Grains,Sunday,2024-09,91036.37
S07,Staples & Grains,Thursday,2024-09,72984.25000000001
S07,Staples & Grains,Tuesday,2024-09,58740.18
S07,Staples & Grains,Wednesday,2024-09,70113.02
S07,Stationery & General,Friday,2024-09,27754.410000000007
S07,Stationery & General,Monday,2024-09,25551.920000000006
S07,Stationery & General,Saturday,2024-09,36687.67
S07,Stationery & General,Sunday,2024-09,32541.67000000001
S07,Stationery & General,Thursday,2024-09,13830.909999999996
S07,Stationery & General,Tuesday,2024-09,17438.02
S07,Stationery & General,Wednesday,2024-09,18100.210000000003
S07,UNKNOWN,Friday,2024-09,-6037.16
S07,UNKNOWN,Monday,2024-09,-4562.67
S07,UNKNOWN,Saturday,2024-09,-5306.19
S07,UNKNOWN,Sunday,2024-09,-6250.25
S07,UNKNOWN,Thursday,2024-09,-2076.81
S07,UNKNOWN,Tuesday,2024-09,-3186.9700000000003
S07,UNKNOWN,Wednesday,2024-09,-4046.6300000000006
S07,Baby Care,Friday,2024-10,66402.08999999998
S07,Baby Care,Monday,2024-10,56972.37999999997
S07,Baby Care,Saturday,2024-10,139192.72999999995
S07,Baby Care,Sunday,2024-10,129070.77999999998
S07,Baby Care,Thursday,2024-10,119361.49000000003
S07,Baby Care,Tuesday,2024-10,118563.65999999997
S07,Baby Care,Wednesday,2024-10,56852.78999999998
S07,Bakery,Friday,2024-10,10769.62
S07,Bakery,Monday,2024-10,5096.8600000000015
S07,Bakery,Saturday,2024-10,22304.26
S07,Bakery,Sunday,2024-10,19047.850000000002
S07,Bakery,Thursday,2024-10,9712.95
S07,Bakery,Tuesday,2024-10,8179.059999999999
S07,Bakery,Wednesday,2024-10,10156.14
S07,Beverages,Friday,2024-10,26798.739999999998
S07,Beverages,Monday,2024-10,15525.62
S07,Beverages,Saturday,2024-10,39826.51
S07,Beverages,Sunday,2024-10,34856.68
S07,Beverages,Thursday,2024-10,26180.379999999997
S07,Beverages,Tuesday,2024-10,24176.89000000001
S07,Beverages,Wednesday,2024-10,26178.809999999994
S07,Biscuits & Snacks,Friday,2024-10,6734.76
S07,Biscuits & Snacks,Monday,2024-10,8524.2
S07,Biscuits & Snacks,Saturday,2024-10,8482.730000000001
S07,Biscuits & Snacks,Sunday,2024-10,13130.890000000007
S07,Biscuits & Snacks,Thursday,2024-10,8216.14
S07,Biscuits & Snacks,Tuesday,2024-10,7457.75
S07,Biscuits & Snacks,Wednesday,2024-10,8517.29
S07,Confectionery,Friday,2024-10,11445.420000000002
S07,Confectionery,Monday,2024-10,10335.67
S07,Confectionery,Saturday,2024-10,36646.42999999999
S07,Confectionery,Sunday,2024-10,27492.55999999999
S07,Confectionery,Thursday,2024-10,20407.699999999997
S07,Confectionery,Tuesday,2024-10,13092.66
S07,Confectionery,Wednesday,2024-10,16670.490000000005
S07,Dairy,Friday,2024-10,39348.659999999996
S07,Dairy,Monday,2024-10,26584.309999999998
S07,Dairy,Saturday,2024-10,65251.16000000002
S07,Dairy,Sunday,2024-10,45527.10999999998
S07,Dairy,Thursday,2024-10,57763.79999999999
S07,Dairy,Tuesday,2024-10,36310.76000000001
S07,Dairy,Wednesday,2024-10,60721.32999999999
S07,Edible Oils,Friday,2024-10,80964.95000000001
S07,Edible Oils,Monday,2024-10,64059.55999999999
S07,Edible Oils,Saturday,2024-10,142987.81999999998
S07,Edible Oils,Sunday,2024-10,134440.49999999994
S07,Edible Oils,Thursday,2024-10,92722.97999999997
S07,Edible Oils,Tuesday,2024-10,75836.73
S07,Edible Oils,Wednesday,2024-10,93906.48000000003
S07,Frozen & Ready to Eat,Friday,2024-10,17303.639999999996
S07,Frozen & Ready to Eat,Monday,2024-10,17826.099999999995
S07,Frozen & Ready to Eat,Saturday,2024-10,46411.440000000024
S07,Frozen & Ready to Eat,Sunday,2024-10,42904.75000000001
S07,Frozen & Ready to Eat,Thursday,2024-10,36850.27999999999
S07,Frozen & Ready to Eat,Tuesday,2024-10,29059.439999999995
S07,Frozen & Ready to Eat,Wednesday,2024-10,22092.469999999998
S07,Fruits & Vegetables,Friday,2024-10,17078.66
S07,Fruits & Vegetables,Monday,2024-10,13867.59
S07,Fruits & Vegetables,Saturday,2024-10,22921.729999999996
S07,Fruits & Vegetables,Sunday,2024-10,23326.51999999999
S07,Fruits & Vegetables,Thursday,2024-10,24831.869999999995
S07,Fruits & Vegetables,Tuesday,2024-10,14674.13
S07,Fruits & Vegetables,Wednesday,2024-10,11472.07
S07,Home Care,Friday,2024-10,28106.239999999998
S07,Home Care,Monday,2024-10,25440.940000000002
S07,Home Care,Saturday,2024-10,45170.04999999999
S07,Home Care,Sunday,2024-10,33248.61
S07,Home Care,Thursday,2024-10,33922.39999999999
S07,Home Care,Tuesday,2024-10,18990.129999999994
S07,Home Care,Wednesday,2024-10,28697.43
S07,Personal Care,Friday,2024-10,34302.7
S07,Personal Care,Monday,2024-10,23973.929999999993
S07,Personal Care,Saturday,2024-10,54780.56000000001
S07,Personal Care,Sunday,2024-10,41462.68
S07,Personal Care,Thursday,2024-10,38889.080000000016
S07,Personal Care,Tuesday,2024-10,31360.18
S07,Personal Care,Wednesday,2024-10,45450.85
S07,Spices & Masala,Friday,2024-10,15069.72
S07,Spices & Masala,Monday,2024-10,11273.87
S07,Spices & Masala,Saturday,2024-10,26050.74000000001
S07,Spices & Masala,Sunday,2024-10,23112.26
S07,Spices & Masala,Thursday,2024-10,20796.76
S07,Spices & Masala,Tuesday,2024-10,18600.53000000001
S07,Spices & Masala,Wednesday,2024-10,15301.38
S07,Staples & Grains,Friday,2024-10,86251.36
S07,Staples & Grains,Monday,2024-10,63693.719999999994
S07,Staples & Grains,Saturday,2024-10,151933.12000000005
S07,Staples & Grains,Sunday,2024-10,161435.97000000003
S07,Staples & Grains,Thursday,2024-10,102962.38999999998
S07,Staples & Grains,Tuesday,2024-10,112366.62999999998
S07,Staples & Grains,Wednesday,2024-10,94591.10999999999
S07,Stationery & General,Friday,2024-10,33076.60999999999
S07,Stationery & General,Monday,2024-10,14251.200000000003
S07,Stationery & General,Saturday,2024-10,37328.89
S07,Stationery & General,Sunday,2024-10,41211.32000000001
S07,Stationery & General,Thursday,2024-10,24370.020000000008
S07,Stationery & General,Tuesday,2024-10,23884.550000000003
S07,Stationery & General,Wednesday,2024-10,25984.190000000002
S07,UNKNOWN,Friday,2024-10,-2726.87
S07,UNKNOWN,Monday,2024-10,-3130.48
S07,UNKNOWN,Saturday,2024-10,-11947.999999999998
S07,UNKNOWN,Sunday,2024-10,-6548.839999999998
S07,UNKNOWN,Thursday,2024-10,-5488.990000000001
S07,UNKNOWN,Tuesday,2024-10,-3715.4900000000002
S07,UNKNOWN,Wednesday,2024-10,-3777.44
S07,Baby Care,Friday,2024-11,119463.91999999997
S07,Baby Care,Monday,2024-11,42052.030000000006
S07,Baby Care,Saturday,2024-11,127643.64999999997
S07,Baby Care,Sunday,2024-11,80578.73000000003
S07,Baby Care,Thursday,2024-11,89476.76000000004
S07,Baby Care,Tuesday,2024-11,33528.25000000001
S07,Baby Care,Wednesday,2024-11,29337.78
S07,Bakery,Friday,2024-11,16271.08
S07,Bakery,Monday,2024-11,7283.469999999999
S07,Bakery,Saturday,2024-11,19587.759999999995
S07,Bakery,Sunday,2024-11,18718.67
S07,Bakery,Thursday,2024-11,12899.349999999999
S07,Bakery,Tuesday,2024-11,6705.930000000001
S07,Bakery,Wednesday,2024-11,11249.370000000004
S07,Beverages,Friday,2024-11,27640.049999999996
S07,Beverages,Monday,2024-11,15414.24
S07,Beverages,Saturday,2024-11,33241.72
S07,Beverages,Sunday,2024-11,37063.71000000001
S07,Beverages,Thursday,2024-11,16428.49
S07,Beverages,Tuesday,2024-11,12497.370000000003
S07,Beverages,Wednesday,2024-11,26527.050000000003
S07,Biscuits & Snacks,Friday,2024-11,5260.37
S07,Biscuits & Snacks,Monday,2024-11,3148.45
S07,Biscuits & Snacks,Saturday,2024-11,9513.54
S07,Biscuits & Snacks,Sunday,2024-11,9580.640000000001
S07,Biscuits & Snacks,Thursday,2024-11,7698.14
S07,Biscuits & Snacks,Tuesday,2024-11,4307.070000000001
S07,Biscuits & Snacks,Wednesday,2024-11,5698.589999999997
S07,Confectionery,Friday,2024-11,14106.160000000002
S07,Confectionery,Monday,2024-11,7270.270000000001
S07,Confectionery,Saturday,2024-11,22163.8
S07,Confectionery,Sunday,2024-11,17508.239999999998
S07,Confectionery,Thursday,2024-11,17981.57
S07,Confectionery,Tuesday,2024-11,4694.150000000001
S07,Confectionery,Wednesday,2024-11,12021.530000000002
S07,Dairy,Friday,2024-11,28221.36000000001
S07,Dairy,Monday,2024-11,19400.010000000002
S07,Dairy,Saturday,2024-11,52560.0
S07,Dairy,Sunday,2024-11,44880.64000000001
S07,Dairy,Thursday,2024-11,33537.76
S07,Dairy,Tuesday,2024-11,18759.850000000002
S07,Dairy,Wednesday,2024-11,28740.119999999995
S07,Edible Oils,Friday,2024-11,76118.57999999999
S07,Edible Oils,Monday,2024-11,42458.10000000001
S07,Edible Oils,Saturday,2024-11,99325.23000000001
S07,Edible Oils,Sunday,2024-11,91165.0
S07,Edible Oils,Thursday,2024-11,64858.14
S07,Edible Oils,Tuesday,2024-11,52307.88
S07,Edible Oils,Wednesday,2024-11,70442.18000000001
S07,Frozen & Ready to Eat,Friday,2024-11,29933.53
S07,Frozen & Ready to Eat,Monday,2024-11,14571.989999999998
S07,Frozen & Ready to Eat,Saturday,2024-11,41738.270000000004
S07,Frozen & Ready to Eat,Sunday,2024-11,33405.66
S07,Frozen & Ready to Eat,Thursday,2024-11,29740.489999999998
S07,Frozen & Ready to Eat,Tuesday,2024-11,16329.049999999997
S07,Frozen & Ready to Eat,Wednesday,2024-11,17814.530000000002
S07,Fruits & Vegetables,Friday,2024-11,15046.770000000002
S07,Fruits & Vegetables,Monday,2024-11,7563.3099999999995
S07,Fruits & Vegetables,Saturday,2024-11,19577.979999999992
S07,Fruits & Vegetables,Sunday,2024-11,15256.75
S07,Fruits & Vegetables,Thursday,2024-11,7733.229999999999
S07,Fruits & Vegetables,Tuesday,2024-11,8353.74
S07,Fruits & Vegetables,Wednesday,2024-11,10086.859999999999
S07,Home Care,Friday,2024-11,24967.05
S07,Home Care,Monday,2024-11,21406.42
S07,Home Care,Saturday,2024-11,30919.739999999998
S07,Home Care,Sunday,2024-11,32229.08
S07,Home Care,Thursday,2024-11,16678.57
S07,Home Care,Tuesday,2024-11,19813.79
S07,Home Care,Wednesday,2024-11,19680.900000000005
S07,Personal Care,Friday,2024-11,45237.81
S07,Personal Care,Monday,2024-11,22088.23
S07,Personal Care,Saturday,2024-11,60126.18999999999
S07,Personal Care,Sunday,2024-11,36077.22
S07,Personal Care,Thursday,2024-11,39928.69000000002
S07,Personal Care,Tuesday,2024-11,17235.350000000002
S07,Personal Care,Wednesday,2024-11,25099.469999999998
S07,Spices & Masala,Friday,2024-11,18621.150000000005
S07,Spices & Masala,Monday,2024-11,9923.509999999998
S07,Spices & Masala,Saturday,2024-11,26476.100000000002
S07,Spices & Masala,Sunday,2024-11,22163.899999999998
S07,Spices & Masala,Thursday,2024-11,10994.14
S07,Spices & Masala,Tuesday,2024-11,12292.780000000002
S07,Spices & Masala,Wednesday,2024-11,7075.92
S07,Staples & Grains,Friday,2024-11,112863.84000000001
S07,Staples & Grains,Monday,2024-11,50002.61999999999
S07,Staples & Grains,Saturday,2024-11,105130.27
S07,Staples & Grains,Sunday,2024-11,103439.95999999998
S07,Staples & Grains,Thursday,2024-11,64435.189999999995
S07,Staples & Grains,Tuesday,2024-11,51400.87
S07,Staples & Grains,Wednesday,2024-11,66301.48999999999
S07,Stationery & General,Friday,2024-11,34728.12999999999
S07,Stationery & General,Monday,2024-11,15363.499999999998
S07,Stationery & General,Saturday,2024-11,35875.36000000001
S07,Stationery & General,Sunday,2024-11,28214.040000000015
S07,Stationery & General,Thursday,2024-11,24154.159999999993
S07,Stationery & General,Tuesday,2024-11,10102.420000000002
S07,Stationery & General,Wednesday,2024-11,15971.820000000005
S07,UNKNOWN,Friday,2024-11,-4487.88
S07,UNKNOWN,Monday,2024-11,-3210.2599999999998
S07,UNKNOWN,Saturday,2024-11,-6592.020000000001
S07,UNKNOWN,Sunday,2024-11,-5225.719999999999
S07,UNKNOWN,Thursday,2024-11,-2610.7299999999996
S07,UNKNOWN,Tuesday,2024-11,-3251.5700000000006
S07,UNKNOWN,Wednesday,2024-11,-3188.0699999999997
S07,Baby Care,Friday,2024-12,89373.64
S07,Baby Care,Monday,2024-12,76802.20000000001
S07,Baby Care,Saturday,2024-12,101405.81000000001
S07,Baby Care,Sunday,2024-12,118510.20999999998
S07,Baby Care,Thursday,2024-12,47832.23000000002
S07,Baby Care,Tuesday,2024-12,84002.26000000002
S07,Baby Care,Wednesday,2024-12,85946.66000000002
S07,Bakery,Friday,2024-12,11400.589999999998
S07,Bakery,Monday,2024-12,10490.539999999999
S07,Bakery,Saturday,2024-12,17665.120000000003
S07,Bakery,Sunday,2024-12,14178.020000000004
S07,Bakery,Thursday,2024-12,6982.140000000001
S07,Bakery,Tuesday,2024-12,7716.739999999998
S07,Bakery,Wednesday,2024-12,9320.589999999998
S07,Beverages,Friday,2024-12,20494.06
S07,Beverages,Monday,2024-12,25134.090000000004
S07,Beverages,Saturday,2024-12,34708.21
S07,Beverages,Sunday,2024-12,40414.8
S07,Beverages,Thursday,2024-12,18594.770000000004
S07,Beverages,Tuesday,2024-12,23301.579999999994
S07,Beverages,Wednesday,2024-12,18883.969999999998
S07,Biscuits & Snacks,Friday,2024-12,7868.32
S07,Biscuits & Snacks,Monday,2024-12,5023.33
S07,Biscuits & Snacks,Saturday,2024-12,9230.289999999999
S07,Biscuits & Snacks,Sunday,2024-12,9042.120000000004
S07,Biscuits & Snacks,Thursday,2024-12,5474.79
S07,Biscuits & Snacks,Tuesday,2024-12,6618.4299999999985
S07,Biscuits & Snacks,Wednesday,2024-12,5426.99
S07,Confectionery,Friday,2024-12,15437.140000000003
S07,Confectionery,Monday,2024-12,23199.679999999997
S07,Confectionery,Saturday,2024-12,27099.69
S07,Confectionery,Sunday,2024-12,21027.98
S07,Confectionery,Thursday,2024-12,12388.85
S07,Confectionery,Tuesday,2024-12,12842.63
S07,Confectionery,Wednesday,2024-12,8831.6
S07,Dairy,Friday,2024-12,42416.42000000001
S07,Dairy,Monday,2024-12,28454.639999999996
S07,Dairy,Saturday,2024-12,52630.07000000001
S07,Dairy,Sunday,2024-12,59892.869999999995
S07,Dairy,Thursday,2024-12,23220.590000000004
S07,Dairy,Tuesday,2024-12,36545.69999999999
S07,Dairy,Wednesday,2024-12,23897.819999999996
S07,Edible Oils,Friday,2024-12,67312.33000000002
S07,Edible Oils,Monday,2024-12,57708.24
S07,Edible Oils,Saturday,2024-12,84211.06
S07,Edible Oils,Sunday,2024-12,116200.44999999997
S07,Edible Oils,Thursday,2024-12,70009.05
S07,Edible Oils,Tuesday,2024-12,75815.56
S07,Edible Oils,Wednesday,2024-12,75731.99
S07,Frozen & Ready to Eat,Friday,2024-12,32948.29000000001
S07,Frozen & Ready to Eat,Monday,2024-12,28195.59
S07,Frozen & Ready to Eat,Saturday,2024-12,32352.080000000005
S07,Frozen & Ready to Eat,Sunday,2024-12,33403.63999999999
S07,Frozen & Ready to Eat,Thursday,2024-12,25874.009999999995
S07,Frozen & Ready to Eat,Tuesday,2024-12,23475.77
S07,Frozen & Ready to Eat,Wednesday,2024-12,18857.719999999998
S07,Fruits & Vegetables,Friday,2024-12,18249.11
S07,Fruits & Vegetables,Monday,2024-12,15121.349999999997
S07,Fruits & Vegetables,Saturday,2024-12,20841.850000000002
S07,Fruits & Vegetables,Sunday,2024-12,23379.229999999996
S07,Fruits & Vegetables,Thursday,2024-12,7754.710000000001
S07,Fruits & Vegetables,Tuesday,2024-12,14741.5
S07,Fruits & Vegetables,Wednesday,2024-12,12705.720000000001
S07,Home Care,Friday,2024-12,27387.819999999996
S07,Home Care,Monday,2024-12,17823.73
S07,Home Care,Saturday,2024-12,23064.2
S07,Home Care,Sunday,2024-12,26101.96
S07,Home Care,Thursday,2024-12,19352.91
S07,Home Care,Tuesday,2024-12,23067.369999999995
S07,Home Care,Wednesday,2024-12,21792.76
S07,Personal Care,Friday,2024-12,28450.299999999996
S07,Personal Care,Monday,2024-12,34123.11
S07,Personal Care,Saturday,2024-12,47003.45
S07,Personal Care,Sunday,2024-12,41806.54
S07,Personal Care,Thursday,2024-12,22913.69
S07,Personal Care,Tuesday,2024-12,19380.12999999999
S07,Personal Care,Wednesday,2024-12,33124.21000000001
S07,Spices & Masala,Friday,2024-12,19902.670000000006
S07,Spices & Masala,Monday,2024-12,17956.569999999992
S07,Spices & Masala,Saturday,2024-12,20076.899999999994
S07,Spices & Masala,Sunday,2024-12,31096.309999999994
S07,Spices & Masala,Thursday,2024-12,11885.330000000002
S07,Spices & Masala,Tuesday,2024-12,13120.050000000001
S07,Spices & Masala,Wednesday,2024-12,11285.630000000003
S07,Staples & Grains,Friday,2024-12,96902.23999999998
S07,Staples & Grains,Monday,2024-12,69526.95999999999
S07,Staples & Grains,Saturday,2024-12,126667.58
S07,Staples & Grains,Sunday,2024-12,129475.39
S07,Staples & Grains,Thursday,2024-12,63514.06
S07,Staples & Grains,Tuesday,2024-12,79439.78999999998
S07,Staples & Grains,Wednesday,2024-12,80995.23000000003
S07,Stationery & General,Friday,2024-12,25975.39
S07,Stationery & General,Monday,2024-12,21108.13
S07,Stationery & General,Saturday,2024-12,36586.78000000001
S07,Stationery & General,Sunday,2024-12,34673.16000000001
S07,Stationery & General,Thursday,2024-12,18759.119999999995
S07,Stationery & General,Tuesday,2024-12,18391.949999999993
S07,Stationery & General,Wednesday,2024-12,18782.560000000005
S07,UNKNOWN,Friday,2024-12,-6177.129999999999
S07,UNKNOWN,Monday,2024-12,-4912.620000000001
S07,UNKNOWN,Saturday,2024-12,-6308.3099999999995
S07,UNKNOWN,Sunday,2024-12,-9037.84
S07,UNKNOWN,Thursday,2024-12,-1235.28
S07,UNKNOWN,Tuesday,2024-12,-6270.090000000001
S07,UNKNOWN,Wednesday,2024-12,-6302.749999999999
S08,Baby Care,Friday,2024-01,66012.05000000002
S08,Baby Care,Monday,2024-01,59023.03
S08,Baby Care,Saturday,2024-01,88207.56000000003
S08,Baby Care,Sunday,2024-01,72420.35999999999
S08,Baby Care,Thursday,2024-01,45477.05
S08,Baby Care,Tuesday,2024-01,57694.35999999999
S08,Baby Care,Wednesday,2024-01,58968.83
S08,Bakery,Friday,2024-01,7633.810000000002
S08,Bakery,Monday,2024-01,9830.230000000001
S08,Bakery,Saturday,2024-01,12820.430000000002
S08,Bakery,Sunday,2024-01,12229.199999999999
S08,Bakery,Thursday,2024-01,5224.34
S08,Bakery,Tuesday,2024-01,7010.059999999999
S08,Bakery,Wednesday,2024-01,9532.51
S08,Beverages,Friday,2024-01,18500.71
S08,Beverages,Monday,2024-01,25318.81999999999
S08,Beverages,Saturday,2024-01,22375.929999999997
S08,Beverages,Sunday,2024-01,18396.340000000004
S08,Beverages,Thursday,2024-01,14735.319999999998
S08,Beverages,Tuesday,2024-01,18631.179999999997
S08,Beverages,Wednesday,2024-01,18321.490000000005
S08,Biscuits & Snacks,Friday,2024-01,5334.65
S08,Biscuits & Snacks,Monday,2024-01,3524.33
S08,Biscuits & Snacks,Saturday,2024-01,5964.99
S08,Biscuits & Snacks,Sunday,2024-01,5453.679999999997
S08,Biscuits & Snacks,Thursday,2024-01,4760.849999999999
S08,Biscuits & Snacks,Tuesday,2024-01,5067.209999999999
S08,Biscuits & Snacks,Wednesday,2024-01,4191.38
S08,Confectionery,Friday,2024-01,9538.300000000001
S08,Confectionery,Monday,2024-01,11516.669999999998
S08,Confectionery,Saturday,2024-01,12124.58
S08,Confectionery,Sunday,2024-01,14530.95
S08,Confectionery,Thursday,2024-01,11568.080000000004
S08,Confectionery,Tuesday,2024-01,9773.779999999999
S08,Confectionery,Wednesday,2024-01,16190.540000000003
S08,Dairy,Friday,2024-01,30340.569999999996
S08,Dairy,Monday,2024-01,16197.140000000001
S08,Dairy,Saturday,2024-01,28607.08
S08,Dairy,Sunday,2024-01,34514.26
S08,Dairy,Thursday,2024-01,31764.470000000005
S08,Dairy,Tuesday,2024-01,21128.329999999998
S08,Dairy,Wednesday,2024-01,25167.71
S08,Edible Oils,Friday,2024-01,66965.42999999998
S08,Edible Oils,Monday,2024-01,79946.59000000003
S08,Edible Oils,Saturday,2024-01,57927.720000000016
S08,Edible Oils,Sunday,2024-01,90894.85
S08,Edible Oils,Thursday,2024-01,38251.23
S08,Edible Oils,Tuesday,2024-01,39785.409999999996
S08,Edible Oils,Wednesday,2024-01,62949.32999999999
S08,Frozen & Ready to Eat,Friday,2024-01,22640.309999999998
S08,Frozen & Ready to Eat,Monday,2024-01,16073.380000000003
S08,Frozen & Ready to Eat,Saturday,2024-01,27723.610000000004
S08,Frozen & Ready to Eat,Sunday,2024-01,20265.55
S08,Frozen & Ready to Eat,Thursday,2024-01,16423.780000000006
S08,Frozen & Ready to Eat,Tuesday,2024-01,14981.6
S08,Frozen & Ready to Eat,Wednesday,2024-01,16562.0
S08,Fruits & Vegetables,Friday,2024-01,10720.73
S08,Fruits & Vegetables,Monday,2024-01,10006.390000000001
S08,Fruits & Vegetables,Saturday,2024-01,14591.080000000004
S08,Fruits & Vegetables,Sunday,2024-01,10552.4
S08,Fruits & Vegetables,Thursday,2024-01,7714.650000000001
S08,Fruits & Vegetables,Tuesday,2024-01,8626.17
S08,Fruits & Vegetables,Wednesday,2024-01,8756.269999999999
S08,Home Care,Friday,2024-01,16961.609999999997
S08,Home Care,Monday,2024-01,27106.97000000001
S08,Home Care,Saturday,2024-01,16046.51
S08,Home Care,Sunday,2024-01,29686.540000000005
S08,Home Care,Thursday,2024-01,17757.28
S08,Home Care,Tuesday,2024-01,16917.0
S08,Home Care,Wednesday,2024-01,21806.050000000003
S08,Personal Care,Friday,2024-01,29396.460000000003
S08,Personal Care,Monday,2024-01,30576.99
S08,Personal Care,Saturday,2024-01,41009.569999999985
S08,Personal Care,Sunday,2024-01,35760.670000000006
S08,Personal Care,Thursday,2024-01,21870.73
S08,Personal Care,Tuesday,2024-01,24121.790000000008
S08,Personal Care,Wednesday,2024-01,21284.609999999997
S08,Spices & Masala,Friday,2024-01,11845.390000000003
S08,Spices & Masala,Monday,2024-01,10244.32
S08,Spices & Masala,Saturday,2024-01,14982.219999999998
S08,Spices & Masala,Sunday,2024-01,16919.740000000005
S08,Spices & Masala,Thursday,2024-01,12843.680000000002
S08,Spices & Masala,Tuesday,2024-01,12424.609999999999
S08,Spices & Masala,Wednesday,2024-01,9054.759999999998
S08,Staples & Grains,Friday,2024-01,65999.06
S08,Staples & Grains,Monday,2024-01,84820.59000000003
S08,Staples & Grains,Saturday,2024-01,74845.05
S08,Staples & Grains,Sunday,2024-01,80718.12999999998
S08,Staples & Grains,Thursday,2024-01,76404.34
S08,Staples & Grains,Tuesday,2024-01,64266.15000000001
S08,Staples & Grains,Wednesday,2024-01,70381.54
S08,Stationery & General,Friday,2024-01,16633.18
S08,Stationery & General,Monday,2024-01,13405.61
S08,Stationery & General,Saturday,2024-01,14790.219999999996
S08,Stationery & General,Sunday,2024-01,19009.699999999993
S08,Stationery & General,Thursday,2024-01,14017.519999999997
S08,Stationery & General,Tuesday,2024-01,18629.8
S08,Stationery & General,Wednesday,2024-01,10701.289999999997
S08,UNKNOWN,Friday,2024-01,-3565.62
S08,UNKNOWN,Monday,2024-01,-2262.89
S08,UNKNOWN,Saturday,2024-01,-4321.079999999999
S08,UNKNOWN,Sunday,2024-01,-4961.12
S08,UNKNOWN,Thursday,2024-01,-2059.67
S08,UNKNOWN,Tuesday,2024-01,-2237.98
S08,UNKNOWN,Wednesday,2024-01,-3842.0000000000005
S08,Baby Care,Friday,2024-02,55775.32000000001
S08,Baby Care,Monday,2024-02,38253.5
S08,Baby Care,Saturday,2024-02,86316.59999999999
S08,Baby Care,Sunday,2024-02,71589.47
S08,Baby Care,Thursday,2024-02,89329.08
S08,Baby Care,Tuesday,2024-02,37731.81999999999
S08,Baby Care,Wednesday,2024-02,48535.909999999996
S08,Bakery,Friday,2024-02,7187.829999999999
S08,Bakery,Monday,2024-02,3515.4900000000002
S08,Bakery,Saturday,2024-02,10140.470000000003
S08,Bakery,Sunday,2024-02,10727.760000000004
S08,Bakery,Thursday,2024-02,11716.229999999998
S08,Bakery,Tuesday,2024-02,3655.0200000000004
S08,Bakery,Wednesday,2024-02,9178.49
S08,Beverages,Friday,2024-02,15221.240000000002
S08,Beverages,Monday,2024-02,16526.690000000002
S08,Beverages,Saturday,2024-02,23424.59
S08,Beverages,Sunday,2024-02,22526.41
S08,Beverages,Thursday,2024-02,30543.92
S08,Beverages,Tuesday,2024-02,13034.619999999999
S08,Beverages,Wednesday,2024-02,8485.73
S08,Biscuits & Snacks,Friday,2024-02,5433.449999999998
S08,Biscuits & Snacks,Monday,2024-02,4422.899999999999
S08,Biscuits & Snacks,Saturday,2024-02,6798.169999999998
S08,Biscuits & Snacks,Sunday,2024-02,4223.390000000001
S08,Biscuits & Snacks,Thursday,2024-02,4560.73
S08,Biscuits & Snacks,Tuesday,2024-02,2923.3500000000004
S08,Biscuits & Snacks,Wednesday,2024-02,3539.1700000000005
S08,Confectionery,Friday,2024-02,12121.759999999997
S08,Confectionery,Monday,2024-02,6436.64
S08,Confectionery,Saturday,2024-02,15497.58
S08,Confectionery,Sunday,2024-02,11930.279999999997
S08,Confectionery,Thursday,2024-02,15570.709999999995
S08,Confectionery,Tuesday,2024-02,6421.769999999999
S08,Confectionery,Wednesday,2024-02,10517.820000000002
S08,Dairy,Friday,2024-02,29080.519999999997
S08,Dairy,Monday,2024-02,21829.809999999998
S08,Dairy,Saturday,2024-02,31645.350000000002
S08,Dairy,Sunday,2024-02,33268.62
S08,Dairy,Thursday,2024-02,27217.95
S08,Dairy,Tuesday,2024-02,19218.65
S08,Dairy,Wednesday,2024-02,22131.04
S08,Edible Oils,Friday,2024-02,52666.29
S08,Edible Oils,Monday,2024-02,36842.780000000006
S08,Edible Oils,Saturday,2024-02,61326.06000000001
S08,Edible Oils,Sunday,2024-02,56843.65999999998
S08,Edible Oils,Thursday,2024-02,76516.22
S08,Edible Oils,Tuesday,2024-02,29870.72
S08,Edible Oils,Wednesday,2024-02,47232.509999999995
S08,Frozen & Ready to Eat,Friday,2024-02,16896.530000000002
S08,Frozen & Ready to Eat,Monday,2024-02,13785.04
S08,Frozen & Ready to Eat,Saturday,2024-02,25783.250000000004
S08,Frozen & Ready to Eat,Sunday,2024-02,20479.04
S08,Frozen & Ready to Eat,Thursday,2024-02,24459.430000000008
S08,Frozen & Ready to Eat,Tuesday,2024-02,13419.749999999998
S08,Frozen & Ready to Eat,Wednesday,2024-02,11989.599999999999
S08,Fruits & Vegetables,Friday,2024-02,4839.56
S08,Fruits & Vegetables,Monday,2024-02,6683.700000000001
S08,Fruits & Vegetables,Saturday,2024-02,16030.070000000002
S08,Fruits & Vegetables,Sunday,2024-02,16569.15
S08,Fruits & Vegetables,Thursday,2024-02,12605.87
S08,Fruits & Vegetables,Tuesday,2024-02,8060.110000000001
S08,Fruits & Vegetables,Wednesday,2024-02,11315.119999999997
S08,Home Care,Friday,2024-02,27220.039999999997
S08,Home Care,Monday,2024-02,20383.170000000002
S08,Home Care,Saturday,2024-02,25043.54
S08,Home Care,Sunday,2024-02,12912.48
S08,Home Care,Thursday,2024-02,23237.750000000004
S08,Home Care,Tuesday,2024-02,14696.1
S08,Home Care,Wednesday,2024-02,12107.13
S08,Personal Care,Friday,2024-02,28593.410000000003
S08,Personal Care,Monday,2024-02,21519.86
S08,Personal Care,Saturday,2024-02,33833.270000000004
S08,Personal Care,Sunday,2024-02,31530.430000000004
S08,Personal Care,Thursday,2024-02,37790.05
S08,Personal Care,Tuesday,2024-02,17653.890000000003
S08,Personal Care,Wednesday,2024-02,6455.8099999999995
S08,Spices & Masala,Friday,2024-02,13854.820000000005
S08,Spices & Masala,Monday,2024-02,10970.129999999997
S08,Spices & Masala,Saturday,2024-02,19395.940000000006
S08,Spices & Masala,Sunday,2024-02,12520.619999999999
S08,Spices & Masala,Thursday,2024-02,8683.44
S08,Spices & Masala,Tuesday,2024-02,5517.51
S08,Spices & Masala,Wednesday,2024-02,7430.400000000001
S08,Staples & Grains,Friday,2024-02,60137.89000000001
S08,Staples & Grains,Monday,2024-02,60089.77
S08,Staples & Grains,Saturday,2024-02,69797.92999999998
S08,Staples & Grains,Sunday,2024-02,79179.93000000002
S08,Staples & Grains,Thursday,2024-02,90837.93
S08,Staples & Grains,Tuesday,2024-02,48571.78999999999
S08,Staples & Grains,Wednesday,2024-02,46905.78
S08,Stationery & General,Friday,2024-02,17931.06
S08,Stationery & General,Monday,2024-02,12401.629999999997
S08,Stationery & General,Saturday,2024-02,17429.229999999996
S08,Stationery & General,Sunday,2024-02,16448.790000000005
S08,Stationery & General,Thursday,2024-02,26520.490000000005
S08,Stationery & General,Tuesday,2024-02,10350.08
S08,Stationery & General,Wednesday,2024-02,7359.449999999999
S08,UNKNOWN,Friday,2024-02,-5099.19
S08,UNKNOWN,Monday,2024-02,-2364.64
S08,UNKNOWN,Saturday,2024-02,-3093.5199999999995
S08,UNKNOWN,Sunday,2024-02,-3472.76
S08,UNKNOWN,Thursday,2024-02,-4033.75
S08,UNKNOWN,Tuesday,2024-02,-1152.22
S08,UNKNOWN,Wednesday,2024-02,-2819.79
S08,Baby Care,Friday,2024-03,73522.7
S08,Baby Care,Monday,2024-03,51417.16
S08,Baby Care,Saturday,2024-03,69273.01
S08,Baby Care,Sunday,2024-03,98305.66999999997
S08,Baby Care,Thursday,2024-03,16885.77
S08,Baby Care,Tuesday,2024-03,32043.099999999995
S08,Baby Care,Wednesday,2024-03,39678.39000000001
S08,Bakery,Friday,2024-03,10379.280000000002
S08,Bakery,Monday,2024-03,6617.959999999999
S08,Bakery,Saturday,2024-03,14188.62
S08,Bakery,Sunday,2024-03,14613.360000000002
S08,Bakery,Thursday,2024-03,8211.17
S08,Bakery,Tuesday,2024-03,5334.0700000000015
S08,Bakery,Wednesday,2024-03,5307.080000000001
S08,Beverages,Friday,2024-03,24457.579999999994
S08,Beverages,Monday,2024-03,26069.909999999993
S08,Beverages,Saturday,2024-03,26476.49
S08,Beverages,Sunday,2024-03,25073.28
S08,Beverages,Thursday,2024-03,16568.760000000006
S08,Beverages,Tuesday,2024-03,17246.05
S08,Beverages,Wednesday,2024-03,18035.069999999996
S08,Biscuits & Snacks,Friday,2024-03,6043.33
S08,Biscuits & Snacks,Monday,2024-03,6377.6399999999985
S08,Biscuits & Snacks,Saturday,2024-03,8372.249999999998
S08,Biscuits & Snacks,Sunday,2024-03,11302.109999999999
S08,Biscuits & Snacks,Thursday,2024-03,3382.63
S08,Biscuits & Snacks,Tuesday,2024-03,5124.379999999998
S08,Biscuits & Snacks,Wednesday,2024-03,2964.6100000000006
S08,Confectionery,Friday,2024-03,20305.960000000003
S08,Confectionery,Monday,2024-03,11397.159999999998
S08,Confectionery,Saturday,2024-03,19244.320000000007
S08,Confectionery,Sunday,2024-03,15348.880000000001
S08,Confectionery,Thursday,2024-03,14242.399999999998
S08,Confectionery,Tuesday,2024-03,7799.299999999998
S08,Confectionery,Wednesday,2024-03,8484.839999999998
S08,Dairy,Friday,2024-03,33397.07000000001
S08,Dairy,Monday,2024-03,27263.329999999998
S08,Dairy,Saturday,2024-03,37484.60999999999
S08,Dairy,Sunday,2024-03,44750.87
S08,Dairy,Thursday,2024-03,21740.809999999998
S08,Dairy,Tuesday,2024-03,14075.330000000002
S08,Dairy,Wednesday,2024-03,28549.77
S08,Edible Oils,Friday,2024-03,86824.56000000001
S08,Edible Oils,Monday,2024-03,38415.310000000005
S08,Edible Oils,Saturday,2024-03,106064.60000000002
S08,Edible Oils,Sunday,2024-03,92952.76999999999
S08,Edible Oils,Thursday,2024-03,53383.459999999985
S08,Edible Oils,Tuesday,2024-03,37722.090000000004
S08,Edible Oils,Wednesday,2024-03,50792.69999999999
S08,Frozen & Ready to Eat,Friday,2024-03,26783.529999999995
S08,Frozen & Ready to Eat,Monday,2024-03,19313.870000000006
S08,Frozen & Ready to Eat,Saturday,2024-03,24705.97
S08,Frozen & Ready to Eat,Sunday,2024-03,42710.100000000006
S08,Frozen & Ready to Eat,Thursday,2024-03,16729.950000000004
S08,Frozen & Ready to Eat,Tuesday,2024-03,7720.799999999999
S08,Frozen & Ready to Eat,Wednesday,2024-03,15657.920000000004
S08,Fruits & Vegetables,Friday,2024-03,14862.500000000007
S08,Fruits & Vegetables,Monday,2024-03,12245.49
S08,Fruits & Vegetables,Saturday,2024-03,15942.359999999997
S08,Fruits & Vegetables,Sunday,2024-03,20410.60000000001
S08,Fruits & Vegetables,Thursday,2024-03,10371.46
S08,Fruits & Vegetables,Tuesday,2024-03,6783.94
S08,Fruits & Vegetables,Wednesday,2024-03,8596.019999999997
S08,Home Care,Friday,2024-03,21946.79
S08,Home Care,Monday,2024-03,19779.560000000005
S08,Home Care,Saturday,2024-03,32445.039999999997
S08,Home Care,Sunday,2024-03,24876.420000000006
S08,Home Care,Thursday,2024-03,13603.990000000002
S08,Home Care,Tuesday,2024-03,15839.289999999995
S08,Home Care,Wednesday,2024-03,12639.73
S08,Personal Care,Friday,2024-03,34248.71
S08,Personal Care,Monday,2024-03,29196.180000000004
S08,Personal Care,Saturday,2024-03,48872.429999999986
S08,Personal Care,Sunday,2024-03,43225.549999999974
S08,Personal Care,Thursday,2024-03,31045.160000000007
S08,Personal Care,Tuesday,2024-03,14327.71
S08,Personal Care,Wednesday,2024-03,31955.420000000002
S08,Spices & Masala,Friday,2024-03,15463.959999999997
S08,Spices & Masala,Monday,2024-03,11177.420000000002
S08,Spices & Masala,Saturday,2024-03,23325.27
S08,Spices & Masala,Sunday,2024-03,22534.85
S08,Spices & Masala,Thursday,2024-03,9284.42
S08,Spices & Masala,Tuesday,2024-03,5824.59
S08,Spices & Masala,Wednesday,2024-03,15957.66
S08,Staples & Grains,Friday,2024-03,92453.94
S08,Staples & Grains,Monday,2024-03,77463.55999999998
S08,Staples & Grains,Saturday,2024-03,111587.47999999997
S08,Staples & Grains,Sunday,2024-03,109273.07999999996
S08,Staples & Grains,Thursday,2024-03,43253.219999999994
S08,Staples & Grains,Tuesday,2024-03,48150.77
S08,Staples & Grains,Wednesday,2024-03,40934.09
S08,Stationery & General,Friday,2024-03,21565.300000000003
S08,Stationery & General,Monday,2024-03,13846.84
S08,Stationery & General,Saturday,2024-03,15935.880000000001
S08,Stationery & General,Sunday,2024-03,30326.219999999998
S08,Stationery & General,Thursday,2024-03,12837.850000000002
S08,Stationery & General,Tuesday,2024-03,10602.730000000001
S08,Stationery & General,Wednesday,2024-03,14649.810000000001
S08,UNKNOWN,Friday,2024-03,-5811.430000000001
S08,UNKNOWN,Monday,2024-03,-4210.45
S08,UNKNOWN,Saturday,2024-03,-4503.78
S08,UNKNOWN,Sunday,2024-03,-4140.860000000001
S08,UNKNOWN,Thursday,2024-03,-1057.19
S08,UNKNOWN,Tuesday,2024-03,-2302.76
S08,UNKNOWN,Wednesday,2024-03,-3322.64
S08,Baby Care,Friday,2024-04,54903.08000000001
S08,Baby Care,Monday,2024-04,51382.869999999995
S08,Baby Care,Saturday,2024-04,65474.87000000001
S08,Baby Care,Sunday,2024-04,73928.54999999997
S08,Baby Care,Thursday,2024-04,34764.91
S08,Baby Care,Tuesday,2024-04,86720.79
S08,Baby Care,Wednesday,2024-04,58358.86000000001
S08,Bakery,Friday,2024-04,9992.86
S08,Bakery,Monday,2024-04,6240.189999999998
S08,Bakery,Saturday,2024-04,15489.349999999999
S08,Bakery,Sunday,2024-04,11204.77
S08,Bakery,Thursday,2024-04,4703.0
S08,Bakery,Tuesday,2024-04,8102.31
S08,Bakery,Wednesday,2024-04,5307.250000000001
S08,Beverages,Friday,2024-04,20051.36
S08,Beverages,Monday,2024-04,13383.34
S08,Beverages,Saturday,2024-04,30754.220000000023
S08,Beverages,Sunday,2024-04,24606.900000000005
S08,Beverages,Thursday,2024-04,17186.38
S08,Beverages,Tuesday,2024-04,17585.36
S08,Beverages,Wednesday,2024-04,17859.14
S08,Biscuits & Snacks,Friday,2024-04,6660.120000000001
S08,Biscuits & Snacks,Monday,2024-04,5895.41
S08,Biscuits & Snacks,Saturday,2024-04,6971.059999999999
S08,Biscuits & Snacks,Sunday,2024-04,4465.369999999999
S08,Biscuits & Snacks,Thursday,2024-04,3962.31
S08,Biscuits & Snacks,Tuesday,2024-04,4563.66
S08,Biscuits & Snacks,Wednesday,2024-04,3779.9300000000003
S08,Confectionery,Friday,2024-04,13544.949999999995
S08,Confectionery,Monday,2024-04,13461.84
S08,Confectionery,Saturday,2024-04,18175.609999999997
S08,Confectionery,Sunday,2024-04,15460.140000000001
S08,Confectionery,Thursday,2024-04,5708.29
S08,Confectionery,Tuesday,2024-04,9503.25
S08,Confectionery,Wednesday,2024-04,12021.73
S08,Dairy,Friday,2024-04,24675.58
S08,Dairy,Monday,2024-04,23545.639999999992
S08,Dairy,Saturday,2024-04,46565.98999999998
S08,Dairy,Sunday,2024-04,37863.04000000001
S08,Dairy,Thursday,2024-04,20375.629999999997
S08,Dairy,Tuesday,2024-04,20115.87
S08,Dairy,Wednesday,2024-04,13403.659999999998
S08,Edible Oils,Friday,2024-04,40603.74
S08,Edible Oils,Monday,2024-04,53472.27000000001
S08,Edible Oils,Saturday,2024-04,87918.22
S08,Edible Oils,Sunday,2024-04,79753.80999999998
S08,Edible Oils,Thursday,2024-04,30475.049999999996
S08,Edible Oils,Tuesday,2024-04,58843.979999999996
S08,Edible Oils,Wednesday,2024-04,63736.450000000004
S08,Frozen & Ready to Eat,Friday,2024-04,20904.670000000006
S08,Frozen & Ready to Eat,Monday,2024-04,18814.899999999998
S08,Frozen & Ready to Eat,Saturday,2024-04,31813.990000000005
S08,Frozen & Ready to Eat,Sunday,2024-04,29920.399999999994
S08,Frozen & Ready to Eat,Thursday,2024-04,19986.379999999997
S08,Frozen & Ready to Eat,Tuesday,2024-04,13461.18
S08,Frozen & Ready to Eat,Wednesday,2024-04,15046.470000000001
S08,Fruits & Vegetables,Friday,2024-04,10220.440000000004
S08,Fruits & Vegetables,Monday,2024-04,6411.629999999999
S08,Fruits & Vegetables,Saturday,2024-04,16821.460000000003
S08,Fruits & Vegetables,Sunday,2024-04,10573.289999999999
S08,Fruits & Vegetables,Thursday,2024-04,6249.719999999999
S08,Fruits & Vegetables,Tuesday,2024-04,12365.179999999998
S08,Fruits & Vegetables,Wednesday,2024-04,6911.26
S08,Home Care,Friday,2024-04,12061.2
S08,Home Care,Monday,2024-04,16776.54
S08,Home Care,Saturday,2024-04,29059.74000000001
S08,Home Care,Sunday,2024-04,26849.37
S08,Home Care,Thursday,2024-04,11474.349999999995
S08,Home Care,Tuesday,2024-04,12701.890000000001
S08,Home Care,Wednesday,2024-04,11459.410000000002
S08,Personal Care,Friday,2024-04,20680.16
S08,Personal Care,Monday,2024-04,26675.899999999994
S08,Personal Care,Saturday,2024-04,39116.61
S08,Personal Care,Sunday,2024-04,35847.19
S08,Personal Care,Thursday,2024-04,19664.840000000004
S08,Personal Care,Tuesday,2024-04,22052.649999999998
S08,Personal Care,Wednesday,2024-04,13909.500000000002
S08,Spices & Masala,Friday,2024-04,10602.63
S08,Spices & Masala,Monday,2024-04,16891.73
S08,Spices & Masala,Saturday,2024-04,20634.659999999996
S08,Spices & Masala,Sunday,2024-04,16446.519999999997
S08,Spices & Masala,Thursday,2024-04,11960.909999999996
S08,Spices & Masala,Tuesday,2024-04,10340.62
S08,Spices & Masala,Wednesday,2024-04,7362.199999999999
S08,Staples & Grains,Friday,2024-04,74025.62999999999
S08,Staples & Grains,Monday,2024-04,78027.82999999997
S08,Staples & Grains,Saturday,2024-04,84202.57999999999
S08,Staples & Grains,Sunday,2024-04,101982.37999999998
S08,Staples & Grains,Thursday,2024-04,45855.48000000001
S08,Staples & Grains,Tuesday,2024-04,43073.149999999994
S08,Staples & Grains,Wednesday,2024-04,31349.020000000004
S08,Stationery & General,Friday,2024-04,20810.049999999992
S08,Stationery & General,Monday,2024-04,14470.99
S08,Stationery & General,Saturday,2024-04,22801.32999999999
S08,Stationery & General,Sunday,2024-04,23669.210000000003
S08,Stationery & General,Thursday,2024-04,13866.130000000001
S08,Stationery & General,Tuesday,2024-04,14792.449999999999
S08,Stationery & General,Wednesday,2024-04,12108.95
S08,UNKNOWN,Friday,2024-04,-3779.27
S08,UNKNOWN,Monday,2024-04,-3426.31
S08,UNKNOWN,Saturday,2024-04,-5250.48
S08,UNKNOWN,Sunday,2024-04,-4196.990000000001
S08,UNKNOWN,Thursday,2024-04,-2225.75
S08,UNKNOWN,Tuesday,2024-04,-5098.93
S08,UNKNOWN,Wednesday,2024-04,-2455.97
S08,Baby Care,Friday,2024-05,76392.99
S08,Baby Care,Monday,2024-05,55029.499999999985
S08,Baby Care,Saturday,2024-05,85546.24999999999
S08,Baby Care,Sunday,2024-05,54434.50000000001
S08,Baby Care,Thursday,2024-05,50153.70999999999
S08,Baby Care,Tuesday,2024-05,60054.5
S08,Baby Care,Wednesday,2024-05,40248.02999999999
S08,Bakery,Friday,2024-05,14701.329999999998
S08,Bakery,Monday,2024-05,7786.45
S08,Bakery,Saturday,2024-05,7800.7
S08,Bakery,Sunday,2024-05,12312.19
S08,Bakery,Thursday,2024-05,10022.01
S08,Bakery,Tuesday,2024-05,8081.12
S08,Bakery,Wednesday,2024-05,4863.09
S08,Beverages,Friday,2024-05,20441.660000000007
S08,Beverages,Monday,2024-05,19604.52999999999
S08,Beverages,Saturday,2024-05,19014.71
S08,Beverages,Sunday,2024-05,18167.1
S08,Beverages,Thursday,2024-05,7074.91
S08,Beverages,Tuesday,2024-05,11085.629999999997
S08,Beverages,Wednesday,2024-05,12555.17
S08,Biscuits & Snacks,Friday,2024-05,6312.760000000001
S08,Biscuits & Snacks,Monday,2024-05,3108.3100000000004
S08,Biscuits & Snacks,Saturday,2024-05,5660.360000000003
S08,Biscuits & Snacks,Sunday,2024-05,7150.989999999999
S08,Biscuits & Snacks,Thursday,2024-05,4116.729999999999
S08,Biscuits & Snacks,Tuesday,2024-05,3591.899999999999
S08,Biscuits & Snacks,Wednesday,2024-05,4741.079999999999
S08,Confectionery,Friday,2024-05,18648.3
S08,Confectionery,Monday,2024-05,7968.6
S08,Confectionery,Saturday,2024-05,15740.64
S08,Confectionery,Sunday,2024-05,18225.429999999993
S08,Confectionery,Thursday,2024-05,15293.779999999999
S08,Confectionery,Tuesday,2024-05,9425.910000000002
S08,Confectionery,Wednesday,2024-05,8680.100000000002
S08,Dairy,Friday,2024-05,32300.27
S08,Dairy,Monday,2024-05,24039.25
S08,Dairy,Saturday,2024-05,47559.69
S08,Dairy,Sunday,2024-05,42746.55999999999
S08,Dairy,Thursday,2024-05,24713.429999999997
S08,Dairy,Tuesday,2024-05,30036.089999999997
S08,Dairy,Wednesday,2024-05,19615.930000000004
S08,Edible Oils,Friday,2024-05,62222.43999999999
S08,Edible Oils,Monday,2024-05,42416.19999999999
S08,Edible Oils,Saturday,2024-05,63261.109999999986
S08,Edible Oils,Sunday,2024-05,70375.56999999999
S08,Edible Oils,Thursday,2024-05,45699.42999999999
S08,Edible Oils,Tuesday,2024-05,55162.60999999999
S08,Edible Oils,Wednesday,2024-05,37763.56999999999
S08,Frozen & Ready to Eat,Friday,2024-05,30336.699999999993
S08,Frozen & Ready to Eat,Monday,2024-05,15809.519999999999
S08,Frozen & Ready to Eat,Saturday,2024-05,32700.52000000001
S08,Frozen & Ready to Eat,Sunday,2024-05,28734.019999999993
S08,Frozen & Ready to Eat,Thursday,2024-05,21265.59999999999
S08,Frozen & Ready to Eat,Tuesday,2024-05,10832.299999999997
S08,Frozen & Ready to Eat,Wednesday,2024-05,18249.580000000005
S08,Fruits & Vegetables,Friday,2024-05,12463.61
S08,Fruits & Vegetables,Monday,2024-05,15063.360000000002
S08,Fruits & Vegetables,Saturday,2024-05,20475.7
S08,Fruits & Vegetables,Sunday,2024-05,13618.93
S08,Fruits & Vegetables,Thursday,2024-05,10484.35
S08,Fruits & Vegetables,Tuesday,2024-05,7253.859999999999
S08,Fruits & Vegetables,Wednesday,2024-05,10667.770000000004
S08,Home Care,Friday,2024-05,16881.209999999995
S08,Home Care,Monday,2024-05,9091.909999999998
S08,Home Care,Saturday,2024-05,34047.13
S08,Home Care,Sunday,2024-05,24959.850000000002
S08,Home Care,Thursday,2024-05,18855.67
S08,Home Care,Tuesday,2024-05,19667.920000000002
S08,Home Care,Wednesday,2024-05,15266.869999999999
S08,Personal Care,Friday,2024-05,27977.12
S08,Personal Care,Monday,2024-05,24561.689999999995
S08,Personal Care,Saturday,2024-05,45184.00999999999
S08,Personal Care,Sunday,2024-05,34897.130000000005
S08,Personal Care,Thursday,2024-05,30763.78
S08,Personal Care,Tuesday,2024-05,23037.77
S08,Personal Care,Wednesday,2024-05,20437.809999999998
S08,Spices & Masala,Friday,2024-05,20677.830000000005
S08,Spices & Masala,Monday,2024-05,10487.71
S08,Spices & Masala,Saturday,2024-05,14608.179999999998
S08,Spices & Masala,Sunday,2024-05,13321.18
S08,Spices & Masala,Thursday,2024-05,12795.09
S08,Spices & Masala,Tuesday,2024-05,14238.669999999998
S08,Spices & Masala,Wednesday,2024-05,10985.99
S08,Staples & Grains,Friday,2024-05,91578.33999999998
S08,Staples & Grains,Monday,2024-05,64444.69000000002
S08,Staples & Grains,Saturday,2024-05,122987.62999999995
S08,Staples & Grains,Sunday,2024-05,81587.88000000002
S08,Staples & Grains,Thursday,2024-05,96316.07
S08,Staples & Grains,Tuesday,2024-05,59760.83
S08,Staples & Grains,Wednesday,2024-05,62082.72
S08,Stationery & General,Friday,2024-05,22372.670000000002
S08,Stationery & General,Monday,2024-05,20128.669999999995
S08,Stationery & General,Saturday,2024-05,25389.47
S08,Stationery & General,Sunday,2024-05,24360.93
S08,Stationery & General,Thursday,2024-05,16325.33
S08,Stationery & General,Tuesday,2024-05,22333.86
S08,Stationery & General,Wednesday,2024-05,17633.390000000007
S08,UNKNOWN,Friday,2024-05,-3999.0600000000004
S08,UNKNOWN,Monday,2024-05,-2851.48
S08,UNKNOWN,Saturday,2024-05,-7901.19
S08,UNKNOWN,Sunday,2024-05,-3423.79
S08,UNKNOWN,Thursday,2024-05,-4170.9400000000005
S08,UNKNOWN,Tuesday,2024-05,-3114.67
S08,UNKNOWN,Wednesday,2024-05,-3320.2400000000002
S08,Baby Care,Friday,2024-06,39718.46
S08,Baby Care,Monday,2024-06,44505.61
S08,Baby Care,Saturday,2024-06,108115.75999999998
S08,Baby Care,Sunday,2024-06,71741.99
S08,Baby Care,Thursday,2024-06,51455.22
S08,Baby Care,Tuesday,2024-06,56408.450000000004
S08,Baby Care,Wednesday,2024-06,57700.49000000001
S08,Bakery,Friday,2024-06,8993.520000000002
S08,Bakery,Monday,2024-06,7252.74
S08,Bakery,Saturday,2024-06,14218.180000000002
S08,Bakery,Sunday,2024-06,12425.16
S08,Bakery,Thursday,2024-06,5636.300000000001
S08,Bakery,Tuesday,2024-06,10275.559999999998
S08,Bakery,Wednesday,2024-06,7905.909999999999
S08,Beverages,Friday,2024-06,15343.390000000001
S08,Beverages,Monday,2024-06,17707.62
S08,Beverages,Saturday,2024-06,27782.21
S08,Beverages,Sunday,2024-06,30324.640000000003
S08,Beverages,Thursday,2024-06,17181.629999999997
S08,Beverages,Tuesday,2024-06,9430.07
S08,Beverages,Wednesday,2024-06,18083.499999999993
S08,Biscuits & Snacks,Friday,2024-06,4737.959999999998
S08,Biscuits & Snacks,Monday,2024-06,4642.740000000001
S08,Biscuits & Snacks,Saturday,2024-06,8922.780000000002
S08,Biscuits & Snacks,Sunday,2024-06,6859.9800000000005
S08,Biscuits & Snacks,Thursday,2024-06,3407.48
S08,Biscuits & Snacks,Tuesday,2024-06,3668.6599999999994
S08,Biscuits & Snacks,Wednesday,2024-06,4008.58
S08,Confectionery,Friday,2024-06,9250.419999999998
S08,Confectionery,Monday,2024-06,6082.83
S08,Confectionery,Saturday,2024-06,16190.400000000001
S08,Confectionery,Sunday,2024-06,14531.72
S08,Confectionery,Thursday,2024-06,12102.650000000001
S08,Confectionery,Tuesday,2024-06,11528.109999999999
S08,Confectionery,Wednesday,2024-06,6301.470000000001
S08,Dairy,Friday,2024-06,30224.38000000001
S08,Dairy,Monday,2024-06,21837.330000000005
S08,Dairy,Saturday,2024-06,31370.590000000004
S08,Dairy,Sunday,2024-06,40742.21
S08,Dairy,Thursday,2024-06,34037.369999999995
S08,Dairy,Tuesday,2024-06,16208.670000000002
S08,Dairy,Wednesday,2024-06,27853.960000000006
S08,Edible Oils,Friday,2024-06,58333.26
S08,Edible Oils,Monday,2024-06,19946.030000000002
S08,Edible Oils,Saturday,2024-06,68857.29
S08,Edible Oils,Sunday,2024-06,89727.05999999997
S08,Edible Oils,Thursday,2024-06,40546.079999999994
S08,Edible Oils,Tuesday,2024-06,39008.39
S08,Edible Oils,Wednesday,2024-06,42868.85
S08,Frozen & Ready to Eat,Friday,2024-06,16455.52
S08,Frozen & Ready to Eat,Monday,2024-06,18448.18
S08,Frozen & Ready to Eat,Saturday,2024-06,30141.1
S08,Frozen & Ready to Eat,Sunday,2024-06,22634.94000000001
S08,Frozen & Ready to Eat,Thursday,2024-06,16927.73
S08,Frozen & Ready to Eat,Tuesday,2024-06,14356.380000000001
S08,Frozen & Ready to Eat,Wednesday,2024-06,26761.50999999999
S08,Fruits & Vegetables,Friday,2024-06,8842.710000000001
S08,Fruits & Vegetables,Monday,2024-06,6201.849999999999
S08,Fruits & Vegetables,Saturday,2024-06,19501.01
S08,Fruits & Vegetables,Sunday,2024-06,14466.539999999997
S08,Fruits & Vegetables,Thursday,2024-06,5246.77
S08,Fruits & Vegetables,Tuesday,2024-06,8905.599999999999
S08,Fruits & Vegetables,Wednesday,2024-06,11265.22
S08,Home Care,Friday,2024-06,12562.259999999998
S08,Home Care,Monday,2024-06,8152.949999999999
S08,Home Care,Saturday,2024-06,24517.250000000004
S08,Home Care,Sunday,2024-06,39407.67
S08,Home Care,Thursday,2024-06,18107.94
S08,Home Care,Tuesday,2024-06,15295.459999999997
S08,Home Care,Wednesday,2024-06,15714.500000000002
S08,Personal Care,Friday,2024-06,17901.22
S08,Personal Care,Monday,2024-06,16410.51
S08,Personal Care,Saturday,2024-06,34192.83000000001
S08,Personal Care,Sunday,2024-06,34054.18
S08,Personal Care,Thursday,2024-06,25228.64
S08,Personal Care,Tuesday,2024-06,19358.989999999998
S08,Personal Care,Wednesday,2024-06,32628.96
S08,Spices & Masala,Friday,2024-06,11664.539999999995
S08,Spices & Masala,Monday,2024-06,12235.09
S08,Spices & Masala,Saturday,2024-06,28102.639999999992
S08,Spices & Masala,Sunday,2024-06,18743.47
S08,Spices & Masala,Thursday,2024-06,15902.770000000002
S08,Spices & Masala,Tuesday,2024-06,7792.990000000002
S08,Spices & Masala,Wednesday,2024-06,9090.49
S08,Staples & Grains,Friday,2024-06,71131.14000000001
S08,Staples & Grains,Monday,2024-06,46260.71
S08,Staples & Grains,Saturday,2024-06,140465.81999999995
S08,Staples & Grains,Sunday,2024-06,88061.84999999998
S08,Staples & Grains,Thursday,2024-06,50615.149999999994
S08,Staples & Grains,Tuesday,2024-06,37137.33
S08,Staples & Grains,Wednesday,2024-06,41381.54
S08,Stationery & General,Friday,2024-06,16894.740000000005
S08,Stationery & General,Monday,2024-06,7752.8899999999985
S08,Stationery & General,Saturday,2024-06,23634.700000000004
S08,Stationery & General,Sunday,2024-06,28611.280000000002
S08,Stationery & General,Thursday,2024-06,11986.440000000004
S08,Stationery & General,Tuesday,2024-06,15617.62
S08,Stationery & General,Wednesday,2024-06,16734.66
S08,UNKNOWN,Friday,2024-06,-2524.01
S08,UNKNOWN,Monday,2024-06,-2079.56
S08,UNKNOWN,Saturday,2024-06,-5312.62
S08,UNKNOWN,Sunday,2024-06,-4203.84
S08,UNKNOWN,Thursday,2024-06,-3071.18
S08,UNKNOWN,Tuesday,2024-06,-2853.7600000000007
S08,UNKNOWN,Wednesday,2024-06,-2371.05
S08,Baby Care,Friday,2024-07,45231.13999999999
S08,Baby Care,Monday,2024-07,83339.11999999998
S08,Baby Care,Saturday,2024-07,51657.38000000001
S08,Baby Care,Sunday,2024-07,76683.62999999999
S08,Baby Care,Thursday,2024-07,75862.62999999999
S08,Baby Care,Tuesday,2024-07,78293.26999999999
S08,Baby Care,Wednesday,2024-07,94909.05
S08,Bakery,Friday,2024-07,11143.449999999997
S08,Bakery,Monday,2024-07,6986.190000000001
S08,Bakery,Saturday,2024-07,9147.669999999996
S08,Bakery,Sunday,2024-07,10012.890000000003
S08,Bakery,Thursday,2024-07,9683.56
S08,Bakery,Tuesday,2024-07,6051.659999999999
S08,Bakery,Wednesday,2024-07,9193.110000000002
S08,Beverages,Friday,2024-07,22872.780000000002
S08,Beverages,Monday,2024-07,22212.58
S08,Beverages,Saturday,2024-07,22055.799999999996
S08,Beverages,Sunday,2024-07,30937.860000000008
S08,Beverages,Thursday,2024-07,18470.610000000004
S08,Beverages,Tuesday,2024-07,13913.390000000005
S08,Beverages,Wednesday,2024-07,23912.679999999997
S08,Biscuits & Snacks,Friday,2024-07,3502.340000000001
S08,Biscuits & Snacks,Monday,2024-07,5397.55
S08,Biscuits & Snacks,Saturday,2024-07,6727.939999999999
S08,Biscuits & Snacks,Sunday,2024-07,8944.099999999999
S08,Biscuits & Snacks,Thursday,2024-07,4226.89
S08,Biscuits & Snacks,Tuesday,2024-07,6971.899999999999
S08,Biscuits & Snacks,Wednesday,2024-07,5501.549999999999
S08,Confectionery,Friday,2024-07,12648.779999999999
S08,Confectionery,Monday,2024-07,15500.189999999999
S08,Confectionery,Saturday,2024-07,14158.079999999998
S08,Confectionery,Sunday,2024-07,17951.339999999993
S08,Confectionery,Thursday,2024-07,5973.259999999998
S08,Confectionery,Tuesday,2024-07,8878.42
S08,Confectionery,Wednesday,2024-07,8262.319999999998
S08,Dairy,Friday,2024-07,36041.990000000005
S08,Dairy,Monday,2024-07,17306.39
S08,Dairy,Saturday,2024-07,24703.62
S08,Dairy,Sunday,2024-07,30375.170000000006
S08,Dairy,Thursday,2024-07,23467.09
S08,Dairy,Tuesday,2024-07,28567.22
S08,Dairy,Wednesday,2024-07,19044.719999999998
S08,Edible Oils,Friday,2024-07,50497.27999999999
S08,Edible Oils,Monday,2024-07,58715.59
S08,Edible Oils,Saturday,2024-07,59415.35
S08,Edible Oils,Sunday,2024-07,104064.47999999997
S08,Edible Oils,Thursday,2024-07,53040.47
S08,Edible Oils,Tuesday,2024-07,57329.51999999999
S08,Edible Oils,Wednesday,2024-07,50158.65000000001
S08,Frozen & Ready to Eat,Friday,2024-07,28735.080000000013
S08,Frozen & Ready to Eat,Monday,2024-07,22467.96
S08,Frozen & Ready to Eat,Saturday,2024-07,25120.750000000004
S08,Frozen & Ready to Eat,Sunday,2024-07,30335.239999999994
S08,Frozen & Ready to Eat,Thursday,2024-07,15945.019999999999
S08,Frozen & Ready to Eat,Tuesday,2024-07,25590.820000000003
S08,Frozen & Ready to Eat,Wednesday,2024-07,21305.030000000002
S08,Fruits & Vegetables,Friday,2024-07,13478.950000000004
S08,Fruits & Vegetables,Monday,2024-07,6675.14
S08,Fruits & Vegetables,Saturday,2024-07,15171.070000000002
S08,Fruits & Vegetables,Sunday,2024-07,13463.759999999997
S08,Fruits & Vegetables,Thursday,2024-07,11098.050000000001
S08,Fruits & Vegetables,Tuesday,2024-07,12539.84
S08,Fruits & Vegetables,Wednesday,2024-07,9101.92
S08,Home Care,Friday,2024-07,15905.789999999999
S08,Home Care,Monday,2024-07,15839.68
S08,Home Care,Saturday,2024-07,29380.010000000002
S08,Home Care,Sunday,2024-07,20551.49
S08,Home Care,Thursday,2024-07,15635.659999999998
S08,Home Care,Tuesday,2024-07,22504.89
S08,Home Care,Wednesday,2024-07,18224.869999999995
S08,Personal Care,Friday,2024-07,23199.15000000001
S08,Personal Care,Monday,2024-07,16479.24
S08,Personal Care,Saturday,2024-07,38952.92
S08,Personal Care,Sunday,2024-07,32004.630000000005
S08,Personal Care,Thursday,2024-07,26488.3
S08,Personal Care,Tuesday,2024-07,16817.049999999996
S08,Personal Care,Wednesday,2024-07,29088.230000000003
S08,Spices & Masala,Friday,2024-07,12927.459999999994
S08,Spices & Masala,Monday,2024-07,14551.539999999999
S08,Spices & Masala,Saturday,2024-07,19720.64
S08,Spices & Masala,Sunday,2024-07,11837.399999999998
S08,Spices & Masala,Thursday,2024-07,11611.43
S08,Spices & Masala,Tuesday,2024-07,16751.680000000004
S08,Spices & Masala,Wednesday,2024-07,11529.500000000002
S08,Staples & Grains,Friday,2024-07,90508.78999999996
S08,Staples & Grains,Monday,2024-07,73055.96
S08,Staples & Grains,Saturday,2024-07,96352.96000000004
S08,Staples & Grains,Sunday,2024-07,108595.13
S08,Staples & Grains,Thursday,2024-07,46947.83
S08,Staples & Grains,Tuesday,2024-07,72563.44
S08,Staples & Grains,Wednesday,2024-07,47540.560000000005
S08,Stationery & General,Friday,2024-07,23813.760000000017
S08,Stationery & General,Monday,2024-07,13774.530000000002
S08,Stationery & General,Saturday,2024-07,25808.050000000003
S08,Stationery & General,Sunday,2024-07,27532.289999999994
S08,Stationery & General,Thursday,2024-07,20724.63
S08,Stationery & General,Tuesday,2024-07,11920.379999999996
S08,Stationery & General,Wednesday,2024-07,10976.730000000001
S08,UNKNOWN,Friday,2024-07,-2372.14
S08,UNKNOWN,Monday,2024-07,-4500.09
S08,UNKNOWN,Saturday,2024-07,-3234.24
S08,UNKNOWN,Sunday,2024-07,-5894.370000000001
S08,UNKNOWN,Thursday,2024-07,-2618.8700000000003
S08,UNKNOWN,Tuesday,2024-07,-2996.34
S08,UNKNOWN,Wednesday,2024-07,-2423.89
S08,Baby Care,Friday,2024-08,106355.62000000001
S08,Baby Care,Monday,2024-08,49233.290000000015
S08,Baby Care,Saturday,2024-08,95005.33999999995
S08,Baby Care,Sunday,2024-08,67845.57999999999
S08,Baby Care,Thursday,2024-08,68649.58999999998
S08,Baby Care,Tuesday,2024-08,42837.11
S08,Baby Care,Wednesday,2024-08,52916.340000000004
S08,Bakery,Friday,2024-08,12630.639999999998
S08,Bakery,Monday,2024-08,9673.77
S08,Bakery,Saturday,2024-08,18022.41
S08,Bakery,Sunday,2024-08,12232.109999999999
S08,Bakery,Thursday,2024-08,9616.13
S08,Bakery,Tuesday,2024-08,7024.220000000002
S08,Bakery,Wednesday,2024-08,9634.78
S08,Beverages,Friday,2024-08,19498.9
S08,Beverages,Monday,2024-08,16858.09
S08,Beverages,Saturday,2024-08,27939.430000000008
S08,Beverages,Sunday,2024-08,35996.55
S08,Beverages,Thursday,2024-08,27599.519999999993
S08,Beverages,Tuesday,2024-08,16860.690000000002
S08,Beverages,Wednesday,2024-08,15841.019999999997
S08,Biscuits & Snacks,Friday,2024-08,5746.419999999999
S08,Biscuits & Snacks,Monday,2024-08,3479.5
S08,Biscuits & Snacks,Saturday,2024-08,10646.779999999999
S08,Biscuits & Snacks,Sunday,2024-08,6888.869999999999
S08,Biscuits & Snacks,Thursday,2024-08,6539.269999999999
S08,Biscuits & Snacks,Tuesday,2024-08,4678.659999999999
S08,Biscuits & Snacks,Wednesday,2024-08,5438.52
S08,Confectionery,Friday,2024-08,18312.319999999996
S08,Confectionery,Monday,2024-08,9055.77
S08,Confectionery,Saturday,2024-08,18944.319999999996
S08,Confectionery,Sunday,2024-08,15103.69
S08,Confectionery,Thursday,2024-08,10460.069999999998
S08,Confectionery,Tuesday,2024-08,9407.350000000004
S08,Confectionery,Wednesday,2024-08,9395.209999999997
S08,Dairy,Friday,2024-08,39860.39
S08,Dairy,Monday,2024-08,19798.309999999998
S08,Dairy,Saturday,2024-08,39817.18000000001
S08,Dairy,Sunday,2024-08,41891.41
S08,Dairy,Thursday,2024-08,37204.220000000016
S08,Dairy,Tuesday,2024-08,22533.389999999996
S08,Dairy,Wednesday,2024-08,21363.640000000003
S08,Edible Oils,Friday,2024-08,101241.22999999998
S08,Edible Oils,Monday,2024-08,42608.49000000001
S08,Edible Oils,Saturday,2024-08,95793.24999999999
S08,Edible Oils,Sunday,2024-08,83920.89999999995
S08,Edible Oils,Thursday,2024-08,58787.420000000006
S08,Edible Oils,Tuesday,2024-08,49419.15
S08,Edible Oils,Wednesday,2024-08,51360.63999999999
S08,Frozen & Ready to Eat,Friday,2024-08,31306.859999999993
S08,Frozen & Ready to Eat,Monday,2024-08,17686.64
S08,Frozen & Ready to Eat,Saturday,2024-08,36682.52999999999
S08,Frozen & Ready to Eat,Sunday,2024-08,30980.93999999999
S08,Frozen & Ready to Eat,Thursday,2024-08,31489.43
S08,Frozen & Ready to Eat,Tuesday,2024-08,14165.319999999998
S08,Frozen & Ready to Eat,Wednesday,2024-08,11642.710000000001
S08,Fruits & Vegetables,Friday,2024-08,17188.559999999994
S08,Fruits & Vegetables,Monday,2024-08,10668.57
S08,Fruits & Vegetables,Saturday,2024-08,22121.19
S08,Fruits & Vegetables,Sunday,2024-08,11035.49
S08,Fruits & Vegetables,Thursday,2024-08,10371.7
S08,Fruits & Vegetables,Tuesday,2024-08,6513.7300000000005
S08,Fruits & Vegetables,Wednesday,2024-08,7534.429999999999
S08,Home Care,Friday,2024-08,37589.32
S08,Home Care,Monday,2024-08,12095.160000000002
S08,Home Care,Saturday,2024-08,26042.84
S08,Home Care,Sunday,2024-08,29651.600000000002
S08,Home Care,Thursday,2024-08,23061.090000000007
S08,Home Care,Tuesday,2024-08,15693.569999999998
S08,Home Care,Wednesday,2024-08,12902.47
S08,Personal Care,Friday,2024-08,35596.740000000005
S08,Personal Care,Monday,2024-08,26635.500000000004
S08,Personal Care,Saturday,2024-08,55246.60999999999
S08,Personal Care,Sunday,2024-08,26816.749999999996
S08,Personal Care,Thursday,2024-08,17948.34
S08,Personal Care,Tuesday,2024-08,23727.640000000003
S08,Personal Care,Wednesday,2024-08,21935.170000000002
S08,Spices & Masala,Friday,2024-08,23846.63
S08,Spices & Masala,Monday,2024-08,8846.26
S08,Spices & Masala,Saturday,2024-08,19731.219999999998
S08,Spices & Masala,Sunday,2024-08,20995.03
S08,Spices & Masala,Thursday,2024-08,17470.45
S08,Spices & Masala,Tuesday,2024-08,10467.49
S08,Spices & Masala,Wednesday,2024-08,12374.060000000003
S08,Staples & Grains,Friday,2024-08,107738.74000000002
S08,Staples & Grains,Monday,2024-08,46400.49000000002
S08,Staples & Grains,Saturday,2024-08,107726.49000000002
S08,Staples & Grains,Sunday,2024-08,122012.48
S08,Staples & Grains,Thursday,2024-08,98923.94999999998
S08,Staples & Grains,Tuesday,2024-08,35627.04999999999
S08,Staples & Grains,Wednesday,2024-08,57562.72
S08,Stationery & General,Friday,2024-08,30074.82
S08,Stationery & General,Monday,2024-08,18881.13
S08,Stationery & General,Saturday,2024-08,36713.40000000001
S08,Stationery & General,Sunday,2024-08,35577.76
S08,Stationery & General,Thursday,2024-08,15081.449999999999
S08,Stationery & General,Tuesday,2024-08,18423.960000000003
S08,Stationery & General,Wednesday,2024-08,12258.770000000002
S08,UNKNOWN,Friday,2024-08,-7056.27
S08,UNKNOWN,Monday,2024-08,-3157.7200000000003
S08,UNKNOWN,Saturday,2024-08,-6594.189999999999
S08,UNKNOWN,Sunday,2024-08,-4114.37
S08,UNKNOWN,Thursday,2024-08,-4087.42
S08,UNKNOWN,Tuesday,2024-08,-1960.6699999999998
S08,UNKNOWN,Wednesday,2024-08,-1845.45
S08,Baby Care,Friday,2024-09,65344.109999999986
S08,Baby Care,Monday,2024-09,45883.48
S08,Baby Care,Saturday,2024-09,105985.70000000001
S08,Baby Care,Sunday,2024-09,110459.56000000004
S08,Baby Care,Thursday,2024-09,43503.95000000002
S08,Baby Care,Tuesday,2024-09,55484.51
S08,Baby Care,Wednesday,2024-09,81114.93999999999
S08,Bakery,Friday,2024-09,10271.69
S08,Bakery,Monday,2024-09,11781.749999999998
S08,Bakery,Saturday,2024-09,16794.420000000002
S08,Bakery,Sunday,2024-09,18170.51
S08,Bakery,Thursday,2024-09,10535.830000000004
S08,Bakery,Tuesday,2024-09,9564.85
S08,Bakery,Wednesday,2024-09,4229.39
S08,Beverages,Friday,2024-09,19993.210000000003
S08,Beverages,Monday,2024-09,20283.14
S08,Beverages,Saturday,2024-09,24743.33000000001
S08,Beverages,Sunday,2024-09,34218.89000000001
S08,Beverages,Thursday,2024-09,17813.940000000006
S08,Beverages,Tuesday,2024-09,21719.56
S08,Beverages,Wednesday,2024-09,15846.24
S08,Biscuits & Snacks,Friday,2024-09,4356.25
S08,Biscuits & Snacks,Monday,2024-09,5699.529999999999
S08,Biscuits & Snacks,Saturday,2024-09,6502.239999999999
S08,Biscuits & Snacks,Sunday,2024-09,8868.210000000001
S08,Biscuits & Snacks,Thursday,2024-09,5211.329999999999
S08,Biscuits & Snacks,Tuesday,2024-09,6516.37
S08,Biscuits & Snacks,Wednesday,2024-09,2795.1
S08,Confectionery,Friday,2024-09,18901.49
S08,Confectionery,Monday,2024-09,10761.359999999999
S08,Confectionery,Saturday,2024-09,17729.379999999997
S08,Confectionery,Sunday,2024-09,26254.670000000002
S08,Confectionery,Thursday,2024-09,10246.579999999998
S08,Confectionery,Tuesday,2024-09,12032.7
S08,Confectionery,Wednesday,2024-09,10649.09
S08,Dairy,Friday,2024-09,29122.899999999994
S08,Dairy,Monday,2024-09,34790.87
S08,Dairy,Saturday,2024-09,41492.04999999999
S08,Dairy,Sunday,2024-09,46884.50999999997
S08,Dairy,Thursday,2024-09,25511.569999999996
S08,Dairy,Tuesday,2024-09,31051.60000000001
S08,Dairy,Wednesday,2024-09,18888.6
S08,Edible Oils,Friday,2024-09,66211.92
S08,Edible Oils,Monday,2024-09,74659.33
S08,Edible Oils,Saturday,2024-09,120762.51999999997
S08,Edible Oils,Sunday,2024-09,100999.76000000002
S08,Edible Oils,Thursday,2024-09,55744.78
S08,Edible Oils,Tuesday,2024-09,44246.23999999999
S08,Edible Oils,Wednesday,2024-09,49997.65
S08,Frozen & Ready to Eat,Friday,2024-09,38638.810000000005
S08,Frozen & Ready to Eat,Monday,2024-09,28473.2
S08,Frozen & Ready to Eat,Saturday,2024-09,39118.509999999995
S08,Frozen & Ready to Eat,Sunday,2024-09,30572.050000000003
S08,Frozen & Ready to Eat,Thursday,2024-09,17170.959999999995
S08,Frozen & Ready to Eat,Tuesday,2024-09,15727.88
S08,Frozen & Ready to Eat,Wednesday,2024-09,24842.87999999999
S08,Fruits & Vegetables,Friday,2024-09,8772.75
S08,Fruits & Vegetables,Monday,2024-09,11433.000000000002
S08,Fruits & Vegetables,Saturday,2024-09,16569.85
S08,Fruits & Vegetables,Sunday,2024-09,16944.579999999994
S08,Fruits & Vegetables,Thursday,2024-09,9525.699999999997
S08,Fruits & Vegetables,Tuesday,2024-09,7541.500000000002
S08,Fruits & Vegetables,Wednesday,2024-09,9565.390000000001
S08,Home Care,Friday,2024-09,18987.039999999994
S08,Home Care,Monday,2024-09,25306.99
S08,Home Care,Saturday,2024-09,25128.910000000003
S08,Home Care,Sunday,2024-09,44928.01000000001
S08,Home Care,Thursday,2024-09,18423.58
S08,Home Care,Tuesday,2024-09,22120.139999999996
S08,Home Care,Wednesday,2024-09,16439.540000000005
S08,Personal Care,Friday,2024-09,38185.24000000001
S08,Personal Care,Monday,2024-09,23939.850000000002
S08,Personal Care,Saturday,2024-09,30088.900000000005
S08,Personal Care,Sunday,2024-09,41687.6
S08,Personal Care,Thursday,2024-09,27145.55
S08,Personal Care,Tuesday,2024-09,25509.01
S08,Personal Care,Wednesday,2024-09,24446.22
S08,Spices & Masala,Friday,2024-09,11920.949999999999
S08,Spices & Masala,Monday,2024-09,18697.020000000004
S08,Spices & Masala,Saturday,2024-09,24927.000000000004
S08,Spices & Masala,Sunday,2024-09,23004.28
S08,Spices & Masala,Thursday,2024-09,14448.5
S08,Spices & Masala,Tuesday,2024-09,11854.51
S08,Spices & Masala,Wednesday,2024-09,13237.270000000002
S08,Staples & Grains,Friday,2024-09,76714.42
S08,Staples & Grains,Monday,2024-09,99202.20999999999
S08,Staples & Grains,Saturday,2024-09,116229.13000000002
S08,Staples & Grains,Sunday,2024-09,124561.97999999997
S08,Staples & Grains,Thursday,2024-09,55257.25
S08,Staples & Grains,Tuesday,2024-09,65846.32999999999
S08,Staples & Grains,Wednesday,2024-09,74406.86000000003
S08,Stationery & General,Friday,2024-09,20788.050000000003
S08,Stationery & General,Monday,2024-09,19315.780000000002
S08,Stationery & General,Saturday,2024-09,30265.9
S08,Stationery & General,Sunday,2024-09,32521.039999999997
S08,Stationery & General,Thursday,2024-09,18053.239999999998
S08,Stationery & General,Tuesday,2024-09,16871.379999999997
S08,Stationery & General,Wednesday,2024-09,19408.879999999997
S08,UNKNOWN,Friday,2024-09,-4556.85
S08,UNKNOWN,Monday,2024-09,-4288.75
S08,UNKNOWN,Saturday,2024-09,-7987.630000000001
S08,UNKNOWN,Sunday,2024-09,-5048.459999999999
S08,UNKNOWN,Thursday,2024-09,-2914.11
S08,UNKNOWN,Tuesday,2024-09,-2458.93
S08,UNKNOWN,Wednesday,2024-09,-2129.86
S08,Baby Care,Friday,2024-10,51817.819999999985
S08,Baby Care,Monday,2024-10,75294.94000000002
S08,Baby Care,Saturday,2024-10,94668.05
S08,Baby Care,Sunday,2024-10,72554.78000000001
S08,Baby Care,Thursday,2024-10,84011.96
S08,Baby Care,Tuesday,2024-10,90229.59000000001
S08,Baby Care,Wednesday,2024-10,72842.94999999998
S08,Bakery,Friday,2024-10,17428.830000000005
S08,Bakery,Monday,2024-10,8696.07
S08,Bakery,Saturday,2024-10,14228.260000000002
S08,Bakery,Sunday,2024-10,19424.11
S08,Bakery,Thursday,2024-10,13971.199999999997
S08,Bakery,Tuesday,2024-10,14805.369999999999
S08,Bakery,Wednesday,2024-10,16288.659999999998
S08,Beverages,Friday,2024-10,20837.670000000002
S08,Beverages,Monday,2024-10,23858.870000000003
S08,Beverages,Saturday,2024-10,37970.25
S08,Beverages,Sunday,2024-10,28969.950000000004
S08,Beverages,Thursday,2024-10,21973.750000000007
S08,Beverages,Tuesday,2024-10,27905.010000000002
S08,Beverages,Wednesday,2024-10,28249.130000000005
S08,Biscuits & Snacks,Friday,2024-10,6859.990000000002
S08,Biscuits & Snacks,Monday,2024-10,6206.88
S08,Biscuits & Snacks,Saturday,2024-10,7558.509999999998
S08,Biscuits & Snacks,Sunday,2024-10,10355.170000000002
S08,Biscuits & Snacks,Thursday,2024-10,6514.079999999999
S08,Biscuits & Snacks,Tuesday,2024-10,7335.150000000002
S08,Biscuits & Snacks,Wednesday,2024-10,6865.799999999997
S08,Confectionery,Friday,2024-10,12183.099999999999
S08,Confectionery,Monday,2024-10,17149.999999999996
S08,Confectionery,Saturday,2024-10,21804.27
S08,Confectionery,Sunday,2024-10,23562.24000000001
S08,Confectionery,Thursday,2024-10,10402.38
S08,Confectionery,Tuesday,2024-10,14437.180000000004
S08,Confectionery,Wednesday,2024-10,14288.810000000001
S08,Dairy,Friday,2024-10,35796.91
S08,Dairy,Monday,2024-10,40386.13
S08,Dairy,Saturday,2024-10,45208.82000000001
S08,Dairy,Sunday,2024-10,59358.15999999999
S08,Dairy,Thursday,2024-10,26603.01999999999
S08,Dairy,Tuesday,2024-10,32868.450000000004
S08,Dairy,Wednesday,2024-10,41875.95
S08,Edible Oils,Friday,2024-10,68330.5
S08,Edible Oils,Monday,2024-10,57139.610000000015
S08,Edible Oils,Saturday,2024-10,96129.42
S08,Edible Oils,Sunday,2024-10,103382.59000000001
S08,Edible Oils,Thursday,2024-10,74886.82
S08,Edible Oils,Tuesday,2024-10,85916.16000000002
S08,Edible Oils,Wednesday,2024-10,80129.18
S08,Frozen & Ready to Eat,Friday,2024-10,19820.990000000005
S08,Frozen & Ready to Eat,Monday,2024-10,24515.159999999996
S08,Frozen & Ready to Eat,Saturday,2024-10,39128.48000000001
S08,Frozen & Ready to Eat,Sunday,2024-10,39497.26999999998
S08,Frozen & Ready to Eat,Thursday,2024-10,31226.27999999999
S08,Frozen & Ready to Eat,Tuesday,2024-10,29861.530000000002
S08,Frozen & Ready to Eat,Wednesday,2024-10,25544.55
S08,Fruits & Vegetables,Friday,2024-10,14447.519999999995
S08,Fruits & Vegetables,Monday,2024-10,12555.52
S08,Fruits & Vegetables,Saturday,2024-10,19361.329999999998
S08,Fruits & Vegetables,Sunday,2024-10,24777.20999999999
S08,Fruits & Vegetables,Thursday,2024-10,15684.989999999996
S08,Fruits & Vegetables,Tuesday,2024-10,16590.98
S08,Fruits & Vegetables,Wednesday,2024-10,10687.560000000001
S08,Home Care,Friday,2024-10,12376.620000000003
S08,Home Care,Monday,2024-10,25851.550000000007
S08,Home Care,Saturday,2024-10,29476.32
S08,Home Care,Sunday,2024-10,28318.029999999995
S08,Home Care,Thursday,2024-10,15526.38
S08,Home Care,Tuesday,2024-10,24956.440000000002
S08,Home Care,Wednesday,2024-10,24771.910000000003
S08,Personal Care,Friday,2024-10,27937.980000000007
S08,Personal Care,Monday,2024-10,23784.780000000002
S08,Personal Care,Saturday,2024-10,64950.97000000001
S08,Personal Care,Sunday,2024-10,41224.180000000015
S08,Personal Care,Thursday,2024-10,30587.510000000006
S08,Personal Care,Tuesday,2024-10,35935.48999999999
S08,Personal Care,Wednesday,2024-10,30995.91
S08,Spices & Masala,Friday,2024-10,13220.859999999999
S08,Spices & Masala,Monday,2024-10,6800.390000000001
S08,Spices & Masala,Saturday,2024-10,22877.87
S08,Spices & Masala,Sunday,2024-10,21193.390000000003
S08,Spices & Masala,Thursday,2024-10,14174.679999999998
S08,Spices & Masala,Tuesday,2024-10,24037.810000000005
S08,Spices & Masala,Wednesday,2024-10,21285.010000000002
S08,Staples & Grains,Friday,2024-10,61001.069999999985
S08,Staples & Grains,Monday,2024-10,44128.98
S08,Staples & Grains,Saturday,2024-10,111372.76999999997
S08,Staples & Grains,Sunday,2024-10,86417.19000000003
S08,Staples & Grains,Thursday,2024-10,65141.789999999986
S08,Staples & Grains,Tuesday,2024-10,121316.14
S08,Staples & Grains,Wednesday,2024-10,103566.13999999998
S08,Stationery & General,Friday,2024-10,14789.800000000005
S08,Stationery & General,Monday,2024-10,21834.21
S08,Stationery & General,Saturday,2024-10,34043.30000000001
S08,Stationery & General,Sunday,2024-10,34472.92
S08,Stationery & General,Thursday,2024-10,20113.11
S08,Stationery & General,Tuesday,2024-10,27357.930000000004
S08,Stationery & General,Wednesday,2024-10,18740.270000000004
S08,UNKNOWN,Friday,2024-10,-4382.199999999999
S08,UNKNOWN,Monday,2024-10,-4383.870000000002
S08,UNKNOWN,Saturday,2024-10,-5365.46
S08,UNKNOWN,Sunday,2024-10,-3970.9799999999996
S08,UNKNOWN,Thursday,2024-10,-2724.86
S08,UNKNOWN,Tuesday,2024-10,-5818.67
S08,UNKNOWN,Wednesday,2024-10,-5344.91
S08,Baby Care,Friday,2024-11,91487.37999999998
S08,Baby Care,Monday,2024-11,22294.000000000004
S08,Baby Care,Saturday,2024-11,119974.90999999999
S08,Baby Care,Sunday,2024-11,105594.75000000001
S08,Baby Care,Thursday,2024-11,69816.09000000001
S08,Baby Care,Tuesday,2024-11,43542.509999999995
S08,Baby Care,Wednesday,2024-11,29617.19
S08,Bakery,Friday,2024-11,16523.289999999997
S08,Bakery,Monday,2024-11,8299.460000000003
S08,Bakery,Saturday,2024-11,23411.73
S08,Bakery,Sunday,2024-11,14855.590000000002
S08,Bakery,Thursday,2024-11,9501.310000000001
S08,Bakery,Tuesday,2024-11,7843.6
S08,Bakery,Wednesday,2024-11,8763.700000000003
S08,Beverages,Friday,2024-11,37160.92
S08,Beverages,Monday,2024-11,14744.01
S08,Beverages,Saturday,2024-11,47895.35000000001
S08,Beverages,Sunday,2024-11,31024.380000000005
S08,Beverages,Thursday,2024-11,14882.99
S08,Beverages,Tuesday,2024-11,15937.919999999998
S08,Beverages,Wednesday,2024-11,9287.739999999998
S08,Biscuits & Snacks,Friday,2024-11,9430.24
S08,Biscuits & Snacks,Monday,2024-11,4613.870000000001
S08,Biscuits & Snacks,Saturday,2024-11,11129.600000000004
S08,Biscuits & Snacks,Sunday,2024-11,7910.259999999998
S08,Biscuits & Snacks,Thursday,2024-11,5409.280000000002
S08,Biscuits & Snacks,Tuesday,2024-11,3978.92
S08,Biscuits & Snacks,Wednesday,2024-11,3929.6400000000003
S08,Confectionery,Friday,2024-11,13813.88
S08,Confectionery,Monday,2024-11,8833.679999999998
S08,Confectionery,Saturday,2024-11,20837.609999999997
S08,Confectionery,Sunday,2024-11,14563.169999999996
S08,Confectionery,Thursday,2024-11,7734.5700000000015
S08,Confectionery,Tuesday,2024-11,9724.739999999998
S08,Confectionery,Wednesday,2024-11,9868.130000000001
S08,Dairy,Friday,2024-11,43255.439999999995
S08,Dairy,Monday,2024-11,14247.019999999999
S08,Dairy,Saturday,2024-11,57903.049999999996
S08,Dairy,Sunday,2024-11,47975.89
S08,Dairy,Thursday,2024-11,21739.18999999999
S08,Dairy,Tuesday,2024-11,26012.81
S08,Dairy,Wednesday,2024-11,27034.780000000006
S08,Edible Oils,Friday,2024-11,93629.19999999998
S08,Edible Oils,Monday,2024-11,58408.13000000002
S08,Edible Oils,Saturday,2024-11,128285.91000000005
S08,Edible Oils,Sunday,2024-11,83762.71000000002
S08,Edible Oils,Thursday,2024-11,74675.59999999999
S08,Edible Oils,Tuesday,2024-11,65054.399999999994
S08,Edible Oils,Wednesday,2024-11,41289.47000000001
S08,Frozen & Ready to Eat,Friday,2024-11,26113.01000000001
S08,Frozen & Ready to Eat,Monday,2024-11,14990.180000000004
S08,Frozen & Ready to Eat,Saturday,2024-11,46451.42999999999
S08,Frozen & Ready to Eat,Sunday,2024-11,38532.25000000002
S08,Frozen & Ready to Eat,Thursday,2024-11,25940.629999999997
S08,Frozen & Ready to Eat,Tuesday,2024-11,18528.929999999997
S08,Frozen & Ready to Eat,Wednesday,2024-11,16678.289999999994
S08,Fruits & Vegetables,Friday,2024-11,20532.33999999999
S08,Fruits & Vegetables,Monday,2024-11,11514.999999999998
S08,Fruits & Vegetables,Saturday,2024-11,20627.589999999997
S08,Fruits & Vegetables,Sunday,2024-11,16227.970000000001
S08,Fruits & Vegetables,Thursday,2024-11,10369.210000000001
S08,Fruits & Vegetables,Tuesday,2024-11,9745.150000000001
S08,Fruits & Vegetables,Wednesday,2024-11,12491.369999999999
S08,Home Care,Friday,2024-11,27843.659999999993
S08,Home Care,Monday,2024-11,20570.949999999997
S08,Home Care,Saturday,2024-11,52254.44999999998
S08,Home Care,Sunday,2024-11,35360.65
S08,Home Care,Thursday,2024-11,20936.859999999997
S08,Home Care,Tuesday,2024-11,19512.92
S08,Home Care,Wednesday,2024-11,17698.739999999998
S08,Personal Care,Friday,2024-11,50115.28999999999
S08,Personal Care,Monday,2024-11,26271.64
S08,Personal Care,Saturday,2024-11,61081.11000000001
S08,Personal Care,Sunday,2024-11,33586.520000000004
S08,Personal Care,Thursday,2024-11,29230.209999999992
S08,Personal Care,Tuesday,2024-11,20232.719999999998
S08,Personal Care,Wednesday,2024-11,26277.370000000003
S08,Spices & Masala,Friday,2024-11,19245.070000000003
S08,Spices & Masala,Monday,2024-11,8725.710000000001
S08,Spices & Masala,Saturday,2024-11,22906.49
S08,Spices & Masala,Sunday,2024-11,29742.89
S08,Spices & Masala,Thursday,2024-11,14347.2
S08,Spices & Masala,Tuesday,2024-11,8389.16
S08,Spices & Masala,Wednesday,2024-11,11383.750000000004
S08,Staples & Grains,Friday,2024-11,146896.90000000005
S08,Staples & Grains,Monday,2024-11,60994.44000000001
S08,Staples & Grains,Saturday,2024-11,135248.08000000005
S08,Staples & Grains,Sunday,2024-11,108779.62999999996
S08,Staples & Grains,Thursday,2024-11,47691.29
S08,Staples & Grains,Tuesday,2024-11,70143.14
S08,Staples & Grains,Wednesday,2024-11,90657.93999999997
S08,Stationery & General,Friday,2024-11,23500.079999999998
S08,Stationery & General,Monday,2024-11,13499.749999999998
S08,Stationery & General,Saturday,2024-11,41539.189999999995
S08,Stationery & General,Sunday,2024-11,30262.069999999992
S08,Stationery & General,Thursday,2024-11,22032.089999999997
S08,Stationery & General,Tuesday,2024-11,17773.699999999997
S08,Stationery & General,Wednesday,2024-11,15447.039999999999
S08,UNKNOWN,Friday,2024-11,-8008.679999999999
S08,UNKNOWN,Monday,2024-11,-3004.7800000000007
S08,UNKNOWN,Saturday,2024-11,-6607.410000000002
S08,UNKNOWN,Sunday,2024-11,-5460.469999999999
S08,UNKNOWN,Thursday,2024-11,-2081.09
S08,UNKNOWN,Tuesday,2024-11,-4903.650000000001
S08,UNKNOWN,Wednesday,2024-11,-2571.89
S08,Baby Care,Friday,2024-12,72888.43
S08,Baby Care,Monday,2024-12,98659.36999999998
S08,Baby Care,Saturday,2024-12,88279.39
S08,Baby Care,Sunday,2024-12,161294.31
S08,Baby Care,Thursday,2024-12,104605.23
S08,Baby Care,Tuesday,2024-12,89719.17
S08,Baby Care,Wednesday,2024-12,71132.12
S08,Bakery,Friday,2024-12,9064.719999999998
S08,Bakery,Monday,2024-12,12497.75
S08,Bakery,Saturday,2024-12,20782.569999999996
S08,Bakery,Sunday,2024-12,15092.869999999995
S08,Bakery,Thursday,2024-12,6236.0199999999995
S08,Bakery,Tuesday,2024-12,8498.460000000001
S08,Bakery,Wednesday,2024-12,7614.900000000001
S08,Beverages,Friday,2024-12,10651.5
S08,Beverages,Monday,2024-12,21430.629999999997
S08,Beverages,Saturday,2024-12,26400.310000000005
S08,Beverages,Sunday,2024-12,33240.59
S08,Beverages,Thursday,2024-12,19483.04
S08,Beverages,Tuesday,2024-12,20518.78
S08,Beverages,Wednesday,2024-12,16524.48
S08,Biscuits & Snacks,Friday,2024-12,4123.5599999999995
S08,Biscuits & Snacks,Monday,2024-12,8250.71
S08,Biscuits & Snacks,Saturday,2024-12,9162.980000000001
S08,Biscuits & Snacks,Sunday,2024-12,11430.01
S08,Biscuits & Snacks,Thursday,2024-12,5541.66
S08,Biscuits & Snacks,Tuesday,2024-12,5913.150000000001
S08,Biscuits & Snacks,Wednesday,2024-12,5377.820000000001
S08,Confectionery,Friday,2024-12,16521.840000000004
S08,Confectionery,Monday,2024-12,15276.549999999997
S08,Confectionery,Saturday,2024-12,24972.510000000002
S08,Confectionery,Sunday,2024-12,19091.6
S08,Confectionery,Thursday,2024-12,11911.140000000001
S08,Confectionery,Tuesday,2024-12,16685.76
S08,Confectionery,Wednesday,2024-12,10852.85
S08,Dairy,Friday,2024-12,31487.600000000002
S08,Dairy,Monday,2024-12,25996.47000000001
S08,Dairy,Saturday,2024-12,43861.149999999994
S08,Dairy,Sunday,2024-12,62310.21
S08,Dairy,Thursday,2024-12,32160.46
S08,Dairy,Tuesday,2024-12,32906.479999999996
S08,Dairy,Wednesday,2024-12,18277.16
S08,Edible Oils,Friday,2024-12,45765.490000000005
S08,Edible Oils,Monday,2024-12,71105.35
S08,Edible Oils,Saturday,2024-12,95857.96
S08,Edible Oils,Sunday,2024-12,93899.78
S08,Edible Oils,Thursday,2024-12,51645.43000000001
S08,Edible Oils,Tuesday,2024-12,52696.240000000005
S08,Edible Oils,Wednesday,2024-12,44669.61000000001
S08,Frozen & Ready to Eat,Friday,2024-12,17835.74
S08,Frozen & Ready to Eat,Monday,2024-12,26887.169999999995
S08,Frozen & Ready to Eat,Saturday,2024-12,29198.879999999986
S08,Frozen & Ready to Eat,Sunday,2024-12,32647.209999999992
S08,Frozen & Ready to Eat,Thursday,2024-12,23613.72
S08,Frozen & Ready to Eat,Tuesday,2024-12,23331.169999999995
S08,Frozen & Ready to Eat,Wednesday,2024-12,23414.600000000006
S08,Fruits & Vegetables,Friday,2024-12,13661.610000000002
S08,Fruits & Vegetables,Monday,2024-12,15029.89
S08,Fruits & Vegetables,Saturday,2024-12,18045.100000000006
S08,Fruits & Vegetables,Sunday,2024-12,18798.659999999996
S08,Fruits & Vegetables,Thursday,2024-12,10499.640000000001
S08,Fruits & Vegetables,Tuesday,2024-12,15707.939999999999
S08,Fruits & Vegetables,Wednesday,2024-12,13975.119999999994
S08,Home Care,Friday,2024-12,18312.510000000006
S08,Home Care,Monday,2024-12,29702.689999999988
S08,Home Care,Saturday,2024-12,34434.1
S08,Home Care,Sunday,2024-12,44944.42999999999
S08,Home Care,Thursday,2024-12,18024.67
S08,Home Care,Tuesday,2024-12,15841.189999999999
S08,Home Care,Wednesday,2024-12,22110.17
S08,Personal Care,Friday,2024-12,22538.850000000006
S08,Personal Care,Monday,2024-12,46753.600000000006
S08,Personal Care,Saturday,2024-12,54751.719999999994
S08,Personal Care,Sunday,2024-12,42399.52000000002
S08,Personal Care,Thursday,2024-12,19031.04
S08,Personal Care,Tuesday,2024-12,31587.239999999998
S08,Personal Care,Wednesday,2024-12,24588.739999999998
S08,Spices & Masala,Friday,2024-12,12273.079999999998
S08,Spices & Masala,Monday,2024-12,15300.0
S08,Spices & Masala,Saturday,2024-12,16804.239999999998
S08,Spices & Masala,Sunday,2024-12,20038.02
S08,Spices & Masala,Thursday,2024-12,21089.61
S08,Spices & Masala,Tuesday,2024-12,18510.579999999998
S08,Spices & Masala,Wednesday,2024-12,10950.54
S08,Staples & Grains,Friday,2024-12,74471.64
S08,Staples & Grains,Monday,2024-12,75722.88
S08,Staples & Grains,Saturday,2024-12,89412.3
S08,Staples & Grains,Sunday,2024-12,107430.12999999998
S08,Staples & Grains,Thursday,2024-12,68493.27
S08,Staples & Grains,Tuesday,2024-12,48580.72999999999
S08,Staples & Grains,Wednesday,2024-12,56672.09999999999
S08,Stationery & General,Friday,2024-12,18491.220000000005
S08,Stationery & General,Monday,2024-12,24537.16
S08,Stationery & General,Saturday,2024-12,25610.83000000001
S08,Stationery & General,Sunday,2024-12,36844.009999999995
S08,Stationery & General,Thursday,2024-12,18381.81
S08,Stationery & General,Tuesday,2024-12,22422.52
S08,Stationery & General,Wednesday,2024-12,17243.390000000003
S08,UNKNOWN,Friday,2024-12,-3379.6400000000003
S08,UNKNOWN,Monday,2024-12,-4610.759999999999
S08,UNKNOWN,Saturday,2024-12,-7344.07
S08,UNKNOWN,Sunday,2024-12,-7713.930000000001
S08,UNKNOWN,Thursday,2024-12,-2688.75
S08,UNKNOWN,Tuesday,2024-12,-3853.8299999999995
S08,UNKNOWN,Wednesday,2024-12,-3054.0299999999997
S09,Baby Care,Friday,2024-01,38571.560000000005
S09,Baby Care,Monday,2024-01,27934.829999999998
S09,Baby Care,Saturday,2024-01,85970.67
S09,Baby Care,Sunday,2024-01,52513.49999999999
S09,Baby Care,Thursday,2024-01,42128.52999999999
S09,Baby Care,Tuesday,2024-01,39211.48999999999
S09,Baby Care,Wednesday,2024-01,42619.84
S09,Bakery,Friday,2024-01,10012.259999999998
S09,Bakery,Monday,2024-01,7727.540000000002
S09,Bakery,Saturday,2024-01,9298.570000000002
S09,Bakery,Sunday,2024-01,7831.84
S09,Bakery,Thursday,2024-01,6273.519999999999
S09,Bakery,Tuesday,2024-01,7133.65
S09,Bakery,Wednesday,2024-01,6116.16
S09,Beverages,Friday,2024-01,18616.029999999995
S09,Beverages,Monday,2024-01,15348.200000000004
S09,Beverages,Saturday,2024-01,14781.159999999998
S09,Beverages,Sunday,2024-01,14367.98
S09,Beverages,Thursday,2024-01,12613.250000000002
S09,Beverages,Tuesday,2024-01,13278.73
S09,Beverages,Wednesday,2024-01,13466.019999999999
S09,Biscuits & Snacks,Friday,2024-01,4420.919999999999
S09,Biscuits & Snacks,Monday,2024-01,1963.3200000000002
S09,Biscuits & Snacks,Saturday,2024-01,5164.589999999998
S09,Biscuits & Snacks,Sunday,2024-01,4553.33
S09,Biscuits & Snacks,Thursday,2024-01,3742.3199999999997
S09,Biscuits & Snacks,Tuesday,2024-01,4509.739999999999
S09,Biscuits & Snacks,Wednesday,2024-01,5206.459999999998
S09,Confectionery,Friday,2024-01,7844.55
S09,Confectionery,Monday,2024-01,10534.8
S09,Confectionery,Saturday,2024-01,10943.38
S09,Confectionery,Sunday,2024-01,9659.919999999998
S09,Confectionery,Thursday,2024-01,7713.419999999999
S09,Confectionery,Tuesday,2024-01,5413.37
S09,Confectionery,Wednesday,2024-01,10065.460000000001
S09,Dairy,Friday,2024-01,25256.52000000001
S09,Dairy,Monday,2024-01,25716.560000000005
S09,Dairy,Saturday,2024-01,37484.34
S09,Dairy,Sunday,2024-01,18362.759999999995
S09,Dairy,Thursday,2024-01,25289.670000000002
S09,Dairy,Tuesday,2024-01,17142.71
S09,Dairy,Wednesday,2024-01,22037.04
S09,Edible Oils,Friday,2024-01,25983.89
S09,Edible Oils,Monday,2024-01,37197.009999999995
S09,Edible Oils,Saturday,2024-01,53529.12
S09,Edible Oils,Sunday,2024-01,51647.409999999996
S09,Edible Oils,Thursday,2024-01,34329.40000000001
S09,Edible Oils,Tuesday,2024-01,39860.659999999996
S09,Edible Oils,Wednesday,2024-01,56645.709999999985
S09,Frozen & Ready to Eat,Friday,2024-01,13627.48
S09,Frozen & Ready to Eat,Monday,2024-01,12654.769999999999
S09,Frozen & Ready to Eat,Saturday,2024-01,17557.030000000002
S09,Frozen & Ready to Eat,Sunday,2024-01,13818.619999999999
S09,Frozen & Ready to Eat,Thursday,2024-01,13014.699999999999
S09,Frozen & Ready to Eat,Tuesday,2024-01,20309.690000000002
S09,Frozen & Ready to Eat,Wednesday,2024-01,17498.89
S09,Fruits & Vegetables,Friday,2024-01,5975.919999999999
S09,Fruits & Vegetables,Monday,2024-01,6871.32
S09,Fruits & Vegetables,Saturday,2024-01,4839.589999999999
S09,Fruits & Vegetables,Sunday,2024-01,9480.320000000002
S09,Fruits & Vegetables,Thursday,2024-01,3400.2699999999995
S09,Fruits & Vegetables,Tuesday,2024-01,7736.599999999999
S09,Fruits & Vegetables,Wednesday,2024-01,6015.139999999999
S09,Home Care,Friday,2024-01,13566.32
S09,Home Care,Monday,2024-01,14068.319999999996
S09,Home Care,Saturday,2024-01,17478.18
S09,Home Care,Sunday,2024-01,14124.310000000003
S09,Home Care,Thursday,2024-01,11850.900000000001
S09,Home Care,Tuesday,2024-01,13560.679999999998
S09,Home Care,Wednesday,2024-01,18850.32
S09,Personal Care,Friday,2024-01,21736.370000000006
S09,Personal Care,Monday,2024-01,11955.840000000002
S09,Personal Care,Saturday,2024-01,25693.65
S09,Personal Care,Sunday,2024-01,24350.2
S09,Personal Care,Thursday,2024-01,14376.589999999998
S09,Personal Care,Tuesday,2024-01,14331.96
S09,Personal Care,Wednesday,2024-01,16210.5
S09,Spices & Masala,Friday,2024-01,10462.060000000001
S09,Spices & Masala,Monday,2024-01,5670.13
S09,Spices & Masala,Saturday,2024-01,18998.559999999998
S09,Spices & Masala,Sunday,2024-01,9456.559999999998
S09,Spices & Masala,Thursday,2024-01,12211.62
S09,Spices & Masala,Tuesday,2024-01,11073.339999999998
S09,Spices & Masala,Wednesday,2024-01,15928.459999999997
S09,Staples & Grains,Friday,2024-01,43203.77
S09,Staples & Grains,Monday,2024-01,42899.27
S09,Staples & Grains,Saturday,2024-01,75958.57999999999
S09,Staples & Grains,Sunday,2024-01,54360.509999999995
S09,Staples & Grains,Thursday,2024-01,46571.79
S09,Staples & Grains,Tuesday,2024-01,47392.01000000001
S09,Staples & Grains,Wednesday,2024-01,59986.75
S09,Stationery & General,Friday,2024-01,12953.490000000002
S09,Stationery & General,Monday,2024-01,9025.57
S09,Stationery & General,Saturday,2024-01,25641.160000000003
S09,Stationery & General,Sunday,2024-01,10785.62
S09,Stationery & General,Thursday,2024-01,11908.230000000003
S09,Stationery & General,Tuesday,2024-01,11101.15
S09,Stationery & General,Wednesday,2024-01,15334.339999999998
S09,UNKNOWN,Friday,2024-01,-3663.4199999999996
S09,UNKNOWN,Monday,2024-01,-2232.3999999999996
S09,UNKNOWN,Saturday,2024-01,-4053.3499999999995
S09,UNKNOWN,Sunday,2024-01,-1992.6900000000003
S09,UNKNOWN,Thursday,2024-01,-2041.36
S09,UNKNOWN,Tuesday,2024-01,-2264.0800000000004
S09,UNKNOWN,Wednesday,2024-01,-3940.19
S09,Baby Care,Friday,2024-02,51243.99
S09,Baby Care,Monday,2024-02,36076.16000000001
S09,Baby Care,Saturday,2024-02,76916.96
S09,Baby Care,Sunday,2024-02,40635.75
S09,Baby Care,Thursday,2024-02,45930.380000000005
S09,Baby Care,Tuesday,2024-02,33963.11
S09,Baby Care,Wednesday,2024-02,31525.460000000003
S09,Bakery,Friday,2024-02,5945.29
S09,Bakery,Monday,2024-02,5309.51
S09,Bakery,Saturday,2024-02,7221.79
S09,Bakery,Sunday,2024-02,7620.329999999999
S09,Bakery,Thursday,2024-02,8753.159999999998
S09,Bakery,Tuesday,2024-02,5892.02
S09,Bakery,Wednesday,2024-02,5437.070000000001
S09,Beverages,Friday,2024-02,17608.21
S09,Beverages,Monday,2024-02,12314.51
S09,Beverages,Saturday,2024-02,23566.199999999997
S09,Beverages,Sunday,2024-02,18473.700000000004
S09,Beverages,Thursday,2024-02,16866.89
S09,Beverages,Tuesday,2024-02,14381.170000000002
S09,Beverages,Wednesday,2024-02,8463.58
S09,Biscuits & Snacks,Friday,2024-02,5393.0
S09,Biscuits & Snacks,Monday,2024-02,2433.8100000000004
S09,Biscuits & Snacks,Saturday,2024-02,4085.2399999999993
S09,Biscuits & Snacks,Sunday,2024-02,5008.03
S09,Biscuits & Snacks,Thursday,2024-02,3754.359999999999
S09,Biscuits & Snacks,Tuesday,2024-02,4437.11
S09,Biscuits & Snacks,Wednesday,2024-02,3126.1299999999997
S09,Confectionery,Friday,2024-02,9085.71
S09,Confectionery,Monday,2024-02,4581.04
S09,Confectionery,Saturday,2024-02,9596.95
S09,Confectionery,Sunday,2024-02,8896.14
S09,Confectionery,Thursday,2024-02,9422.59
S09,Confectionery,Tuesday,2024-02,8688.01
S09,Confectionery,Wednesday,2024-02,9712.0
S09,Dairy,Friday,2024-02,24405.420000000013
S09,Dairy,Monday,2024-02,9134.88
S09,Dairy,Saturday,2024-02,30300.39
S09,Dairy,Sunday,2024-02,25954.31
S09,Dairy,Thursday,2024-02,20443.320000000007
S09,Dairy,Tuesday,2024-02,14033.930000000002
S09,Dairy,Wednesday,2024-02,14167.380000000001
S09,Edible Oils,Friday,2024-02,43148.35000000001
S09,Edible Oils,Monday,2024-02,24438.270000000004
S09,Edible Oils,Saturday,2024-02,61646.619999999995
S09,Edible Oils,Sunday,2024-02,48540.78
S09,Edible Oils,Thursday,2024-02,57552.090000000004
S09,Edible Oils,Tuesday,2024-02,17285.9
S09,Edible Oils,Wednesday,2024-02,33656.48
S09,Frozen & Ready to Eat,Friday,2024-02,16588.48
S09,Frozen & Ready to Eat,Monday,2024-02,15170.19
S09,Frozen & Ready to Eat,Saturday,2024-02,28095.750000000004
S09,Frozen & Ready to Eat,Sunday,2024-02,11019.369999999999
S09,Frozen & Ready to Eat,Thursday,2024-02,17462.86
S09,Frozen & Ready to Eat,Tuesday,2024-02,5445.2
S09,Frozen & Ready to Eat,Wednesday,2024-02,7422.409999999999
S09,Fruits & Vegetables,Friday,2024-02,9448.87
S09,Fruits & Vegetables,Monday,2024-02,4927.58
S09,Fruits & Vegetables,Saturday,2024-02,11586.71
S09,Fruits & Vegetables,Sunday,2024-02,6225.58
S09,Fruits & Vegetables,Thursday,2024-02,9194.68
S09,Fruits & Vegetables,Tuesday,2024-02,5912.59
S09,Fruits & Vegetables,Wednesday,2024-02,6830.2
S09,Home Care,Friday,2024-02,14697.719999999998
S09,Home Care,Monday,2024-02,6087.739999999999
S09,Home Care,Saturday,2024-02,24581.030000000006
S09,Home Care,Sunday,2024-02,12340.279999999999
S09,Home Care,Thursday,2024-02,18799.26
S09,Home Care,Tuesday,2024-02,8847.55
S09,Home Care,Wednesday,2024-02,10030.800000000001
S09,Personal Care,Friday,2024-02,37528.76
S09,Personal Care,Monday,2024-02,10378.22
S09,Personal Care,Saturday,2024-02,21287.769999999997
S09,Personal Care,Sunday,2024-02,24877.79
S09,Personal Care,Thursday,2024-02,16577.27
S09,Personal Care,Tuesday,2024-02,17796.019999999997
S09,Personal Care,Wednesday,2024-02,9131.5
S09,Spices & Masala,Friday,2024-02,10490.360000000002
S09,Spices & Masala,Monday,2024-02,6813.09
S09,Spices & Masala,Saturday,2024-02,12573.139999999998
S09,Spices & Masala,Sunday,2024-02,6921.279999999998
S09,Spices & Masala,Thursday,2024-02,5412.229999999999
S09,Spices & Masala,Tuesday,2024-02,8978.55
S09,Spices & Masala,Wednesday,2024-02,5370.299999999999
S09,Staples & Grains,Friday,2024-02,64351.60999999999
S09,Staples & Grains,Monday,2024-02,27614.320000000003
S09,Staples & Grains,Saturday,2024-02,72756.57999999999
S09,Staples & Grains,Sunday,2024-02,72220.85
S09,Staples & Grains,Thursday,2024-02,61116.65
S09,Staples & Grains,Tuesday,2024-02,27855.99
S09,Staples & Grains,Wednesday,2024-02,49158.92999999999
S09,Stationery & General,Friday,2024-02,14445.060000000001
S09,Stationery & General,Monday,2024-02,9496.019999999999
S09,Stationery & General,Saturday,2024-02,23650.070000000003
S09,Stationery & General,Sunday,2024-02,11234.11
S09,Stationery & General,Thursday,2024-02,4708.5
S09,Stationery & General,Tuesday,2024-02,15453.600000000002
S09,Stationery & General,Wednesday,2024-02,10714.190000000002
S09,UNKNOWN,Friday,2024-02,-3166.69
S09,UNKNOWN,Monday,2024-02,-3349.86
S09,UNKNOWN,Saturday,2024-02,-2039.34
S09,UNKNOWN,Sunday,2024-02,-2139.77
S09,UNKNOWN,Thursday,2024-02,-4243.37
S09,UNKNOWN,Tuesday,2024-02,-619.45
S09,UNKNOWN,Wednesday,2024-02,-2241.85
S09,Baby Care,Friday,2024-03,84476.05999999997
S09,Baby Care,Monday,2024-03,23102.78
S09,Baby Care,Saturday,2024-03,96065.86999999998
S09,Baby Care,Sunday,2024-03,92866.95999999999
S09,Baby Care,Thursday,2024-03,58574.060000000005
S09,Baby Care,Tuesday,2024-03,24564.31
S09,Baby Care,Wednesday,2024-03,63131.130000000005
S09,Bakery,Friday,2024-03,9348.899999999998
S09,Bakery,Monday,2024-03,5538.009999999999
S09,Bakery,Saturday,2024-03,14471.45
S09,Bakery,Sunday,2024-03,10268.589999999998
S09,Bakery,Thursday,2024-03,4912.849999999999
S09,Bakery,Tuesday,2024-03,4111.55
S09,Bakery,Wednesday,2024-03,4974.540000000001
S09,Beverages,Friday,2024-03,22578.01
S09,Beverages,Monday,2024-03,12701.07
S09,Beverages,Saturday,2024-03,19148.329999999998
S09,Beverages,Sunday,2024-03,20944.03
S09,Beverages,Thursday,2024-03,7171.920000000002
S09,Beverages,Tuesday,2024-03,11916.050000000001
S09,Beverages,Wednesday,2024-03,16970.030000000002
S09,Biscuits & Snacks,Friday,2024-03,5653.649999999999
S09,Biscuits & Snacks,Monday,2024-03,2364.45
S09,Biscuits & Snacks,Saturday,2024-03,9900.129999999997
S09,Biscuits & Snacks,Sunday,2024-03,7352.119999999999
S09,Biscuits & Snacks,Thursday,2024-03,4289.72
S09,Biscuits & Snacks,Tuesday,2024-03,2304.0199999999995
S09,Biscuits & Snacks,Wednesday,2024-03,4469.79
S09,Confectionery,Friday,2024-03,9500.22
S09,Confectionery,Monday,2024-03,7644.1
S09,Confectionery,Saturday,2024-03,16926.87
S09,Confectionery,Sunday,2024-03,11588.599999999997
S09,Confectionery,Thursday,2024-03,13475.319999999996
S09,Confectionery,Tuesday,2024-03,5692.65
S09,Confectionery,Wednesday,2024-03,8880.249999999998
S09,Dairy,Friday,2024-03,21497.260000000002
S09,Dairy,Monday,2024-03,10742.369999999999
S09,Dairy,Saturday,2024-03,33814.96000000001
S09,Dairy,Sunday,2024-03,46990.95
S09,Dairy,Thursday,2024-03,16618.100000000002
S09,Dairy,Tuesday,2024-03,15035.940000000002
S09,Dairy,Wednesday,2024-03,17211.39
S09,Edible Oils,Friday,2024-03,58226.11999999999
S09,Edible Oils,Monday,2024-03,22787.78
S09,Edible Oils,Saturday,2024-03,79538.15999999997
S09,Edible Oils,Sunday,2024-03,83474.18000000002
S09,Edible Oils,Thursday,2024-03,53190.54
S09,Edible Oils,Tuesday,2024-03,17706.77
S09,Edible Oils,Wednesday,2024-03,35114.57000000001
S09,Frozen & Ready to Eat,Friday,2024-03,26886.05000000001
S09,Frozen & Ready to Eat,Monday,2024-03,8138.23
S09,Frozen & Ready to Eat,Saturday,2024-03,34320.920000000006
S09,Frozen & Ready to Eat,Sunday,2024-03,34129.619999999995
S09,Frozen & Ready to Eat,Thursday,2024-03,12287.170000000002
S09,Frozen & Ready to Eat,Tuesday,2024-03,14632.220000000001
S09,Frozen & Ready to Eat,Wednesday,2024-03,11278.1
S09,Fruits & Vegetables,Friday,2024-03,7516.23
S09,Fruits & Vegetables,Monday,2024-03,5335.74
S09,Fruits & Vegetables,Saturday,2024-03,20617.150000000005
S09,Fruits & Vegetables,Sunday,2024-03,13489.850000000002
S09,Fruits & Vegetables,Thursday,2024-03,11670.599999999997
S09,Fruits & Vegetables,Tuesday,2024-03,6050.7
S09,Fruits & Vegetables,Wednesday,2024-03,6531.16
S09,Home Care,Friday,2024-03,14760.469999999998
S09,Home Care,Monday,2024-03,10262.349999999999
S09,Home Care,Saturday,2024-03,20834.320000000007
S09,Home Care,Sunday,2024-03,26349.940000000002
S09,Home Care,Thursday,2024-03,24533.3
S09,Home Care,Tuesday,2024-03,5302.120000000002
S09,Home Care,Wednesday,2024-03,14567.570000000002
S09,Personal Care,Friday,2024-03,30229.52
S09,Personal Care,Monday,2024-03,18828.500000000004
S09,Personal Care,Saturday,2024-03,37653.14000000001
S09,Personal Care,Sunday,2024-03,33503.1
S09,Personal Care,Thursday,2024-03,28978.149999999994
S09,Personal Care,Tuesday,2024-03,17289.7
S09,Personal Care,Wednesday,2024-03,17757.079999999998
S09,Spices & Masala,Friday,2024-03,17713.449999999997
S09,Spices & Masala,Monday,2024-03,9032.43
S09,Spices & Masala,Saturday,2024-03,18608.509999999995
S09,Spices & Masala,Sunday,2024-03,19649.870000000006
S09,Spices & Masala,Thursday,2024-03,12435.889999999998
S09,Spices & Masala,Tuesday,2024-03,10271.5
S09,Spices & Masala,Wednesday,2024-03,7796.320000000001
S09,Staples & Grains,Friday,2024-03,67441.76999999999
S09,Staples & Grains,Monday,2024-03,49574.40000000001
S09,Staples & Grains,Saturday,2024-03,97494.52999999998
S09,Staples & Grains,Sunday,2024-03,81942.75
S09,Staples & Grains,Thursday,2024-03,49886.94999999999
S09,Staples & Grains,Tuesday,2024-03,35227.810000000005
S09,Staples & Grains,Wednesday,2024-03,62376.34999999999
S09,Stationery & General,Friday,2024-03,13433.199999999997
S09,Stationery & General,Monday,2024-03,5790.55
S09,Stationery & General,Saturday,2024-03,25859.030000000006
S09,Stationery & General,Sunday,2024-03,28184.5
S09,Stationery & General,Thursday,2024-03,12898.370000000003
S09,Stationery & General,Tuesday,2024-03,5635.51
S09,Stationery & General,Wednesday,2024-03,11030.81
S09,UNKNOWN,Friday,2024-03,-4457.92
S09,UNKNOWN,Monday,2024-03,-714.0699999999999
S09,UNKNOWN,Saturday,2024-03,-5560.919999999999
S09,UNKNOWN,Sunday,2024-03,-4725.700000000001
S09,UNKNOWN,Thursday,2024-03,-2955.5799999999995
S09,UNKNOWN,Tuesday,2024-03,-1270.39
S09,UNKNOWN,Wednesday,2024-03,-2418.09
S09,Baby Care,Friday,2024-04,47627.560000000005
S09,Baby Care,Monday,2024-04,58808.59999999999
S09,Baby Care,Saturday,2024-04,64829.28
S09,Baby Care,Sunday,2024-04,76158.4
S09,Baby Care,Thursday,2024-04,53615.90999999999
S09,Baby Care,Tuesday,2024-04,53423.78
S09,Baby Care,Wednesday,2024-04,32049.110000000004
S09,Bakery,Friday,2024-04,7690.8099999999995
S09,Bakery,Monday,2024-04,9262.38
S09,Bakery,Saturday,2024-04,12032.500000000002
S09,Bakery,Sunday,2024-04,7906.83
S09,Bakery,Thursday,2024-04,8340.960000000001
S09,Bakery,Tuesday,2024-04,6618.69
S09,Bakery,Wednesday,2024-04,3150.6400000000003
S09,Beverages,Friday,2024-04,11688.97
S09,Beverages,Monday,2024-04,14984.95
S09,Beverages,Saturday,2024-04,18303.56
S09,Beverages,Sunday,2024-04,14185.709999999997
S09,Beverages,Thursday,2024-04,14994.82
S09,Beverages,Tuesday,2024-04,15152.89
S09,Beverages,Wednesday,2024-04,13869.380000000001
S09,Biscuits & Snacks,Friday,2024-04,3113.44
S09,Biscuits & Snacks,Monday,2024-04,4267.75
S09,Biscuits & Snacks,Saturday,2024-04,7618.039999999997
S09,Biscuits & Snacks,Sunday,2024-04,6293.969999999998
S09,Biscuits & Snacks,Thursday,2024-04,3602.7999999999997
S09,Biscuits & Snacks,Tuesday,2024-04,3431.9400000000005
S09,Biscuits & Snacks,Wednesday,2024-04,1961.3600000000001
S09,Confectionery,Friday,2024-04,9910.0
S09,Confectionery,Monday,2024-04,11177.689999999997
S09,Confectionery,Saturday,2024-04,11918.569999999998
S09,Confectionery,Sunday,2024-04,16343.529999999999
S09,Confectionery,Thursday,2024-04,8474.929999999998
S09,Confectionery,Tuesday,2024-04,8733.119999999999
S09,Confectionery,Wednesday,2024-04,5600.77
S09,Dairy,Friday,2024-04,18557.269999999997
S09,Dairy,Monday,2024-04,28960.510000000002
S09,Dairy,Saturday,2024-04,30849.9
S09,Dairy,Sunday,2024-04,34945.02
S09,Dairy,Thursday,2024-04,23455.590000000004
S09,Dairy,Tuesday,2024-04,25802.57
S09,Dairy,Wednesday,2024-04,8264.14
S09,Edible Oils,Friday,2024-04,39245.549999999996
S09,Edible Oils,Monday,2024-04,48497.06999999999
S09,Edible Oils,Saturday,2024-04,62734.34
S09,Edible Oils,Sunday,2024-04,52636.81999999999
S09,Edible Oils,Thursday,2024-04,49328.74
S09,Edible Oils,Tuesday,2024-04,27739.649999999998
S09,Edible Oils,Wednesday,2024-04,37543.08
S09,Frozen & Ready to Eat,Friday,2024-04,19063.37
S09,Frozen & Ready to Eat,Monday,2024-04,18454.32
S09,Frozen & Ready to Eat,Saturday,2024-04,21703.620000000003
S09,Frozen & Ready to Eat,Sunday,2024-04,28391.950000000004
S09,Frozen & Ready to Eat,Thursday,2024-04,16217.329999999998
S09,Frozen & Ready to Eat,Tuesday,2024-04,15280.249999999998
S09,Frozen & Ready to Eat,Wednesday,2024-04,12645.79
S09,Fruits & Vegetables,Friday,2024-04,7735.64
S09,Fruits & Vegetables,Monday,2024-04,8746.7
S09,Fruits & Vegetables,Saturday,2024-04,10668.980000000001
S09,Fruits & Vegetables,Sunday,2024-04,9023.83
S09,Fruits & Vegetables,Thursday,2024-04,5604.290000000001
S09,Fruits & Vegetables,Tuesday,2024-04,7047.95
S09,Fruits & Vegetables,Wednesday,2024-04,9693.609999999999
S09,Home Care,Friday,2024-04,14199.71
S09,Home Care,Monday,2024-04,13424.740000000002
S09,Home Care,Saturday,2024-04,25799.160000000007
S09,Home Care,Sunday,2024-04,14134.83
S09,Home Care,Thursday,2024-04,12073.480000000001
S09,Home Care,Tuesday,2024-04,9861.960000000001
S09,Home Care,Wednesday,2024-04,9995.650000000001
S09,Personal Care,Friday,2024-04,14119.179999999995
S09,Personal Care,Monday,2024-04,24194.29
S09,Personal Care,Saturday,2024-04,21099.36
S09,Personal Care,Sunday,2024-04,20024.64
S09,Personal Care,Thursday,2024-04,23303.390000000003
S09,Personal Care,Tuesday,2024-04,11887.840000000002
S09,Personal Care,Wednesday,2024-04,12382.060000000001
S09,Spices & Masala,Friday,2024-04,8907.949999999997
S09,Spices & Masala,Monday,2024-04,7630.039999999999
S09,Spices & Masala,Saturday,2024-04,15793.869999999995
S09,Spices & Masala,Sunday,2024-04,9776.770000000002
S09,Spices & Masala,Thursday,2024-04,10621.630000000001
S09,Spices & Masala,Tuesday,2024-04,10604.900000000001
S09,Spices & Masala,Wednesday,2024-04,10003.539999999999
S09,Staples & Grains,Friday,2024-04,37847.369999999995
S09,Staples & Grains,Monday,2024-04,72212.9
S09,Staples & Grains,Saturday,2024-04,81692.62000000001
S09,Staples & Grains,Sunday,2024-04,76772.75
S09,Staples & Grains,Thursday,2024-04,60701.960000000014
S09,Staples & Grains,Tuesday,2024-04,43301.689999999995
S09,Staples & Grains,Wednesday,2024-04,46414.53
S09,Stationery & General,Friday,2024-04,9349.340000000002
S09,Stationery & General,Monday,2024-04,11143.19
S09,Stationery & General,Saturday,2024-04,16903.72
S09,Stationery & General,Sunday,2024-04,22449.660000000003
S09,Stationery & General,Thursday,2024-04,10589.709999999995
S09,Stationery & General,Tuesday,2024-04,12728.29
S09,Stationery & General,Wednesday,2024-04,5896.17
S09,UNKNOWN,Friday,2024-04,-2816.5699999999997
S09,UNKNOWN,Monday,2024-04,-1699.04
S09,UNKNOWN,Saturday,2024-04,-4941.68
S09,UNKNOWN,Sunday,2024-04,-4465.530000000001
S09,UNKNOWN,Thursday,2024-04,-2874.4300000000003
S09,UNKNOWN,Tuesday,2024-04,-2286.1499999999996
S09,UNKNOWN,Wednesday,2024-04,-1371.6799999999998
S09,Baby Care,Friday,2024-05,53496.100000000006
S09,Baby Care,Monday,2024-05,38847.56
S09,Baby Care,Saturday,2024-05,85615.51000000001
S09,Baby Care,Sunday,2024-05,54280.48999999998
S09,Baby Care,Thursday,2024-05,67810.37
S09,Baby Care,Tuesday,2024-05,37414.29
S09,Baby Care,Wednesday,2024-05,60595.42999999999
S09,Bakery,Friday,2024-05,7134.01
S09,Bakery,Monday,2024-05,6070.83
S09,Bakery,Saturday,2024-05,11361.619999999995
S09,Bakery,Sunday,2024-05,10197.089999999997
S09,Bakery,Thursday,2024-05,8728.22
S09,Bakery,Tuesday,2024-05,6507.759999999999
S09,Bakery,Wednesday,2024-05,8952.23
S09,Beverages,Friday,2024-05,14521.349999999999
S09,Beverages,Monday,2024-05,8450.05
S09,Beverages,Saturday,2024-05,24925.03000000001
S09,Beverages,Sunday,2024-05,19493.19
S09,Beverages,Thursday,2024-05,18705.46
S09,Beverages,Tuesday,2024-05,17832.04
S09,Beverages,Wednesday,2024-05,14495.180000000002
S09,Biscuits & Snacks,Friday,2024-05,3512.0600000000004
S09,Biscuits & Snacks,Monday,2024-05,2946.48
S09,Biscuits & Snacks,Saturday,2024-05,6344.86
S09,Biscuits & Snacks,Sunday,2024-05,5900.119999999999
S09,Biscuits & Snacks,Thursday,2024-05,6273.599999999999
S09,Biscuits & Snacks,Tuesday,2024-05,4727.620000000001
S09,Biscuits & Snacks,Wednesday,2024-05,5248.88
S09,Confectionery,Friday,2024-05,12752.579999999998
S09,Confectionery,Monday,2024-05,7019.410000000002
S09,Confectionery,Saturday,2024-05,13840.449999999999
S09,Confectionery,Sunday,2024-05,17487.18
S09,Confectionery,Thursday,2024-05,8713.439999999999
S09,Confectionery,Tuesday,2024-05,9426.470000000001
S09,Confectionery,Wednesday,2024-05,12407.8
S09,Dairy,Friday,2024-05,30712.22
S09,Dairy,Monday,2024-05,7743.92
S09,Dairy,Saturday,2024-05,27592.359999999997
S09,Dairy,Sunday,2024-05,31307.629999999994
S09,Dairy,Thursday,2024-05,37635.909999999996
S09,Dairy,Tuesday,2024-05,29673.409999999996
S09,Dairy,Wednesday,2024-05,20770.11
S09,Edible Oils,Friday,2024-05,68375.86999999998
S09,Edible Oils,Monday,2024-05,47742.549999999996
S09,Edible Oils,Saturday,2024-05,47174.27999999999
S09,Edible Oils,Sunday,2024-05,52772.999999999985
S09,Edible Oils,Thursday,2024-05,37411.5
S09,Edible Oils,Tuesday,2024-05,31857.36
S09,Edible Oils,Wednesday,2024-05,52323.12999999999
S09,Frozen & Ready to Eat,Friday,2024-05,16408.550000000003
S09,Frozen & Ready to Eat,Monday,2024-05,12561.330000000002
S09,Frozen & Ready to Eat,Saturday,2024-05,27950.880000000005
S09,Frozen & Ready to Eat,Sunday,2024-05,29672.579999999994
S09,Frozen & Ready to Eat,Thursday,2024-05,24291.950000000004
S09,Frozen & Ready to Eat,Tuesday,2024-05,15798.940000000002
S09,Frozen & Ready to Eat,Wednesday,2024-05,16812.419999999995
S09,Fruits & Vegetables,Friday,2024-05,8154.1
S09,Fruits & Vegetables,Monday,2024-05,4914.92
S09,Fruits & Vegetables,Saturday,2024-05,11551.249999999996
S09,Fruits & Vegetables,Sunday,2024-05,13592.730000000005
S09,Fruits & Vegetables,Thursday,2024-05,11211.880000000001
S09,Fruits & Vegetables,Tuesday,2024-05,5768.5
S09,Fruits & Vegetables,Wednesday,2024-05,8895.950000000003
S09,Home Care,Friday,2024-05,21760.020000000004
S09,Home Care,Monday,2024-05,15020.139999999996
S09,Home Care,Saturday,2024-05,25212.579999999994
S09,Home Care,Sunday,2024-05,28583.729999999996
S09,Home Care,Thursday,2024-05,18052.36
S09,Home Care,Tuesday,2024-05,14017.52
S09,Home Care,Wednesday,2024-05,16615.980000000003
S09,Personal Care,Friday,2024-05,30352.299999999996
S09,Personal Care,Monday,2024-05,15902.55
S09,Personal Care,Saturday,2024-05,35064.23
S09,Personal Care,Sunday,2024-05,26617.11
S09,Personal Care,Thursday,2024-05,17518.570000000003
S09,Personal Care,Tuesday,2024-05,21963.52
S09,Personal Care,Wednesday,2024-05,23774.050000000007
S09,Spices & Masala,Friday,2024-05,12923.59
S09,Spices & Masala,Monday,2024-05,10382.909999999998
S09,Spices & Masala,Saturday,2024-05,11868.149999999998
S09,Spices & Masala,Sunday,2024-05,15123.230000000005
S09,Spices & Masala,Thursday,2024-05,9388.660000000003
S09,Spices & Masala,Tuesday,2024-05,12352.54
S09,Spices & Masala,Wednesday,2024-05,16370.920000000002
S09,Staples & Grains,Friday,2024-05,59864.69000000001
S09,Staples & Grains,Monday,2024-05,51729.47999999999
S09,Staples & Grains,Saturday,2024-05,84517.49000000002
S09,Staples & Grains,Sunday,2024-05,79146.48
S09,Staples & Grains,Thursday,2024-05,73561.98
S09,Staples & Grains,Tuesday,2024-05,49633.31
S09,Staples & Grains,Wednesday,2024-05,65684.59999999999
S09,Stationery & General,Friday,2024-05,13742.12
S09,Stationery & General,Monday,2024-05,10660.65
S09,Stationery & General,Saturday,2024-05,20204.329999999998
S09,Stationery & General,Sunday,2024-05,16408.979999999996
S09,Stationery & General,Thursday,2024-05,16890.690000000006
S09,Stationery & General,Tuesday,2024-05,9397.97
S09,Stationery & General,Wednesday,2024-05,21041.53
S09,UNKNOWN,Friday,2024-05,-1576.7500000000002
S09,UNKNOWN,Monday,2024-05,-2473.71
S09,UNKNOWN,Saturday,2024-05,-2823.02
S09,UNKNOWN,Sunday,2024-05,-4551.400000000001
S09,UNKNOWN,Thursday,2024-05,-938.1700000000001
S09,UNKNOWN,Tuesday,2024-05,-3952.3099999999995
S09,UNKNOWN,Wednesday,2024-05,-2290.6400000000003
S09,Baby Care,Friday,2024-06,49962.04
S09,Baby Care,Monday,2024-06,24305.590000000004
S09,Baby Care,Saturday,2024-06,69025.39999999998
S09,Baby Care,Sunday,2024-06,75885.04
S09,Baby Care,Thursday,2024-06,28179.52
S09,Baby Care,Tuesday,2024-06,39191.630000000005
S09,Baby Care,Wednesday,2024-06,49861.30999999999
S09,Bakery,Friday,2024-06,8095.369999999999
S09,Bakery,Monday,2024-06,3963.45
S09,Bakery,Saturday,2024-06,10205.820000000003
S09,Bakery,Sunday,2024-06,7451.110000000002
S09,Bakery,Thursday,2024-06,3967.729999999999
S09,Bakery,Tuesday,2024-06,5983.3200000000015
S09,Bakery,Wednesday,2024-06,6204.7300000000005
S09,Beverages,Friday,2024-06,10011.52
S09,Beverages,Monday,2024-06,14928.0
S09,Beverages,Saturday,2024-06,16914.68
S09,Beverages,Sunday,2024-06,15038.83
S09,Beverages,Thursday,2024-06,11715.189999999999
S09,Beverages,Tuesday,2024-06,14167.34
S09,Beverages,Wednesday,2024-06,20042.219999999998
S09,Biscuits & Snacks,Friday,2024-06,3681.989999999999
S09,Biscuits & Snacks,Monday,2024-06,3544.3399999999997
S09,Biscuits & Snacks,Saturday,2024-06,5170.019999999999
S09,Biscuits & Snacks,Sunday,2024-06,5596.700000000001
S09,Biscuits & Snacks,Thursday,2024-06,2714.0899999999997
S09,Biscuits & Snacks,Tuesday,2024-06,3314.5200000000004
S09,Biscuits & Snacks,Wednesday,2024-06,2614.2200000000003
S09,Confectionery,Friday,2024-06,6485.599999999999
S09,Confectionery,Monday,2024-06,6165.38
S09,Confectionery,Saturday,2024-06,12434.729999999998
S09,Confectionery,Sunday,2024-06,16327.180000000002
S09,Confectionery,Thursday,2024-06,10431.720000000001
S09,Confectionery,Tuesday,2024-06,7447.429999999999
S09,Confectionery,Wednesday,2024-06,10440.33
S09,Dairy,Friday,2024-06,20946.41
S09,Dairy,Monday,2024-06,13271.66
S09,Dairy,Saturday,2024-06,34747.1
S09,Dairy,Sunday,2024-06,37389.77000000001
S09,Dairy,Thursday,2024-06,15666.199999999999
S09,Dairy,Tuesday,2024-06,10922.980000000003
S09,Dairy,Wednesday,2024-06,24594.69
S09,Edible Oils,Friday,2024-06,39306.92
S09,Edible Oils,Monday,2024-06,31448.730000000007
S09,Edible Oils,Saturday,2024-06,81835.19
S09,Edible Oils,Sunday,2024-06,68258.60999999999
S09,Edible Oils,Thursday,2024-06,32975.21
S09,Edible Oils,Tuesday,2024-06,23301.749999999996
S09,Edible Oils,Wednesday,2024-06,47188.310000000005
S09,Frozen & Ready to Eat,Friday,2024-06,18002.000000000004
S09,Frozen & Ready to Eat,Monday,2024-06,10769.289999999999
S09,Frozen & Ready to Eat,Saturday,2024-06,18394.76
S09,Frozen & Ready to Eat,Sunday,2024-06,23318.18
S09,Frozen & Ready to Eat,Thursday,2024-06,16669.260000000002
S09,Frozen & Ready to Eat,Tuesday,2024-06,16666.920000000002
S09,Frozen & Ready to Eat,Wednesday,2024-06,17656.589999999997
S09,Fruits & Vegetables,Friday,2024-06,7202.839999999998
S09,Fruits & Vegetables,Monday,2024-06,6529.360000000001
S09,Fruits & Vegetables,Saturday,2024-06,8779.65
S09,Fruits & Vegetables,Sunday,2024-06,9704.369999999999
S09,Fruits & Vegetables,Thursday,2024-06,5286.849999999999
S09,Fruits & Vegetables,Tuesday,2024-06,6073.5599999999995
S09,Fruits & Vegetables,Wednesday,2024-06,6184.460000000001
S09,Home Care,Friday,2024-06,11562.670000000002
S09,Home Care,Monday,2024-06,12722.01
S09,Home Care,Saturday,2024-06,20401.500000000004
S09,Home Care,Sunday,2024-06,12991.380000000001
S09,Home Care,Thursday,2024-06,14288.139999999998
S09,Home Care,Tuesday,2024-06,15303.080000000002
S09,Home Care,Wednesday,2024-06,15933.019999999997
S09,Personal Care,Friday,2024-06,19510.920000000002
S09,Personal Care,Monday,2024-06,15910.03
S09,Personal Care,Saturday,2024-06,16737.74
S09,Personal Care,Sunday,2024-06,31089.120000000003
S09,Personal Care,Thursday,2024-06,10079.960000000001
S09,Personal Care,Tuesday,2024-06,20534.639999999996
S09,Personal Care,Wednesday,2024-06,29637.77
S09,Spices & Masala,Friday,2024-06,6231.14
S09,Spices & Masala,Monday,2024-06,11235.589999999998
S09,Spices & Masala,Saturday,2024-06,17364.789999999994
S09,Spices & Masala,Sunday,2024-06,10805.03
S09,Spices & Masala,Thursday,2024-06,7291.679999999999
S09,Spices & Masala,Tuesday,2024-06,7243.68
S09,Spices & Masala,Wednesday,2024-06,5912.16
S09,Staples & Grains,Friday,2024-06,55465.61
S09,Staples & Grains,Monday,2024-06,28733.530000000006
S09,Staples & Grains,Saturday,2024-06,79226.04
S09,Staples & Grains,Sunday,2024-06,58384.85000000001
S09,Staples & Grains,Thursday,2024-06,51796.61
S09,Staples & Grains,Tuesday,2024-06,42342.00000000001
S09,Staples & Grains,Wednesday,2024-06,48046.100000000006
S09,Stationery & General,Friday,2024-06,8873.29
S09,Stationery & General,Monday,2024-06,10840.359999999999
S09,Stationery & General,Saturday,2024-06,18611.1
S09,Stationery & General,Sunday,2024-06,23494.330000000013
S09,Stationery & General,Thursday,2024-06,13201.570000000002
S09,Stationery & General,Tuesday,2024-06,8288.6
S09,Stationery & General,Wednesday,2024-06,15407.2
S09,UNKNOWN,Friday,2024-06,-2728.73
S09,UNKNOWN,Monday,2024-06,-1352.11
S09,UNKNOWN,Saturday,2024-06,-5086.629999999999
S09,UNKNOWN,Sunday,2024-06,-2731.9
S09,UNKNOWN,Thursday,2024-06,-3090.75
S09,UNKNOWN,Tuesday,2024-06,-2596.9300000000003
S09,UNKNOWN,Wednesday,2024-06,-2082.48
S09,Baby Care,Friday,2024-07,51935.969999999994
S09,Baby Care,Monday,2024-07,22593.890000000003
S09,Baby Care,Saturday,2024-07,93117.95
S09,Baby Care,Sunday,2024-07,58787.36999999999
S09,Baby Care,Thursday,2024-07,49371.490000000005
S09,Baby Care,Tuesday,2024-07,40859.05
S09,Baby Care,Wednesday,2024-07,39522.19
S09,Bakery,Friday,2024-07,6437.28
S09,Bakery,Monday,2024-07,7320.7699999999995
S09,Bakery,Saturday,2024-07,10323.009999999997
S09,Bakery,Sunday,2024-07,5157.83
S09,Bakery,Thursday,2024-07,7013.279999999999
S09,Bakery,Tuesday,2024-07,5790.910000000001
S09,Bakery,Wednesday,2024-07,5536.93
S09,Beverages,Friday,2024-07,12869.860000000002
S09,Beverages,Monday,2024-07,16616.450000000004
S09,Beverages,Saturday,2024-07,24396.840000000007
S09,Beverages,Sunday,2024-07,11737.289999999995
S09,Beverages,Thursday,2024-07,8503.49
S09,Beverages,Tuesday,2024-07,14748.590000000002
S09,Beverages,Wednesday,2024-07,14747.34
S09,Biscuits & Snacks,Friday,2024-07,5455.699999999999
S09,Biscuits & Snacks,Monday,2024-07,3032.22
S09,Biscuits & Snacks,Saturday,2024-07,7061.719999999998
S09,Biscuits & Snacks,Sunday,2024-07,4045.39
S09,Biscuits & Snacks,Thursday,2024-07,3943.4199999999996
S09,Biscuits & Snacks,Tuesday,2024-07,3398.7
S09,Biscuits & Snacks,Wednesday,2024-07,5855.6399999999985
S09,Confectionery,Friday,2024-07,13044.9
S09,Confectionery,Monday,2024-07,9015.91
S09,Confectionery,Saturday,2024-07,14643.589999999998
S09,Confectionery,Sunday,2024-07,11490.140000000001
S09,Confectionery,Thursday,2024-07,6842.29
S09,Confectionery,Tuesday,2024-07,10894.89
S09,Confectionery,Wednesday,2024-07,9270.210000000001
S09,Dairy,Friday,2024-07,18109.319999999996
S09,Dairy,Monday,2024-07,21662.890000000003
S09,Dairy,Saturday,2024-07,33091.25
S09,Dairy,Sunday,2024-07,27085.08
S09,Dairy,Thursday,2024-07,21099.73
S09,Dairy,Tuesday,2024-07,25190.95
S09,Dairy,Wednesday,2024-07,26740.999999999993
S09,Edible Oils,Friday,2024-07,38817.520000000004
S09,Edible Oils,Monday,2024-07,45679.17999999999
S09,Edible Oils,Saturday,2024-07,98996.00999999997
S09,Edible Oils,Sunday,2024-07,43955.450000000004
S09,Edible Oils,Thursday,2024-07,33504.159999999996
S09,Edible Oils,Tuesday,2024-07,36393.79000000001
S09,Edible Oils,Wednesday,2024-07,54572.30000000002
S09,Frozen & Ready to Eat,Friday,2024-07,14729.140000000001
S09,Frozen & Ready to Eat,Monday,2024-07,15526.210000000001
S09,Frozen & Ready to Eat,Saturday,2024-07,26219.309999999998
S09,Frozen & Ready to Eat,Sunday,2024-07,11714.500000000002
S09,Frozen & Ready to Eat,Thursday,2024-07,12954.939999999999
S09,Frozen & Ready to Eat,Tuesday,2024-07,13913.479999999996
S09,Frozen & Ready to Eat,Wednesday,2024-07,16839.819999999996
S09,Fruits & Vegetables,Friday,2024-07,6994.969999999999
S09,Fruits & Vegetables,Monday,2024-07,11318.230000000001
S09,Fruits & Vegetables,Saturday,2024-07,13837.28
S09,Fruits & Vegetables,Sunday,2024-07,7070.47
S09,Fruits & Vegetables,Thursday,2024-07,4783.93
S09,Fruits & Vegetables,Tuesday,2024-07,6543.670000000001
S09,Fruits & Vegetables,Wednesday,2024-07,10170.92
S09,Home Care,Friday,2024-07,17480.31
S09,Home Care,Monday,2024-07,16633.14
S09,Home Care,Saturday,2024-07,35904.67999999999
S09,Home Care,Sunday,2024-07,13215.560000000001
S09,Home Care,Thursday,2024-07,15486.12
S09,Home Care,Tuesday,2024-07,9557.099999999999
S09,Home Care,Wednesday,2024-07,17731.76
S09,Personal Care,Friday,2024-07,20198.730000000003
S09,Personal Care,Monday,2024-07,23012.569999999996
S09,Personal Care,Saturday,2024-07,42490.039999999986
S09,Personal Care,Sunday,2024-07,7406.770000000001
S09,Personal Care,Thursday,2024-07,12951.240000000002
S09,Personal Care,Tuesday,2024-07,16814.190000000002
S09,Personal Care,Wednesday,2024-07,20989.69
S09,Spices & Masala,Friday,2024-07,7579.260000000001
S09,Spices & Masala,Monday,2024-07,8548.0
S09,Spices & Masala,Saturday,2024-07,24505.300000000003
S09,Spices & Masala,Sunday,2024-07,12609.06
S09,Spices & Masala,Thursday,2024-07,7520.170000000001
S09,Spices & Masala,Tuesday,2024-07,10382.6
S09,Spices & Masala,Wednesday,2024-07,8334.789999999999
S09,Staples & Grains,Friday,2024-07,62125.729999999996
S09,Staples & Grains,Monday,2024-07,64591.770000000004
S09,Staples & Grains,Saturday,2024-07,81841.44999999997
S09,Staples & Grains,Sunday,2024-07,69464.25
S09,Staples & Grains,Thursday,2024-07,26259.96
S09,Staples & Grains,Tuesday,2024-07,68981.39
S09,Staples & Grains,Wednesday,2024-07,53843.2
S09,Stationery & General,Friday,2024-07,30474.100000000002
S09,Stationery & General,Monday,2024-07,14947.719999999998
S09,Stationery & General,Saturday,2024-07,14898.760000000004
S09,Stationery & General,Sunday,2024-07,13917.390000000003
S09,Stationery & General,Thursday,2024-07,16014.519999999999
S09,Stationery & General,Tuesday,2024-07,17217.829999999998
S09,Stationery & General,Wednesday,2024-07,10217.68
S09,UNKNOWN,Friday,2024-07,-3663.24
S09,UNKNOWN,Monday,2024-07,-1909.4199999999998
S09,UNKNOWN,Saturday,2024-07,-6040.039999999999
S09,UNKNOWN,Sunday,2024-07,-4843.02
S09,UNKNOWN,Thursday,2024-07,-1743.87
S09,UNKNOWN,Tuesday,2024-07,-2969.6899999999996
S09,UNKNOWN,Wednesday,2024-07,-1284.05
S09,Baby Care,Friday,2024-08,144185.05
S09,Baby Care,Monday,2024-08,33775.54
S09,Baby Care,Saturday,2024-08,65243.159999999996
S09,Baby Care,Sunday,2024-08,80656.42000000001
S09,Baby Care,Thursday,2024-08,44371.37999999997
S09,Baby Care,Tuesday,2024-08,69355.96999999999
S09,Baby Care,Wednesday,2024-08,36360.810000000005
S09,Bakery,Friday,2024-08,12688.229999999998
S09,Bakery,Monday,2024-08,6416.139999999999
S09,Bakery,Saturday,2024-08,16857.020000000004
S09,Bakery,Sunday,2024-08,10077.900000000001
S09,Bakery,Thursday,2024-08,9459.289999999999
S09,Bakery,Tuesday,2024-08,7471.02
S09,Bakery,Wednesday,2024-08,7749.26
S09,Beverages,Friday,2024-08,21859.540000000008
S09,Beverages,Monday,2024-08,22060.130000000005
S09,Beverages,Saturday,2024-08,34971.9
S09,Beverages,Sunday,2024-08,27783.979999999996
S09,Beverages,Thursday,2024-08,16263.399999999998
S09,Beverages,Tuesday,2024-08,13826.850000000004
S09,Beverages,Wednesday,2024-08,12387.66
S09,Biscuits & Snacks,Friday,2024-08,8188.890000000001
S09,Biscuits & Snacks,Monday,2024-08,3443.8700000000003
S09,Biscuits & Snacks,Saturday,2024-08,5617.139999999999
S09,Biscuits & Snacks,Sunday,2024-08,6357.869999999996
S09,Biscuits & Snacks,Thursday,2024-08,5248.21
S09,Biscuits & Snacks,Tuesday,2024-08,4745.489999999999
S09,Biscuits & Snacks,Wednesday,2024-08,4631.049999999999
S09,Confectionery,Friday,2024-08,10443.95
S09,Confectionery,Monday,2024-08,8911.009999999998
S09,Confectionery,Saturday,2024-08,19659.799999999992
S09,Confectionery,Sunday,2024-08,16800.0
S09,Confectionery,Thursday,2024-08,11757.339999999998
S09,Confectionery,Tuesday,2024-08,7516.13
S09,Confectionery,Wednesday,2024-08,7205.94
S09,Dairy,Friday,2024-08,49762.88
S09,Dairy,Monday,2024-08,34256.51
S09,Dairy,Saturday,2024-08,38173.93999999999
S09,Dairy,Sunday,2024-08,40124.29000000001
S09,Dairy,Thursday,2024-08,19444.539999999997
S09,Dairy,Tuesday,2024-08,11168.6
S09,Dairy,Wednesday,2024-08,15830.89
S09,Edible Oils,Friday,2024-08,76672.56999999998
S09,Edible Oils,Monday,2024-08,34966.82
S09,Edible Oils,Saturday,2024-08,88719.63999999996
S09,Edible Oils,Sunday,2024-08,67663.26999999997
S09,Edible Oils,Thursday,2024-08,59417.74
S09,Edible Oils,Tuesday,2024-08,30368.1
S09,Edible Oils,Wednesday,2024-08,33564.310000000005
S09,Frozen & Ready to Eat,Friday,2024-08,36171.43999999999
S09,Frozen & Ready to Eat,Monday,2024-08,14285.319999999992
S09,Frozen & Ready to Eat,Saturday,2024-08,27782.2
S09,Frozen & Ready to Eat,Sunday,2024-08,26455.680000000008
S09,Frozen & Ready to Eat,Thursday,2024-08,11868.450000000003
S09,Frozen & Ready to Eat,Tuesday,2024-08,11553.869999999999
S09,Frozen & Ready to Eat,Wednesday,2024-08,15984.390000000005
S09,Fruits & Vegetables,Friday,2024-08,13469.43
S09,Fruits & Vegetables,Monday,2024-08,8007.909999999999
S09,Fruits & Vegetables,Saturday,2024-08,16567.710000000003
S09,Fruits & Vegetables,Sunday,2024-08,15408.150000000001
S09,Fruits & Vegetables,Thursday,2024-08,8864.55
S09,Fruits & Vegetables,Tuesday,2024-08,6249.67
S09,Fruits & Vegetables,Wednesday,2024-08,6412.260000000001
S09,Home Care,Friday,2024-08,25115.180000000004
S09,Home Care,Monday,2024-08,7720.5199999999995
S09,Home Care,Saturday,2024-08,29490.549999999996
S09,Home Care,Sunday,2024-08,26879.270000000004
S09,Home Care,Thursday,2024-08,12156.199999999997
S09,Home Care,Tuesday,2024-08,16741.609999999997
S09,Home Care,Wednesday,2024-08,4632.5199999999995
S09,Personal Care,Friday,2024-08,28069.029999999995
S09,Personal Care,Monday,2024-08,16927.16
S09,Personal Care,Saturday,2024-08,37252.060000000005
S09,Personal Care,Sunday,2024-08,23728.760000000002
S09,Personal Care,Thursday,2024-08,14337.38
S09,Personal Care,Tuesday,2024-08,19329.67
S09,Personal Care,Wednesday,2024-08,17293.920000000002
S09,Spices & Masala,Friday,2024-08,13463.42
S09,Spices & Masala,Monday,2024-08,13103.19
S09,Spices & Masala,Saturday,2024-08,22548.38
S09,Spices & Masala,Sunday,2024-08,12928.909999999998
S09,Spices & Masala,Thursday,2024-08,8668.56
S09,Spices & Masala,Tuesday,2024-08,9169.02
S09,Spices & Masala,Wednesday,2024-08,10012.72
S09,Staples & Grains,Friday,2024-08,67386.47
S09,Staples & Grains,Monday,2024-08,55913.89000000001
S09,Staples & Grains,Saturday,2024-08,119357.24000000003
S09,Staples & Grains,Sunday,2024-08,77868.21999999999
S09,Staples & Grains,Thursday,2024-08,63626.119999999995
S09,Staples & Grains,Tuesday,2024-08,72840.59000000001
S09,Staples & Grains,Wednesday,2024-08,56051.369999999995
S09,Stationery & General,Friday,2024-08,27222.82
S09,Stationery & General,Monday,2024-08,16935.16
S09,Stationery & General,Saturday,2024-08,32746.609999999997
S09,Stationery & General,Sunday,2024-08,26472.390000000003
S09,Stationery & General,Thursday,2024-08,15180.98
S09,Stationery & General,Tuesday,2024-08,10378.75
S09,Stationery & General,Wednesday,2024-08,19791.96
S09,UNKNOWN,Friday,2024-08,-4401.8600000000015
S09,UNKNOWN,Monday,2024-08,-2492.7499999999995
S09,UNKNOWN,Saturday,2024-08,-4163.540000000001
S09,UNKNOWN,Sunday,2024-08,-7056.420000000001
S09,UNKNOWN,Thursday,2024-08,-2727.2900000000004
S09,UNKNOWN,Tuesday,2024-08,-1839.18
S09,UNKNOWN,Wednesday,2024-08,-3495.29
S09,Baby Care,Friday,2024-09,40488.61000000001
S09,Baby Care,Monday,2024-09,49220.48999999999
S09,Baby Care,Saturday,2024-09,89296.17999999995
S09,Baby Care,Sunday,2024-09,95481.32
S09,Baby Care,Thursday,2024-09,42387.909999999996
S09,Baby Care,Tuesday,2024-09,36016.08000000001
S09,Baby Care,Wednesday,2024-09,25107.230000000003
S09,Bakery,Friday,2024-09,9822.68
S09,Bakery,Monday,2024-09,6397.009999999999
S09,Bakery,Saturday,2024-09,9186.99
S09,Bakery,Sunday,2024-09,16332.379999999994
S09,Bakery,Thursday,2024-09,4857.989999999999
S09,Bakery,Tuesday,2024-09,7117.28
S09,Bakery,Wednesday,2024-09,7660.4900000000025
S09,Beverages,Friday,2024-09,18119.629999999997
S09,Beverages,Monday,2024-09,15220.890000000001
S09,Beverages,Saturday,2024-09,18709.09999999999
S09,Beverages,Sunday,2024-09,23184.2
S09,Beverages,Thursday,2024-09,14327.65
S09,Beverages,Tuesday,2024-09,21321.46
S09,Beverages,Wednesday,2024-09,15624.710000000001
S09,Biscuits & Snacks,Friday,2024-09,4329.0
S09,Biscuits & Snacks,Monday,2024-09,3596.37
S09,Biscuits & Snacks,Saturday,2024-09,7811.34
S09,Biscuits & Snacks,Sunday,2024-09,7298.950000000001
S09,Biscuits & Snacks,Thursday,2024-09,4320.969999999999
S09,Biscuits & Snacks,Tuesday,2024-09,3684.7299999999996
S09,Biscuits & Snacks,Wednesday,2024-09,4122.0199999999995
S09,Confectionery,Friday,2024-09,13417.349999999999
S09,Confectionery,Monday,2024-09,12715.499999999998
S09,Confectionery,Saturday,2024-09,14928.820000000005
S09,Confectionery,Sunday,2024-09,18125.909999999996
S09,Confectionery,Thursday,2024-09,10489.419999999995
S09,Confectionery,Tuesday,2024-09,8440.61
S09,Confectionery,Wednesday,2024-09,9385.670000000002
S09,Dairy,Friday,2024-09,22189.150000000005
S09,Dairy,Monday,2024-09,16613.420000000002
S09,Dairy,Saturday,2024-09,42296.33
S09,Dairy,Sunday,2024-09,43973.600000000006
S09,Dairy,Thursday,2024-09,19504.619999999995
S09,Dairy,Tuesday,2024-09,17453.840000000004
S09,Dairy,Wednesday,2024-09,21010.170000000002
S09,Edible Oils,Friday,2024-09,41196.880000000005
S09,Edible Oils,Monday,2024-09,36572.55
S09,Edible Oils,Saturday,2024-09,65065.04000000001
S09,Edible Oils,Sunday,2024-09,78961.27999999997
S09,Edible Oils,Thursday,2024-09,44273.47
S09,Edible Oils,Tuesday,2024-09,34240.71000000001
S09,Edible Oils,Wednesday,2024-09,35409.549999999996
S09,Frozen & Ready to Eat,Friday,2024-09,17583.239999999998
S09,Frozen & Ready to Eat,Monday,2024-09,16120.049999999997
S09,Frozen & Ready to Eat,Saturday,2024-09,39211.439999999995
S09,Frozen & Ready to Eat,Sunday,2024-09,26698.510000000006
S09,Frozen & Ready to Eat,Thursday,2024-09,8797.550000000001
S09,Frozen & Ready to Eat,Tuesday,2024-09,13005.070000000002
S09,Frozen & Ready to Eat,Wednesday,2024-09,15411.5
S09,Fruits & Vegetables,Friday,2024-09,8005.029999999999
S09,Fruits & Vegetables,Monday,2024-09,12190.07
S09,Fruits & Vegetables,Saturday,2024-09,13684.040000000003
S09,Fruits & Vegetables,Sunday,2024-09,13464.890000000003
S09,Fruits & Vegetables,Thursday,2024-09,7420.4800000000005
S09,Fruits & Vegetables,Tuesday,2024-09,11557.030000000002
S09,Fruits & Vegetables,Wednesday,2024-09,7208.81
S09,Home Care,Friday,2024-09,11981.779999999997
S09,Home Care,Monday,2024-09,8472.54
S09,Home Care,Saturday,2024-09,24343.58
S09,Home Care,Sunday,2024-09,33926.85999999999
S09,Home Care,Thursday,2024-09,8734.26
S09,Home Care,Tuesday,2024-09,13233.630000000001
S09,Home Care,Wednesday,2024-09,17569.67
S09,Personal Care,Friday,2024-09,18570.760000000006
S09,Personal Care,Monday,2024-09,24548.35
S09,Personal Care,Saturday,2024-09,48186.96000000001
S09,Personal Care,Sunday,2024-09,37824.740000000005
S09,Personal Care,Thursday,2024-09,24007.820000000003
S09,Personal Care,Tuesday,2024-09,24574.160000000003
S09,Personal Care,Wednesday,2024-09,19562.41
S09,Spices & Masala,Friday,2024-09,7188.329999999998
S09,Spices & Masala,Monday,2024-09,11368.8
S09,Spices & Masala,Saturday,2024-09,13748.899999999998
S09,Spices & Masala,Sunday,2024-09,10980.73
S09,Spices & Masala,Thursday,2024-09,9199.71
S09,Spices & Masala,Tuesday,2024-09,9285.76
S09,Spices & Masala,Wednesday,2024-09,11889.94
S09,Staples & Grains,Friday,2024-09,74351.09999999999
S09,Staples & Grains,Monday,2024-09,49593.07
S09,Staples & Grains,Saturday,2024-09,53818.26000000001
S09,Staples & Grains,Sunday,2024-09,105098.82
S09,Staples & Grains,Thursday,2024-09,59214.42999999999
S09,Staples & Grains,Tuesday,2024-09,49465.29999999999
S09,Staples & Grains,Wednesday,2024-09,60522.58
S09,Stationery & General,Friday,2024-09,18094.210000000003
S09,Stationery & General,Monday,2024-09,12615.980000000003
S09,Stationery & General,Saturday,2024-09,19470.41
S09,Stationery & General,Sunday,2024-09,19523.95999999999
S09,Stationery & General,Thursday,2024-09,8146.029999999997
S09,Stationery & General,Tuesday,2024-09,7459.129999999998
S09,Stationery & General,Wednesday,2024-09,19106.91
S09,UNKNOWN,Friday,2024-09,-3677.6799999999994
S09,UNKNOWN,Monday,2024-09,-2664.56
S09,UNKNOWN,Saturday,2024-09,-5250.16
S09,UNKNOWN,Sunday,2024-09,-5685.180000000001
S09,UNKNOWN,Thursday,2024-09,-3497.9999999999995
S09,UNKNOWN,Tuesday,2024-09,-1720.1799999999998
S09,UNKNOWN,Wednesday,2024-09,-5170.42
S09,Baby Care,Friday,2024-10,98746.67999999998
S09,Baby Care,Monday,2024-10,48624.810000000005
S09,Baby Care,Saturday,2024-10,88548.22999999998
S09,Baby Care,Sunday,2024-10,99941.67999999995
S09,Baby Care,Thursday,2024-10,73921.48000000003
S09,Baby Care,Tuesday,2024-10,37068.83
S09,Baby Care,Wednesday,2024-10,67803.68000000001
S09,Bakery,Friday,2024-10,9168.79
S09,Bakery,Monday,2024-10,6032.060000000001
S09,Bakery,Saturday,2024-10,14144.840000000007
S09,Bakery,Sunday,2024-10,10398.989999999998
S09,Bakery,Thursday,2024-10,9035.160000000002
S09,Bakery,Tuesday,2024-10,7866.97
S09,Bakery,Wednesday,2024-10,9041.369999999999
S09,Beverages,Friday,2024-10,26846.239999999998
S09,Beverages,Monday,2024-10,14581.9
S09,Beverages,Saturday,2024-10,27054.29
S09,Beverages,Sunday,2024-10,24298.550000000007
S09,Beverages,Thursday,2024-10,21674.779999999995
S09,Beverages,Tuesday,2024-10,13105.269999999999
S09,Beverages,Wednesday,2024-10,23990.63
S09,Biscuits & Snacks,Friday,2024-10,5587.050000000001
S09,Biscuits & Snacks,Monday,2024-10,5421.0
S09,Biscuits & Snacks,Saturday,2024-10,7983.04
S09,Biscuits & Snacks,Sunday,2024-10,6045.79
S09,Biscuits & Snacks,Thursday,2024-10,3780.62
S09,Biscuits & Snacks,Tuesday,2024-10,3101.0600000000004
S09,Biscuits & Snacks,Wednesday,2024-10,8313.42
S09,Confectionery,Friday,2024-10,19249.48000000001
S09,Confectionery,Monday,2024-10,10408.480000000001
S09,Confectionery,Saturday,2024-10,15875.929999999997
S09,Confectionery,Sunday,2024-10,12511.119999999995
S09,Confectionery,Thursday,2024-10,16046.779999999999
S09,Confectionery,Tuesday,2024-10,8601.01
S09,Confectionery,Wednesday,2024-10,18056.82
S09,Dairy,Friday,2024-10,28408.180000000004
S09,Dairy,Monday,2024-10,23221.720000000005
S09,Dairy,Saturday,2024-10,35325.87
S09,Dairy,Sunday,2024-10,37039.42
S09,Dairy,Thursday,2024-10,22217.680000000004
S09,Dairy,Tuesday,2024-10,24483.300000000003
S09,Dairy,Wednesday,2024-10,30635.039999999994
S09,Edible Oils,Friday,2024-10,80180.96999999999
S09,Edible Oils,Monday,2024-10,44777.270000000004
S09,Edible Oils,Saturday,2024-10,92058.99999999997
S09,Edible Oils,Sunday,2024-10,89299.98999999998
S09,Edible Oils,Thursday,2024-10,44191.12
S09,Edible Oils,Tuesday,2024-10,55070.48000000001
S09,Edible Oils,Wednesday,2024-10,52694.54999999999
S09,Frozen & Ready to Eat,Friday,2024-10,29968.609999999997
S09,Frozen & Ready to Eat,Monday,2024-10,23672.540000000005
S09,Frozen & Ready to Eat,Saturday,2024-10,26891.580000000005
S09,Frozen & Ready to Eat,Sunday,2024-10,18352.649999999998
S09,Frozen & Ready to Eat,Thursday,2024-10,19822.24
S09,Frozen & Ready to Eat,Tuesday,2024-10,22629.500000000004
S09,Frozen & Ready to Eat,Wednesday,2024-10,16249.920000000004
S09,Fruits & Vegetables,Friday,2024-10,11667.83
S09,Fruits & Vegetables,Monday,2024-10,6623.2699999999995
S09,Fruits & Vegetables,Saturday,2024-10,16411.809999999998
S09,Fruits & Vegetables,Sunday,2024-10,13464.760000000002
S09,Fruits & Vegetables,Thursday,2024-10,6727.550000000001
S09,Fruits & Vegetables,Tuesday,2024-10,7410.530000000002
S09,Fruits & Vegetables,Wednesday,2024-10,13381.630000000003
S09,Home Care,Friday,2024-10,32905.619999999995
S09,Home Care,Monday,2024-10,11418.860000000002
S09,Home Care,Saturday,2024-10,27131.209999999995
S09,Home Care,Sunday,2024-10,21716.389999999996
S09,Home Care,Thursday,2024-10,20636.71
S09,Home Care,Tuesday,2024-10,10791.229999999998
S09,Home Care,Wednesday,2024-10,23159.899999999998
S09,Personal Care,Friday,2024-10,33263.47000000001
S09,Personal Care,Monday,2024-10,20879.499999999996
S09,Personal Care,Saturday,2024-10,32964.7
S09,Personal Care,Sunday,2024-10,33377.670000000006
S09,Personal Care,Thursday,2024-10,20932.010000000006
S09,Personal Care,Tuesday,2024-10,19418.01
S09,Personal Care,Wednesday,2024-10,36587.350000000006
S09,Spices & Masala,Friday,2024-10,18025.000000000007
S09,Spices & Masala,Monday,2024-10,13248.309999999998
S09,Spices & Masala,Saturday,2024-10,14917.910000000005
S09,Spices & Masala,Sunday,2024-10,15670.840000000002
S09,Spices & Masala,Thursday,2024-10,13919.299999999997
S09,Spices & Masala,Tuesday,2024-10,14175.269999999999
S09,Spices & Masala,Wednesday,2024-10,16166.030000000004
S09,Staples & Grains,Friday,2024-10,87653.51999999996
S09,Staples & Grains,Monday,2024-10,42232.80999999999
S09,Staples & Grains,Saturday,2024-10,119257.72999999998
S09,Staples & Grains,Sunday,2024-10,68006.02
S09,Staples & Grains,Thursday,2024-10,45349.38999999999
S09,Staples & Grains,Tuesday,2024-10,42609.810000000005
S09,Staples & Grains,Wednesday,2024-10,86371.61000000004
S09,Stationery & General,Friday,2024-10,23301.239999999994
S09,Stationery & General,Monday,2024-10,18329.100000000002
S09,Stationery & General,Saturday,2024-10,25666.000000000004
S09,Stationery & General,Sunday,2024-10,21037.76000000001
S09,Stationery & General,Thursday,2024-10,23592.9
S09,Stationery & General,Tuesday,2024-10,16691.609999999997
S09,Stationery & General,Wednesday,2024-10,21804.120000000014
S09,UNKNOWN,Friday,2024-10,-8985.900000000001
S09,UNKNOWN,Monday,2024-10,-2461.25
S09,UNKNOWN,Saturday,2024-10,-6276.78
S09,UNKNOWN,Sunday,2024-10,-4335.27
S09,UNKNOWN,Thursday,2024-10,-4902.81
S09,UNKNOWN,Tuesday,2024-10,-3009.09
S09,UNKNOWN,Wednesday,2024-10,-3988.2599999999998
S09,Baby Care,Friday,2024-11,59137.719999999994
S09,Baby Care,Monday,2024-11,63060.789999999986
S09,Baby Care,Saturday,2024-11,117461.12999999996
S09,Baby Care,Sunday,2024-11,72409.48999999999
S09,Baby Care,Thursday,2024-11,39382.240000000005
S09,Baby Care,Tuesday,2024-11,40810.19
S09,Baby Care,Wednesday,2024-11,30141.59
S09,Bakery,Friday,2024-11,9655.159999999998
S09,Bakery,Monday,2024-11,5937.290000000001
S09,Bakery,Saturday,2024-11,17005.219999999998
S09,Bakery,Sunday,2024-11,14212.870000000006
S09,Bakery,Thursday,2024-11,5415.740000000001
S09,Bakery,Tuesday,2024-11,6094.7800000000025
S09,Bakery,Wednesday,2024-11,6191.200000000001
S09,Beverages,Friday,2024-11,21111.999999999996
S09,Beverages,Monday,2024-11,14640.650000000001
S09,Beverages,Saturday,2024-11,37003.37000000001
S09,Beverages,Sunday,2024-11,19543.350000000006
S09,Beverages,Thursday,2024-11,15776.099999999999
S09,Beverages,Tuesday,2024-11,15676.800000000001
S09,Beverages,Wednesday,2024-11,13212.060000000001
S09,Biscuits & Snacks,Friday,2024-11,6550.580000000001
S09,Biscuits & Snacks,Monday,2024-11,6534.780000000001
S09,Biscuits & Snacks,Saturday,2024-11,10314.580000000004
S09,Biscuits & Snacks,Sunday,2024-11,5609.35
S09,Biscuits & Snacks,Thursday,2024-11,4291.429999999999
S09,Biscuits & Snacks,Tuesday,2024-11,3220.6200000000003
S09,Biscuits & Snacks,Wednesday,2024-11,5644.379999999999
S09,Confectionery,Friday,2024-11,10491.169999999998
S09,Confectionery,Monday,2024-11,10855.940000000004
S09,Confectionery,Saturday,2024-11,16715.850000000002
S09,Confectionery,Sunday,2024-11,12772.410000000002
S09,Confectionery,Thursday,2024-11,9240.690000000002
S09,Confectionery,Tuesday,2024-11,6710.040000000001
S09,Confectionery,Wednesday,2024-11,9693.179999999998
S09,Dairy,Friday,2024-11,34266.17
S09,Dairy,Monday,2024-11,28323.389999999992
S09,Dairy,Saturday,2024-11,54320.57
S09,Dairy,Sunday,2024-11,29897.490000000005
S09,Dairy,Thursday,2024-11,26271.619999999995
S09,Dairy,Tuesday,2024-11,23342.619999999995
S09,Dairy,Wednesday,2024-11,26614.829999999994
S09,Edible Oils,Friday,2024-11,94127.32999999999
S09,Edible Oils,Monday,2024-11,53679.29
S09,Edible Oils,Saturday,2024-11,139567.51000000004
S09,Edible Oils,Sunday,2024-11,72815.63000000002
S09,Edible Oils,Thursday,2024-11,47628.72000000001
S09,Edible Oils,Tuesday,2024-11,38061.71000000001
S09,Edible Oils,Wednesday,2024-11,61846.789999999986
S09,Frozen & Ready to Eat,Friday,2024-11,18560.029999999995
S09,Frozen & Ready to Eat,Monday,2024-11,20481.39
S09,Frozen & Ready to Eat,Saturday,2024-11,35023.7
S09,Frozen & Ready to Eat,Sunday,2024-11,21406.889999999996
S09,Frozen & Ready to Eat,Thursday,2024-11,17703.7
S09,Frozen & Ready to Eat,Tuesday,2024-11,13695.089999999998
S09,Frozen & Ready to Eat,Wednesday,2024-11,17641.71
S09,Fruits & Vegetables,Friday,2024-11,18280.439999999995
S09,Fruits & Vegetables,Monday,2024-11,8343.949999999999
S09,Fruits & Vegetables,Saturday,2024-11,18196.169999999995
S09,Fruits & Vegetables,Sunday,2024-11,8635.97
S09,Fruits & Vegetables,Thursday,2024-11,8390.759999999998
S09,Fruits & Vegetables,Tuesday,2024-11,6346.23
S09,Fruits & Vegetables,Wednesday,2024-11,4134.549999999999
S09,Home Care,Friday,2024-11,21352.929999999997
S09,Home Care,Monday,2024-11,17139.01
S09,Home Care,Saturday,2024-11,29303.020000000004
S09,Home Care,Sunday,2024-11,22753.450000000004
S09,Home Care,Thursday,2024-11,17034.519999999997
S09,Home Care,Tuesday,2024-11,8583.32
S09,Home Care,Wednesday,2024-11,17539.62
S09,Personal Care,Friday,2024-11,41524.42999999999
S09,Personal Care,Monday,2024-11,11913.31
S09,Personal Care,Saturday,2024-11,38544.81999999999
S09,Personal Care,Sunday,2024-11,26450.320000000007
S09,Personal Care,Thursday,2024-11,12665.419999999998
S09,Personal Care,Tuesday,2024-11,21247.500000000004
S09,Personal Care,Wednesday,2024-11,21191.65
S09,Spices & Masala,Friday,2024-11,19433.74
S09,Spices & Masala,Monday,2024-11,10867.849999999999
S09,Spices & Masala,Saturday,2024-11,19801.569999999996
S09,Spices & Masala,Sunday,2024-11,15079.8
S09,Spices & Masala,Thursday,2024-11,9879.880000000001
S09,Spices & Masala,Tuesday,2024-11,6275.5199999999995
S09,Spices & Masala,Wednesday,2024-11,10194.8
S09,Staples & Grains,Friday,2024-11,78847.93000000001
S09,Staples & Grains,Monday,2024-11,53277.09
S09,Staples & Grains,Saturday,2024-11,156902.87999999998
S09,Staples & Grains,Sunday,2024-11,85744.63
S09,Staples & Grains,Thursday,2024-11,77520.48
S09,Staples & Grains,Tuesday,2024-11,52095.799999999996
S09,Staples & Grains,Wednesday,2024-11,67861.59999999999
S09,Stationery & General,Friday,2024-11,18415.45
S09,Stationery & General,Monday,2024-11,13463.370000000003
S09,Stationery & General,Saturday,2024-11,30671.129999999997
S09,Stationery & General,Sunday,2024-11,25327.629999999997
S09,Stationery & General,Thursday,2024-11,9793.399999999998
S09,Stationery & General,Tuesday,2024-11,15744.670000000002
S09,Stationery & General,Wednesday,2024-11,12961.57
S09,UNKNOWN,Friday,2024-11,-2785.0600000000004
S09,UNKNOWN,Monday,2024-11,-3846.31
S09,UNKNOWN,Saturday,2024-11,-5361.08
S09,UNKNOWN,Sunday,2024-11,-4014.1299999999997
S09,UNKNOWN,Thursday,2024-11,-3059.1799999999994
S09,UNKNOWN,Tuesday,2024-11,-2853.9100000000003
S09,UNKNOWN,Wednesday,2024-11,-1189.18
S09,Baby Care,Friday,2024-12,51296.52
S09,Baby Care,Monday,2024-12,45750.09
S09,Baby Care,Saturday,2024-12,93709.59
S09,Baby Care,Sunday,2024-12,76648.57
S09,Baby Care,Thursday,2024-12,41964.12000000001
S09,Baby Care,Tuesday,2024-12,54801.80999999999
S09,Baby Care,Wednesday,2024-12,45157.899999999994
S09,Bakery,Friday,2024-12,4509.64
S09,Bakery,Monday,2024-12,6176.660000000001
S09,Bakery,Saturday,2024-12,13454.149999999998
S09,Bakery,Sunday,2024-12,14822.629999999997
S09,Bakery,Thursday,2024-12,7790.840000000002
S09,Bakery,Tuesday,2024-12,8132.2699999999995
S09,Bakery,Wednesday,2024-12,7834.85
S09,Beverages,Friday,2024-12,11823.93
S09,Beverages,Monday,2024-12,6497.250000000001
S09,Beverages,Saturday,2024-12,24559.600000000006
S09,Beverages,Sunday,2024-12,31189.14000000001
S09,Beverages,Thursday,2024-12,21361.940000000002
S09,Beverages,Tuesday,2024-12,22134.570000000007
S09,Beverages,Wednesday,2024-12,6912.620000000001
S09,Biscuits & Snacks,Friday,2024-12,5146.2
S09,Biscuits & Snacks,Monday,2024-12,3495.4399999999996
S09,Biscuits & Snacks,Saturday,2024-12,5850.0
S09,Biscuits & Snacks,Sunday,2024-12,8882.850000000002
S09,Biscuits & Snacks,Thursday,2024-12,2508.9599999999996
S09,Biscuits & Snacks,Tuesday,2024-12,4087.41
S09,Biscuits & Snacks,Wednesday,2024-12,3377.8599999999997
S09,Confectionery,Friday,2024-12,14162.609999999999
S09,Confectionery,Monday,2024-12,10993.78
S09,Confectionery,Saturday,2024-12,20009.37999999999
S09,Confectionery,Sunday,2024-12,20447.340000000004
S09,Confectionery,Thursday,2024-12,9161.459999999997
S09,Confectionery,Tuesday,2024-12,10969.089999999998
S09,Confectionery,Wednesday,2024-12,12265.419999999998
S09,Dairy,Friday,2024-12,17712.72
S09,Dairy,Monday,2024-12,14677.209999999995
S09,Dairy,Saturday,2024-12,40088.770000000004
S09,Dairy,Sunday,2024-12,42276.55
S09,Dairy,Thursday,2024-12,25296.659999999993
S09,Dairy,Tuesday,2024-12,24251.060000000005
S09,Dairy,Wednesday,2024-12,29795.719999999998
S09,Edible Oils,Friday,2024-12,40434.14
S09,Edible Oils,Monday,2024-12,64110.76000000001
S09,Edible Oils,Saturday,2024-12,81288.61999999998
S09,Edible Oils,Sunday,2024-12,81401.59999999999
S09,Edible Oils,Thursday,2024-12,32805.28
S09,Edible Oils,Tuesday,2024-12,51894.99000000001
S09,Edible Oils,Wednesday,2024-12,48285.05
S09,Frozen & Ready to Eat,Friday,2024-12,20135.509999999995
S09,Frozen & Ready to Eat,Monday,2024-12,14114.839999999997
S09,Frozen & Ready to Eat,Saturday,2024-12,23296.800000000003
S09,Frozen & Ready to Eat,Sunday,2024-12,30802.55
S09,Frozen & Ready to Eat,Thursday,2024-12,25196.390000000003
S09,Frozen & Ready to Eat,Tuesday,2024-12,24663.399999999987
S09,Frozen & Ready to Eat,Wednesday,2024-12,16200.87
S09,Fruits & Vegetables,Friday,2024-12,9457.640000000001
S09,Fruits & Vegetables,Monday,2024-12,7665.4000000000015
S09,Fruits & Vegetables,Saturday,2024-12,14341.62
S09,Fruits & Vegetables,Sunday,2024-12,15801.279999999999
S09,Fruits & Vegetables,Thursday,2024-12,7868.970000000001
S09,Fruits & Vegetables,Tuesday,2024-12,10982.039999999999
S09,Fruits & Vegetables,Wednesday,2024-12,6765.300000000001
S09,Home Care,Friday,2024-12,19811.420000000002
S09,Home Care,Monday,2024-12,14215.469999999998
S09,Home Care,Saturday,2024-12,32803.83
S09,Home Care,Sunday,2024-12,29932.819999999996
S09,Home Care,Thursday,2024-12,13811.41
S09,Home Care,Tuesday,2024-12,17808.38
S09,Home Care,Wednesday,2024-12,17813.29
S09,Personal Care,Friday,2024-12,13412.95
S09,Personal Care,Monday,2024-12,25427.829999999994
S09,Personal Care,Saturday,2024-12,27772.680000000008
S09,Personal Care,Sunday,2024-12,50488.74000000001
S09,Personal Care,Thursday,2024-12,15294.04
S09,Personal Care,Tuesday,2024-12,23865.79
S09,Personal Care,Wednesday,2024-12,15496.250000000002
S09,Spices & Masala,Friday,2024-12,9251.279999999999
S09,Spices & Masala,Monday,2024-12,8035.669999999999
S09,Spices & Masala,Saturday,2024-12,11204.489999999996
S09,Spices & Masala,Sunday,2024-12,20880.749999999993
S09,Spices & Masala,Thursday,2024-12,7896.8
S09,Spices & Masala,Tuesday,2024-12,9936.459999999997
S09,Spices & Masala,Wednesday,2024-12,8613.900000000001
S09,Staples & Grains,Friday,2024-12,48815.50000000001
S09,Staples & Grains,Monday,2024-12,62756.54999999998
S09,Staples & Grains,Saturday,2024-12,104960.01000000001
S09,Staples & Grains,Sunday,2024-12,114310.07000000002
S09,Staples & Grains,Thursday,2024-12,52415.89999999999
S09,Staples & Grains,Tuesday,2024-12,77709.39999999997
S09,Staples & Grains,Wednesday,2024-12,43840.19
S09,Stationery & General,Friday,2024-12,15299.249999999998
S09,Stationery & General,Monday,2024-12,16809.480000000003
S09,Stationery & General,Saturday,2024-12,24976.289999999997
S09,Stationery & General,Sunday,2024-12,22664.400000000005
S09,Stationery & General,Thursday,2024-12,14083.350000000002
S09,Stationery & General,Tuesday,2024-12,18508.01
S09,Stationery & General,Wednesday,2024-12,5394.0599999999995
S09,UNKNOWN,Friday,2024-12,-2845.9
S09,UNKNOWN,Monday,2024-12,-2229.65
S09,UNKNOWN,Saturday,2024-12,-4586.97
S09,UNKNOWN,Sunday,2024-12,-4032.7700000000004
S09,UNKNOWN,Thursday,2024-12,-2749.18
S09,UNKNOWN,Tuesday,2024-12,-3278.07
S09,UNKNOWN,Wednesday,2024-12,-1103.91
S10,Baby Care,Friday,2024-01,110989.81999999999
S10,Baby Care,Monday,2024-01,78012.98
S10,Baby Care,Saturday,2024-01,178069.01
S10,Baby Care,Sunday,2024-01,105622.29000000002
S10,Baby Care,Thursday,2024-01,86904.57999999997
S10,Baby Care,Tuesday,2024-01,96848.34999999996
S10,Baby Care,Wednesday,2024-01,104462.09
S10,Bakery,Friday,2024-01,19531.47
S10,Bakery,Monday,2024-01,13905.569999999992
S10,Bakery,Saturday,2024-01,20881.43000000001
S10,Bakery,Sunday,2024-01,19611.420000000002
S10,Bakery,Thursday,2024-01,19480.94
S10,Bakery,Tuesday,2024-01,15439.640000000001
S10,Bakery,Wednesday,2024-01,20885.35000000001
S10,Beverages,Friday,2024-01,34953.520000000004
S10,Beverages,Monday,2024-01,29790.740000000013
S10,Beverages,Saturday,2024-01,34066.74000000001
S10,Beverages,Sunday,2024-01,30172.82000000001
S10,Beverages,Thursday,2024-01,16178.92
S10,Beverages,Tuesday,2024-01,23655.670000000013
S10,Beverages,Wednesday,2024-01,26767.420000000002
S10,Biscuits & Snacks,Friday,2024-01,8045.879999999996
S10,Biscuits & Snacks,Monday,2024-01,10721.379999999997
S10,Biscuits & Snacks,Saturday,2024-01,13441.65
S10,Biscuits & Snacks,Sunday,2024-01,9881.239999999998
S10,Biscuits & Snacks,Thursday,2024-01,5825.3099999999995
S10,Biscuits & Snacks,Tuesday,2024-01,6058.039999999997
S10,Biscuits & Snacks,Wednesday,2024-01,9234.489999999998
S10,Confectionery,Friday,2024-01,18201.31
S10,Confectionery,Monday,2024-01,17480.879999999997
S10,Confectionery,Saturday,2024-01,22820.570000000003
S10,Confectionery,Sunday,2024-01,23495.48
S10,Confectionery,Thursday,2024-01,14634.48
S10,Confectionery,Tuesday,2024-01,19884.499999999996
S10,Confectionery,Wednesday,2024-01,16256.819999999998
S10,Dairy,Friday,2024-01,54136.269999999975
S10,Dairy,Monday,2024-01,45907.72
S10,Dairy,Saturday,2024-01,68902.16999999997
S10,Dairy,Sunday,2024-01,50548.41999999999
S10,Dairy,Thursday,2024-01,38015.43000000001
S10,Dairy,Tuesday,2024-01,43126.63999999999
S10,Dairy,Wednesday,2024-01,34767.799999999996
S10,Edible Oils,Friday,2024-01,145700.81999999995
S10,Edible Oils,Monday,2024-01,102687.27999999998
S10,Edible Oils,Saturday,2024-01,133339.62999999998
S10,Edible Oils,Sunday,2024-01,98264.41999999995
S10,Edible Oils,Thursday,2024-01,96568.58
S10,Edible Oils,Tuesday,2024-01,82270.59
S10,Edible Oils,Wednesday,2024-01,85876.65999999999
S10,Frozen & Ready to Eat,Friday,2024-01,38539.66999999999
S10,Frozen & Ready to Eat,Monday,2024-01,32441.219999999994
S10,Frozen & Ready to Eat,Saturday,2024-01,53051.049999999996
S10,Frozen & Ready to Eat,Sunday,2024-01,49771.860000000015
S10,Frozen & Ready to Eat,Thursday,2024-01,26545.24
S10,Frozen & Ready to Eat,Tuesday,2024-01,27272.380000000016
S10,Frozen & Ready to Eat,Wednesday,2024-01,31807.44000000001
S10,Fruits & Vegetables,Friday,2024-01,16748.720000000005
S10,Fruits & Vegetables,Monday,2024-01,14998.269999999993
S10,Fruits & Vegetables,Saturday,2024-01,25908.27
S10,Fruits & Vegetables,Sunday,2024-01,18453.89000000001
S10,Fruits & Vegetables,Thursday,2024-01,17669.550000000007
S10,Fruits & Vegetables,Tuesday,2024-01,10255.820000000003
S10,Fruits & Vegetables,Wednesday,2024-01,21607.070000000014
S10,Home Care,Friday,2024-01,37275.170000000006
S10,Home Care,Monday,2024-01,23162.35
S10,Home Care,Saturday,2024-01,37405.090000000004
S10,Home Care,Sunday,2024-01,42852.13999999998
S10,Home Care,Thursday,2024-01,24336.61000000001
S10,Home Care,Tuesday,2024-01,36472.24999999999
S10,Home Care,Wednesday,2024-01,22322.700000000008
S10,Personal Care,Friday,2024-01,34131.68
S10,Personal Care,Monday,2024-01,51884.55999999998
S10,Personal Care,Saturday,2024-01,56825.25999999999
S10,Personal Care,Sunday,2024-01,57439.20999999999
S10,Personal Care,Thursday,2024-01,40047.05
S10,Personal Care,Tuesday,2024-01,41865.520000000004
S10,Personal Care,Wednesday,2024-01,44084.78999999998
S10,Spices & Masala,Friday,2024-01,17487.820000000003
S10,Spices & Masala,Monday,2024-01,24776.279999999988
S10,Spices & Masala,Saturday,2024-01,32474.8
S10,Spices & Masala,Sunday,2024-01,28631.390000000003
S10,Spices & Masala,Thursday,2024-01,20328.72
S10,Spices & Masala,Tuesday,2024-01,21887.829999999994
S10,Spices & Masala,Wednesday,2024-01,21118.490000000005
S10,Staples & Grains,Friday,2024-01,138543.40999999997
S10,Staples & Grains,Monday,2024-01,80607.65
S10,Staples & Grains,Saturday,2024-01,126107.97999999998
S10,Staples & Grains,Sunday,2024-01,124221.63000000002
S10,Staples & Grains,Thursday,2024-01,104166.23000000001
S10,Staples & Grains,Tuesday,2024-01,119940.10999999999
S10,Staples & Grains,Wednesday,2024-01,98115.32999999993
S10,Stationery & General,Friday,2024-01,22929.110000000004
S10,Stationery & General,Monday,2024-01,19300.210000000003
S10,Stationery & General,Saturday,2024-01,31470.120000000003
S10,Stationery & General,Sunday,2024-01,41216.32999999997
S10,Stationery & General,Thursday,2024-01,20824.07
S10,Stationery & General,Tuesday,2024-01,26844.420000000006
S10,Stationery & General,Wednesday,2024-01,33263.56999999999
S10,UNKNOWN,Friday,2024-01,-4698.79
S10,UNKNOWN,Monday,2024-01,-6257.989999999998
S10,UNKNOWN,Saturday,2024-01,-11341.230000000001
S10,UNKNOWN,Sunday,2024-01,-9207.83
S10,UNKNOWN,Thursday,2024-01,-5369.120000000001
S10,UNKNOWN,Tuesday,2024-01,-8231.490000000002
S10,UNKNOWN,Wednesday,2024-01,-6051.9800000000005
S10,Baby Care,Friday,2024-02,116351.88999999994
S10,Baby Care,Monday,2024-02,64449.16999999999
S10,Baby Care,Saturday,2024-02,137785.33
S10,Baby Care,Sunday,2024-02,117793.86999999998
S10,Baby Care,Thursday,2024-02,118916.48000000003
S10,Baby Care,Tuesday,2024-02,58980.810000000005
S10,Baby Care,Wednesday,2024-02,90934.92999999998
S10,Bakery,Friday,2024-02,14492.230000000005
S10,Bakery,Monday,2024-02,6869.43
S10,Bakery,Saturday,2024-02,20847.339999999997
S10,Bakery,Sunday,2024-02,16065.94
S10,Bakery,Thursday,2024-02,12097.410000000003
S10,Bakery,Tuesday,2024-02,10049.97
S10,Bakery,Wednesday,2024-02,14647.14
S10,Beverages,Friday,2024-02,32081.310000000005
S10,Beverages,Monday,2024-02,22405.99
S10,Beverages,Saturday,2024-02,34470.280000000006
S10,Beverages,Sunday,2024-02,43320.80000000002
S10,Beverages,Thursday,2024-02,29462.819999999996
S10,Beverages,Tuesday,2024-02,16057.880000000001
S10,Beverages,Wednesday,2024-02,13349.310000000001
S10,Biscuits & Snacks,Friday,2024-02,6618.42
S10,Biscuits & Snacks,Monday,2024-02,5947.679999999998
S10,Biscuits & Snacks,Saturday,2024-02,11568.550000000007
S10,Biscuits & Snacks,Sunday,2024-02,8228.829999999998
S10,Biscuits & Snacks,Thursday,2024-02,9084.300000000003
S10,Biscuits & Snacks,Tuesday,2024-02,4493.31
S10,Biscuits & Snacks,Wednesday,2024-02,4558.969999999999
S10,Confectionery,Friday,2024-02,15996.99
S10,Confectionery,Monday,2024-02,15143.239999999998
S10,Confectionery,Saturday,2024-02,29924.140000000007
S10,Confectionery,Sunday,2024-02,17862.109999999997
S10,Confectionery,Thursday,2024-02,18821.79
S10,Confectionery,Tuesday,2024-02,10232.8
S10,Confectionery,Wednesday,2024-02,11993.84
S10,Dairy,Friday,2024-02,43985.52
S10,Dairy,Monday,2024-02,17670.100000000002
S10,Dairy,Saturday,2024-02,56961.700000000004
S10,Dairy,Sunday,2024-02,66971.2
S10,Dairy,Thursday,2024-02,54967.49999999998
S10,Dairy,Tuesday,2024-02,30005.890000000003
S10,Dairy,Wednesday,2024-02,38010.59999999999
S10,Edible Oils,Friday,2024-02,106081.45
S10,Edible Oils,Monday,2024-02,68945.43999999996
S10,Edible Oils,Saturday,2024-02,108341.09999999996
S10,Edible Oils,Sunday,2024-02,99940.97
S10,Edible Oils,Thursday,2024-02,135258.45999999996
S10,Edible Oils,Tuesday,2024-02,94842.32
S10,Edible Oils,Wednesday,2024-02,53824.340000000004
S10,Frozen & Ready to Eat,Friday,2024-02,31192.660000000003
S10,Frozen & Ready to Eat,Monday,2024-02,30829.499999999996
S10,Frozen & Ready to Eat,Saturday,2024-02,38192.31999999999
S10,Frozen & Ready to Eat,Sunday,2024-02,53167.59999999997
S10,Frozen & Ready to Eat,Thursday,2024-02,26718.19000000001
S10,Frozen & Ready to Eat,Tuesday,2024-02,22753.21
S10,Frozen & Ready to Eat,Wednesday,2024-02,35722.29
S10,Fruits & Vegetables,Friday,2024-02,15651.739999999998
S10,Fruits & Vegetables,Monday,2024-02,7619.95
S10,Fruits & Vegetables,Saturday,2024-02,18220.080000000005
S10,Fruits & Vegetables,Sunday,2024-02,23136.47
S10,Fruits & Vegetables,Thursday,2024-02,14403.490000000003
S10,Fruits & Vegetables,Tuesday,2024-02,14458.679999999998
S10,Fruits & Vegetables,Wednesday,2024-02,10955.349999999999
S10,Home Care,Friday,2024-02,25412.799999999996
S10,Home Care,Monday,2024-02,27339.749999999996
S10,Home Care,Saturday,2024-02,49978.679999999986
S10,Home Care,Sunday,2024-02,32209.879999999997
S10,Home Care,Thursday,2024-02,31081.18
S10,Home Care,Tuesday,2024-02,19343.03
S10,Home Care,Wednesday,2024-02,20924.890000000007
S10,Personal Care,Friday,2024-02,42309.84999999999
S10,Personal Care,Monday,2024-02,21024.99
S10,Personal Care,Saturday,2024-02,45099.810000000005
S10,Personal Care,Sunday,2024-02,59292.78999999999
S10,Personal Care,Thursday,2024-02,46463.20999999999
S10,Personal Care,Tuesday,2024-02,39087.02999999999
S10,Personal Care,Wednesday,2024-02,23593.25
S10,Spices & Masala,Friday,2024-02,22448.000000000004
S10,Spices & Masala,Monday,2024-02,21619.64
S10,Spices & Masala,Saturday,2024-02,25708.410000000003
S10,Spices & Masala,Sunday,2024-02,28397.04
S10,Spices & Masala,Thursday,2024-02,20118.63000000001
S10,Spices & Masala,Tuesday,2024-02,14022.509999999998
S10,Spices & Masala,Wednesday,2024-02,15831.220000000003
S10,Staples & Grains,Friday,2024-02,142337.11000000004
S10,Staples & Grains,Monday,2024-02,89762.29
S10,Staples & Grains,Saturday,2024-02,177022.55000000002
S10,Staples & Grains,Sunday,2024-02,112700.12999999999
S10,Staples & Grains,Thursday,2024-02,135009.99
S10,Staples & Grains,Tuesday,2024-02,60611.310000000005
S10,Staples & Grains,Wednesday,2024-02,89638.75999999997
S10,Stationery & General,Friday,2024-02,29064.62
S10,Stationery & General,Monday,2024-02,13666.089999999998
S10,Stationery & General,Saturday,2024-02,35069.470000000016
S10,Stationery & General,Sunday,2024-02,42595.94999999999
S10,Stationery & General,Thursday,2024-02,31065.380000000012
S10,Stationery & General,Tuesday,2024-02,25334.200000000004
S10,Stationery & General,Wednesday,2024-02,24720.09000000001
S10,UNKNOWN,Friday,2024-02,-5736.0999999999985
S10,UNKNOWN,Monday,2024-02,-4408.75
S10,UNKNOWN,Saturday,2024-02,-7225.279999999999
S10,UNKNOWN,Sunday,2024-02,-6757.35
S10,UNKNOWN,Thursday,2024-02,-6024.889999999999
S10,UNKNOWN,Tuesday,2024-02,-3307.19
S10,UNKNOWN,Wednesday,2024-02,-6309.83
S10,Baby Care,Friday,2024-03,153191.04000000004
S10,Baby Care,Monday,2024-03,93067.02999999998
S10,Baby Care,Saturday,2024-03,178020.86000000002
S10,Baby Care,Sunday,2024-03,194255.3299999999
S10,Baby Care,Thursday,2024-03,89928.40999999997
S10,Baby Care,Tuesday,2024-03,90650.58999999998
S10,Baby Care,Wednesday,2024-03,88795.43999999999
S10,Bakery,Friday,2024-03,21671.41999999999
S10,Bakery,Monday,2024-03,15665.779999999999
S10,Bakery,Saturday,2024-03,17952.26
S10,Bakery,Sunday,2024-03,24231.23000000001
S10,Bakery,Thursday,2024-03,11694.14
S10,Bakery,Tuesday,2024-03,9952.830000000002
S10,Bakery,Wednesday,2024-03,14279.640000000003
S10,Beverages,Friday,2024-03,44193.179999999986
S10,Beverages,Monday,2024-03,26811.859999999997
S10,Beverages,Saturday,2024-03,48261.07
S10,Beverages,Sunday,2024-03,44072.16000000003
S10,Beverages,Thursday,2024-03,34198.090000000004
S10,Beverages,Tuesday,2024-03,13475.09
S10,Beverages,Wednesday,2024-03,20822.93
S10,Biscuits & Snacks,Friday,2024-03,10182.629999999997
S10,Biscuits & Snacks,Monday,2024-03,6981.669999999999
S10,Biscuits & Snacks,Saturday,2024-03,19440.850000000013
S10,Biscuits & Snacks,Sunday,2024-03,16176.850000000004
S10,Biscuits & Snacks,Thursday,2024-03,5644.5899999999965
S10,Biscuits & Snacks,Tuesday,2024-03,6061.110000000001
S10,Biscuits & Snacks,Wednesday,2024-03,6834.970000000001
S10,Confectionery,Friday,2024-03,25130.330000000005
S10,Confectionery,Monday,2024-03,13272.200000000003
S10,Confectionery,Saturday,2024-03,35643.220000000016
S10,Confectionery,Sunday,2024-03,32421.980000000018
S10,Confectionery,Thursday,2024-03,16261.15
S10,Confectionery,Tuesday,2024-03,14462.050000000003
S10,Confectionery,Wednesday,2024-03,12418.790000000006
S10,Dairy,Friday,2024-03,56681.37000000001
S10,Dairy,Monday,2024-03,32557.140000000003
S10,Dairy,Saturday,2024-03,67123.67
S10,Dairy,Sunday,2024-03,71871.15999999999
S10,Dairy,Thursday,2024-03,41435.39000000001
S10,Dairy,Tuesday,2024-03,25833.240000000005
S10,Dairy,Wednesday,2024-03,39971.51999999999
S10,Edible Oils,Friday,2024-03,133456.3499999999
S10,Edible Oils,Monday,2024-03,60897.41000000002
S10,Edible Oils,Saturday,2024-03,156441.35000000003
S10,Edible Oils,Sunday,2024-03,139736.75999999992
S10,Edible Oils,Thursday,2024-03,63514.16
S10,Edible Oils,Tuesday,2024-03,52635.299999999996
S10,Edible Oils,Wednesday,2024-03,119849.06999999998
S10,Frozen & Ready to Eat,Friday,2024-03,46248.53
S10,Frozen & Ready to Eat,Monday,2024-03,38036.66
S10,Frozen & Ready to Eat,Saturday,2024-03,47792.360000000015
S10,Frozen & Ready to Eat,Sunday,2024-03,60977.91999999999
S10,Frozen & Ready to Eat,Thursday,2024-03,30911.190000000006
S10,Frozen & Ready to Eat,Tuesday,2024-03,23818.750000000007
S10,Frozen & Ready to Eat,Wednesday,2024-03,30841.029999999995
S10,Fruits & Vegetables,Friday,2024-03,19284.05
S10,Fruits & Vegetables,Monday,2024-03,15457.92
S10,Fruits & Vegetables,Saturday,2024-03,30012.829999999998
S10,Fruits & Vegetables,Sunday,2024-03,32960.950000000004
S10,Fruits & Vegetables,Thursday,2024-03,10920.279999999999
S10,Fruits & Vegetables,Tuesday,2024-03,12184.42
S10,Fruits & Vegetables,Wednesday,2024-03,14602.900000000003
S10,Home Care,Friday,2024-03,53074.929999999986
S10,Home Care,Monday,2024-03,26437.91
S10,Home Care,Saturday,2024-03,57986.130000000005
S10,Home Care,Sunday,2024-03,54500.52
S10,Home Care,Thursday,2024-03,34641.69000000002
S10,Home Care,Tuesday,2024-03,22989.59
S10,Home Care,Wednesday,2024-03,26289.15000000001
S10,Personal Care,Friday,2024-03,61149.28999999999
S10,Personal Care,Monday,2024-03,39524.44999999999
S10,Personal Care,Saturday,2024-03,82623.55000000002
S10,Personal Care,Sunday,2024-03,65630.71999999997
S10,Personal Care,Thursday,2024-03,36891.979999999996
S10,Personal Care,Tuesday,2024-03,33881.41
S10,Personal Care,Wednesday,2024-03,21233.739999999994
S10,Spices & Masala,Friday,2024-03,27122.769999999986
S10,Spices & Masala,Monday,2024-03,27552.499999999996
S10,Spices & Masala,Saturday,2024-03,40143.67000000001
S10,Spices & Masala,Sunday,2024-03,42087.33
S10,Spices & Masala,Thursday,2024-03,19603.440000000006
S10,Spices & Masala,Tuesday,2024-03,15151.200000000003
S10,Spices & Masala,Wednesday,2024-03,14598.35
S10,Staples & Grains,Friday,2024-03,209866.70000000004
S10,Staples & Grains,Monday,2024-03,99644.97
S10,Staples & Grains,Saturday,2024-03,169133.30000000002
S10,Staples & Grains,Sunday,2024-03,188161.3
S10,Staples & Grains,Thursday,2024-03,72737.16
S10,Staples & Grains,Tuesday,2024-03,57405.380000000005
S10,Staples & Grains,Wednesday,2024-03,71940.71999999999
S10,Stationery & General,Friday,2024-03,42373.77000000002
S10,Stationery & General,Monday,2024-03,23437.09999999999
S10,Stationery & General,Saturday,2024-03,56527.719999999994
S10,Stationery & General,Sunday,2024-03,50038.95
S10,Stationery & General,Thursday,2024-03,16297.439999999995
S10,Stationery & General,Tuesday,2024-03,21496.579999999994
S10,Stationery & General,Wednesday,2024-03,20444.12
S10,UNKNOWN,Friday,2024-03,-7686.5199999999995
S10,UNKNOWN,Monday,2024-03,-4007.95
S10,UNKNOWN,Saturday,2024-03,-7353.399999999999
S10,UNKNOWN,Sunday,2024-03,-10466.149999999998
S10,UNKNOWN,Thursday,2024-03,-5495.860000000001
S10,UNKNOWN,Tuesday,2024-03,-1770.9
S10,UNKNOWN,Wednesday,2024-03,-6453.88
S10,Baby Care,Friday,2024-04,97417.60999999997
S10,Baby Care,Monday,2024-04,98457.71999999993
S10,Baby Care,Saturday,2024-04,139347.53999999995
S10,Baby Care,Sunday,2024-04,117722.89999999994
S10,Baby Care,Thursday,2024-04,74011.69999999998
S10,Baby Care,Tuesday,2024-04,78026.27999999998
S10,Baby Care,Wednesday,2024-04,86457.62999999998
S10,Bakery,Friday,2024-04,15278.099999999999
S10,Bakery,Monday,2024-04,11077.650000000003
S10,Bakery,Saturday,2024-04,27224.629999999994
S10,Bakery,Sunday,2024-04,15706.950000000004
S10,Bakery,Thursday,2024-04,12182.11
S10,Bakery,Tuesday,2024-04,12072.419999999998
S10,Bakery,Wednesday,2024-04,9955.06
S10,Beverages,Friday,2024-04,38330.82000000001
S10,Beverages,Monday,2024-04,21829.340000000004
S10,Beverages,Saturday,2024-04,32150.340000000015
S10,Beverages,Sunday,2024-04,39751.42000000001
S10,Beverages,Thursday,2024-04,18241.19
S10,Beverages,Tuesday,2024-04,31888.03999999999
S10,Beverages,Wednesday,2024-04,21786.450000000004
S10,Biscuits & Snacks,Friday,2024-04,9212.220000000001
S10,Biscuits & Snacks,Monday,2024-04,4620.260000000001
S10,Biscuits & Snacks,Saturday,2024-04,12020.009999999998
S10,Biscuits & Snacks,Sunday,2024-04,12177.109999999997
S10,Biscuits & Snacks,Thursday,2024-04,6094.820000000001
S10,Biscuits & Snacks,Tuesday,2024-04,8561.300000000001
S10,Biscuits & Snacks,Wednesday,2024-04,4304.1
S10,Confectionery,Friday,2024-04,22849.920000000006
S10,Confectionery,Monday,2024-04,20645.86
S10,Confectionery,Saturday,2024-04,28845.010000000006
S10,Confectionery,Sunday,2024-04,30105.559999999994
S10,Confectionery,Thursday,2024-04,18831.18
S10,Confectionery,Tuesday,2024-04,19526.86
S10,Confectionery,Wednesday,2024-04,14314.019999999997
S10,Dairy,Friday,2024-04,45424.069999999985
S10,Dairy,Monday,2024-04,36441.19999999999
S10,Dairy,Saturday,2024-04,53630.81
S10,Dairy,Sunday,2024-04,64507.09000000002
S10,Dairy,Thursday,2024-04,26741.190000000002
S10,Dairy,Tuesday,2024-04,50826.719999999994
S10,Dairy,Wednesday,2024-04,23061.62
S10,Edible Oils,Friday,2024-04,118659.46000000002
S10,Edible Oils,Monday,2024-04,51497.600000000006
S10,Edible Oils,Saturday,2024-04,132993.67
S10,Edible Oils,Sunday,2024-04,115418.06999999993
S10,Edible Oils,Thursday,2024-04,56471.159999999996
S10,Edible Oils,Tuesday,2024-04,78025.21999999999
S10,Edible Oils,Wednesday,2024-04,58714.64
S10,Frozen & Ready to Eat,Friday,2024-04,37476.2
S10,Frozen & Ready to Eat,Monday,2024-04,29361.280000000006
S10,Frozen & Ready to Eat,Saturday,2024-04,50456.91999999998
S10,Frozen & Ready to Eat,Sunday,2024-04,37844.76
S10,Frozen & Ready to Eat,Thursday,2024-04,36442.939999999995
S10,Frozen & Ready to Eat,Tuesday,2024-04,37426.61000000001
S10,Frozen & Ready to Eat,Wednesday,2024-04,23882.3
S10,Fruits & Vegetables,Friday,2024-04,18447.010000000013
S10,Fruits & Vegetables,Monday,2024-04,13017.589999999997
S10,Fruits & Vegetables,Saturday,2024-04,25117.989999999994
S10,Fruits & Vegetables,Sunday,2024-04,16289.289999999999
S10,Fruits & Vegetables,Thursday,2024-04,11407.359999999999
S10,Fruits & Vegetables,Tuesday,2024-04,17749.700000000008
S10,Fruits & Vegetables,Wednesday,2024-04,16727.85
S10,Home Care,Friday,2024-04,37883.13000000002
S10,Home Care,Monday,2024-04,21143.239999999998
S10,Home Care,Saturday,2024-04,46376.84999999999
S10,Home Care,Sunday,2024-04,37106.710000000014
S10,Home Care,Thursday,2024-04,24129.559999999994
S10,Home Care,Tuesday,2024-04,26552.790000000008
S10,Home Care,Wednesday,2024-04,30165.68999999999
S10,Personal Care,Friday,2024-04,44353.65000000001
S10,Personal Care,Monday,2024-04,39907.24000000001
S10,Personal Care,Saturday,2024-04,80890.01
S10,Personal Care,Sunday,2024-04,39808.42
S10,Personal Care,Thursday,2024-04,30080.499999999996
S10,Personal Care,Tuesday,2024-04,25318.75
S10,Personal Care,Wednesday,2024-04,22823.5
S10,Spices & Masala,Friday,2024-04,29101.120000000014
S10,Spices & Masala,Monday,2024-04,15200.810000000001
S10,Spices & Masala,Saturday,2024-04,29996.100000000002
S10,Spices & Masala,Sunday,2024-04,25886.719999999994
S10,Spices & Masala,Thursday,2024-04,16409.78
S10,Spices & Masala,Tuesday,2024-04,18681.859999999993
S10,Spices & Masala,Wednesday,2024-04,17296.35
S10,Staples & Grains,Friday,2024-04,140146.81999999995
S10,Staples & Grains,Monday,2024-04,76089.44999999998
S10,Staples & Grains,Saturday,2024-04,179968.98000000004
S10,Staples & Grains,Sunday,2024-04,130181.05
S10,Staples & Grains,Thursday,2024-04,84495.90999999999
S10,Staples & Grains,Tuesday,2024-04,92568.94999999997
S10,Staples & Grains,Wednesday,2024-04,104003.51999999999
S10,Stationery & General,Friday,2024-04,38122.68000000001
S10,Stationery & General,Monday,2024-04,23270.39
S10,Stationery & General,Saturday,2024-04,48558.08999999999
S10,Stationery & General,Sunday,2024-04,35927.44000000001
S10,Stationery & General,Thursday,2024-04,20199.17
S10,Stationery & General,Tuesday,2024-04,27686.159999999996
S10,Stationery & General,Wednesday,2024-04,31148.2
S10,UNKNOWN,Friday,2024-04,-5438.36
S10,UNKNOWN,Monday,2024-04,-4263.090000000001
S10,UNKNOWN,Saturday,2024-04,-6882.66
S10,UNKNOWN,Sunday,2024-04,-6651.73
S10,UNKNOWN,Thursday,2024-04,-3201.5299999999997
S10,UNKNOWN,Tuesday,2024-04,-5334.380000000001
S10,UNKNOWN,Wednesday,2024-04,-3196.74
S10,Baby Care,Friday,2024-05,144614.02999999997
S10,Baby Care,Monday,2024-05,75556.69999999998
S10,Baby Care,Saturday,2024-05,173852.47
S10,Baby Care,Sunday,2024-05,176115.25000000006
S10,Baby Care,Thursday,2024-05,104506.60000000002
S10,Baby Care,Tuesday,2024-05,129352.68999999996
S10,Baby Care,Wednesday,2024-05,79856.69
S10,Bakery,Friday,2024-05,22389.41000000001
S10,Bakery,Monday,2024-05,13863.649999999998
S10,Bakery,Saturday,2024-05,25953.169999999995
S10,Bakery,Sunday,2024-05,18234.88
S10,Bakery,Thursday,2024-05,14146.820000000002
S10,Bakery,Tuesday,2024-05,11318.670000000002
S10,Bakery,Wednesday,2024-05,16881.13
S10,Beverages,Friday,2024-05,34731.61000000001
S10,Beverages,Monday,2024-05,22108.20000000001
S10,Beverages,Saturday,2024-05,39542.950000000004
S10,Beverages,Sunday,2024-05,30591.529999999995
S10,Beverages,Thursday,2024-05,37950.53
S10,Beverages,Tuesday,2024-05,32795.630000000005
S10,Beverages,Wednesday,2024-05,38136.36000000001
S10,Biscuits & Snacks,Friday,2024-05,11489.119999999997
S10,Biscuits & Snacks,Monday,2024-05,7165.69
S10,Biscuits & Snacks,Saturday,2024-05,14585.179999999997
S10,Biscuits & Snacks,Sunday,2024-05,10221.619999999995
S10,Biscuits & Snacks,Thursday,2024-05,10368.869999999997
S10,Biscuits & Snacks,Tuesday,2024-05,7029.869999999998
S10,Biscuits & Snacks,Wednesday,2024-05,9859.83
S10,Confectionery,Friday,2024-05,26815.23000000001
S10,Confectionery,Monday,2024-05,19929.510000000006
S10,Confectionery,Saturday,2024-05,30511.280000000002
S10,Confectionery,Sunday,2024-05,28624.08000000001
S10,Confectionery,Thursday,2024-05,24863.720000000005
S10,Confectionery,Tuesday,2024-05,9872.589999999998
S10,Confectionery,Wednesday,2024-05,17827.360000000008
S10,Dairy,Friday,2024-05,59718.60999999993
S10,Dairy,Monday,2024-05,35441.759999999995
S10,Dairy,Saturday,2024-05,56819.62
S10,Dairy,Sunday,2024-05,72063.03000000001
S10,Dairy,Thursday,2024-05,48000.58
S10,Dairy,Tuesday,2024-05,50891.64
S10,Dairy,Wednesday,2024-05,56954.58999999998
S10,Edible Oils,Friday,2024-05,100893.1
S10,Edible Oils,Monday,2024-05,75941.62999999999
S10,Edible Oils,Saturday,2024-05,127801.32999999997
S10,Edible Oils,Sunday,2024-05,116135.37999999998
S10,Edible Oils,Thursday,2024-05,115851.31
S10,Edible Oils,Tuesday,2024-05,55786.86999999999
S10,Edible Oils,Wednesday,2024-05,87755.25999999998
S10,Frozen & Ready to Eat,Friday,2024-05,39250.06
S10,Frozen & Ready to Eat,Monday,2024-05,28357.599999999995
S10,Frozen & Ready to Eat,Saturday,2024-05,51213.29000000004
S10,Frozen & Ready to Eat,Sunday,2024-05,39724.37000000002
S10,Frozen & Ready to Eat,Thursday,2024-05,43145.40000000001
S10,Frozen & Ready to Eat,Tuesday,2024-05,36078.53000000002
S10,Frozen & Ready to Eat,Wednesday,2024-05,33541.30000000001
S10,Fruits & Vegetables,Friday,2024-05,26846.790000000008
S10,Fruits & Vegetables,Monday,2024-05,16350.460000000006
S10,Fruits & Vegetables,Saturday,2024-05,31356.190000000013
S10,Fruits & Vegetables,Sunday,2024-05,21429.490000000005
S10,Fruits & Vegetables,Thursday,2024-05,17167.61
S10,Fruits & Vegetables,Tuesday,2024-05,17680.020000000004
S10,Fruits & Vegetables,Wednesday,2024-05,21651.12999999999
S10,Home Care,Friday,2024-05,42768.55999999998
S10,Home Care,Monday,2024-05,24768.870000000003
S10,Home Care,Saturday,2024-05,57391.34
S10,Home Care,Sunday,2024-05,40323.729999999996
S10,Home Care,Thursday,2024-05,38011.100000000006
S10,Home Care,Tuesday,2024-05,28071.620000000003
S10,Home Care,Wednesday,2024-05,25655.62
S10,Personal Care,Friday,2024-05,59355.05999999999
S10,Personal Care,Monday,2024-05,29098.22
S10,Personal Care,Saturday,2024-05,70745.59999999999
S10,Personal Care,Sunday,2024-05,51593.71
S10,Personal Care,Thursday,2024-05,40092.98
S10,Personal Care,Tuesday,2024-05,25952.19000000001
S10,Personal Care,Wednesday,2024-05,41185.79
S10,Spices & Masala,Friday,2024-05,36595.42000000001
S10,Spices & Masala,Monday,2024-05,18266.220000000005
S10,Spices & Masala,Saturday,2024-05,27615.269999999997
S10,Spices & Masala,Sunday,2024-05,27840.139999999996
S10,Spices & Masala,Thursday,2024-05,25605.270000000008
S10,Spices & Masala,Tuesday,2024-05,16303.119999999999
S10,Spices & Masala,Wednesday,2024-05,18370.479999999996
S10,Staples & Grains,Friday,2024-05,155098.31999999995
S10,Staples & Grains,Monday,2024-05,88092.92999999998
S10,Staples & Grains,Saturday,2024-05,195127.65999999992
S10,Staples & Grains,Sunday,2024-05,121873.33000000003
S10,Staples & Grains,Thursday,2024-05,114198.39999999998
S10,Staples & Grains,Tuesday,2024-05,82274.75000000001
S10,Staples & Grains,Wednesday,2024-05,144876.82000000004
S10,Stationery & General,Friday,2024-05,41422.73
S10,Stationery & General,Monday,2024-05,20134.190000000002
S10,Stationery & General,Saturday,2024-05,33377.039999999986
S10,Stationery & General,Sunday,2024-05,36610.10999999999
S10,Stationery & General,Thursday,2024-05,32274.090000000004
S10,Stationery & General,Tuesday,2024-05,24819.579999999994
S10,Stationery & General,Wednesday,2024-05,27351.399999999998
S10,UNKNOWN,Friday,2024-05,-619.2299999999992
S10,UNKNOWN,Monday,2024-05,-5648.160000000001
S10,UNKNOWN,Saturday,2024-05,-10370.64
S10,UNKNOWN,Sunday,2024-05,-9367.589999999998
S10,UNKNOWN,Thursday,2024-05,-8594.94
S10,UNKNOWN,Tuesday,2024-05,-2346.2999999999997
S10,UNKNOWN,Wednesday,2024-05,-4316.53
S10,Baby Care,Friday,2024-06,90942.79000000001
S10,Baby Care,Monday,2024-06,75509.07
S10,Baby Care,Saturday,2024-06,150559.01000000004
S10,Baby Care,Sunday,2024-06,147878.05
S10,Baby Care,Thursday,2024-06,63356.15000000001
S10,Baby Care,Tuesday,2024-06,56472.17
S10,Baby Care,Wednesday,2024-06,112115.59999999998
S10,Bakery,Friday,2024-06,13896.070000000002
S10,Bakery,Monday,2024-06,15291.0
S10,Bakery,Saturday,2024-06,24344.829999999998
S10,Bakery,Sunday,2024-06,23719.84
S10,Bakery,Thursday,2024-06,15848.09
S10,Bakery,Tuesday,2024-06,9097.2
S10,Bakery,Wednesday,2024-06,9768.22
S10,Beverages,Friday,2024-06,37520.82000000001
S10,Beverages,Monday,2024-06,27768.39
S10,Beverages,Saturday,2024-06,44036.14
S10,Beverages,Sunday,2024-06,43596.22
S10,Beverages,Thursday,2024-06,27681.89
S10,Beverages,Tuesday,2024-06,28728.62
S10,Beverages,Wednesday,2024-06,24098.010000000002
S10,Biscuits & Snacks,Friday,2024-06,8320.700000000003
S10,Biscuits & Snacks,Monday,2024-06,5900.460000000001
S10,Biscuits & Snacks,Saturday,2024-06,12423.79
S10,Biscuits & Snacks,Sunday,2024-06,14442.349999999999
S10,Biscuits & Snacks,Thursday,2024-06,6945.419999999999
S10,Biscuits & Snacks,Tuesday,2024-06,7211.09
S10,Biscuits & Snacks,Wednesday,2024-06,9026.84
S10,Confectionery,Friday,2024-06,18625.16
S10,Confectionery,Monday,2024-06,16724.059999999998
S10,Confectionery,Saturday,2024-06,35274.340000000004
S10,Confectionery,Sunday,2024-06,28951.579999999998
S10,Confectionery,Thursday,2024-06,18776.95
S10,Confectionery,Tuesday,2024-06,15306.529999999999
S10,Confectionery,Wednesday,2024-06,15615.859999999997
S10,Dairy,Friday,2024-06,59907.12000000001
S10,Dairy,Monday,2024-06,42130.01000000001
S10,Dairy,Saturday,2024-06,88430.9
S10,Dairy,Sunday,2024-06,59958.35000000002
S10,Dairy,Thursday,2024-06,41881.45999999999
S10,Dairy,Tuesday,2024-06,39807.44
S10,Dairy,Wednesday,2024-06,39553.81
S10,Edible Oils,Friday,2024-06,108258.59999999999
S10,Edible Oils,Monday,2024-06,80222.57
S10,Edible Oils,Saturday,2024-06,169736.16
S10,Edible Oils,Sunday,2024-06,170546.78999999998
S10,Edible Oils,Thursday,2024-06,103860.57999999999
S10,Edible Oils,Tuesday,2024-06,72937.34
S10,Edible Oils,Wednesday,2024-06,78473.82999999999
S10,Frozen & Ready to Eat,Friday,2024-06,27254.509999999995
S10,Frozen & Ready to Eat,Monday,2024-06,30059.72
S10,Frozen & Ready to Eat,Saturday,2024-06,48638.30999999998
S10,Frozen & Ready to Eat,Sunday,2024-06,49388.18999999999
S10,Frozen & Ready to Eat,Thursday,2024-06,27122.18999999999
S10,Frozen & Ready to Eat,Tuesday,2024-06,26537.68
S10,Frozen & Ready to Eat,Wednesday,2024-06,26862.48
S10,Fruits & Vegetables,Friday,2024-06,19484.81000000001
S10,Fruits & Vegetables,Monday,2024-06,16042.349999999999
S10,Fruits & Vegetables,Saturday,2024-06,27716.65000000001
S10,Fruits & Vegetables,Sunday,2024-06,35510.75
S10,Fruits & Vegetables,Thursday,2024-06,17248.950000000004
S10,Fruits & Vegetables,Tuesday,2024-06,14302.890000000001
S10,Fruits & Vegetables,Wednesday,2024-06,14949.45
S10,Home Care,Friday,2024-06,35816.08
S10,Home Care,Monday,2024-06,28464.030000000006
S10,Home Care,Saturday,2024-06,54859.78
S10,Home Care,Sunday,2024-06,42304.12000000001
S10,Home Care,Thursday,2024-06,20302.96
S10,Home Care,Tuesday,2024-06,29452.32
S10,Home Care,Wednesday,2024-06,44952.68000000001
S10,Personal Care,Friday,2024-06,48176.68000000001
S10,Personal Care,Monday,2024-06,37393.47
S10,Personal Care,Saturday,2024-06,74795.76999999999
S10,Personal Care,Sunday,2024-06,55510.15999999999
S10,Personal Care,Thursday,2024-06,17864.200000000004
S10,Personal Care,Tuesday,2024-06,43651.56
S10,Personal Care,Wednesday,2024-06,26914.909999999996
S10,Spices & Masala,Friday,2024-06,18718.489999999998
S10,Spices & Masala,Monday,2024-06,15725.93
S10,Spices & Masala,Saturday,2024-06,27523.639999999996
S10,Spices & Masala,Sunday,2024-06,34842.12
S10,Spices & Masala,Thursday,2024-06,19782.739999999998
S10,Spices & Masala,Tuesday,2024-06,14172.730000000003
S10,Spices & Masala,Wednesday,2024-06,18551.9
S10,Staples & Grains,Friday,2024-06,118504.15
S10,Staples & Grains,Monday,2024-06,109266.45
S10,Staples & Grains,Saturday,2024-06,211162.65999999992
S10,Staples & Grains,Sunday,2024-06,147622.61
S10,Staples & Grains,Thursday,2024-06,82898.68
S10,Staples & Grains,Tuesday,2024-06,88726.85
S10,Staples & Grains,Wednesday,2024-06,93417.69
S10,Stationery & General,Friday,2024-06,35902.25
S10,Stationery & General,Monday,2024-06,30433.47
S10,Stationery & General,Saturday,2024-06,48332.830000000016
S10,Stationery & General,Sunday,2024-06,41628.69
S10,Stationery & General,Thursday,2024-06,27327.849999999995
S10,Stationery & General,Tuesday,2024-06,23648.069999999996
S10,Stationery & General,Wednesday,2024-06,24115.049999999996
S10,UNKNOWN,Friday,2024-06,-7428.84
S10,UNKNOWN,Monday,2024-06,-3789.41
S10,UNKNOWN,Saturday,2024-06,-6141.0
S10,UNKNOWN,Sunday,2024-06,-8024.049999999999
S10,UNKNOWN,Thursday,2024-06,-4731.83
S10,UNKNOWN,Tuesday,2024-06,-3284.48
S10,UNKNOWN,Wednesday,2024-06,-2835.3
S10,Baby Care,Friday,2024-07,73304.46
S10,Baby Care,Monday,2024-07,112370.11999999997
S10,Baby Care,Saturday,2024-07,103499.02999999998
S10,Baby Care,Sunday,2024-07,139800.38
S10,Baby Care,Thursday,2024-07,83074.30999999998
S10,Baby Care,Tuesday,2024-07,129039.54999999997
S10,Baby Care,Wednesday,2024-07,93041.78000000001
S10,Bakery,Friday,2024-07,13173.040000000005
S10,Bakery,Monday,2024-07,16929.320000000003
S10,Bakery,Saturday,2024-07,23182.660000000003
S10,Bakery,Sunday,2024-07,19226.810000000005
S10,Bakery,Thursday,2024-07,13943.560000000003
S10,Bakery,Tuesday,2024-07,14984.08
S10,Bakery,Wednesday,2024-07,12455.74
S10,Beverages,Friday,2024-07,26587.190000000002
S10,Beverages,Monday,2024-07,23642.040000000005
S10,Beverages,Saturday,2024-07,32212.559999999998
S10,Beverages,Sunday,2024-07,31164.380000000005
S10,Beverages,Thursday,2024-07,25577.730000000003
S10,Beverages,Tuesday,2024-07,34190.15
S10,Beverages,Wednesday,2024-07,19999.280000000006
S10,Biscuits & Snacks,Friday,2024-07,7430.5599999999995
S10,Biscuits & Snacks,Monday,2024-07,10653.21
S10,Biscuits & Snacks,Saturday,2024-07,11533.029999999997
S10,Biscuits & Snacks,Sunday,2024-07,9973.039999999995
S10,Biscuits & Snacks,Thursday,2024-07,9071.919999999998
S10,Biscuits & Snacks,Tuesday,2024-07,9219.469999999998
S10,Biscuits & Snacks,Wednesday,2024-07,4515.240000000001
S10,Confectionery,Friday,2024-07,22565.490000000005
S10,Confectionery,Monday,2024-07,19912.019999999997
S10,Confectionery,Saturday,2024-07,24600.76
S10,Confectionery,Sunday,2024-07,19939.450000000008
S10,Confectionery,Thursday,2024-07,13233.409999999996
S10,Confectionery,Tuesday,2024-07,17954.520000000008
S10,Confectionery,Wednesday,2024-07,19316.43
S10,Dairy,Friday,2024-07,48835.709999999985
S10,Dairy,Monday,2024-07,41040.329999999994
S10,Dairy,Saturday,2024-07,70570.94
S10,Dairy,Sunday,2024-07,69384.46999999999
S10,Dairy,Thursday,2024-07,38512.62
S10,Dairy,Tuesday,2024-07,49449.24000000001
S10,Dairy,Wednesday,2024-07,39522.55999999999
S10,Edible Oils,Friday,2024-07,121111.57999999994
S10,Edible Oils,Monday,2024-07,96962.71999999999
S10,Edible Oils,Saturday,2024-07,100128.55
S10,Edible Oils,Sunday,2024-07,93771.41999999997
S10,Edible Oils,Thursday,2024-07,75715.99999999997
S10,Edible Oils,Tuesday,2024-07,94399.50000000001
S10,Edible Oils,Wednesday,2024-07,73596.42999999998
S10,Frozen & Ready to Eat,Friday,2024-07,31901.200000000008
S10,Frozen & Ready to Eat,Monday,2024-07,34971.66000000001
S10,Frozen & Ready to Eat,Saturday,2024-07,45958.240000000005
S10,Frozen & Ready to Eat,Sunday,2024-07,45217.45000000001
S10,Frozen & Ready to Eat,Thursday,2024-07,26249.25
S10,Frozen & Ready to Eat,Tuesday,2024-07,46181.45000000001
S10,Frozen & Ready to Eat,Wednesday,2024-07,36560.909999999996
S10,Fruits & Vegetables,Friday,2024-07,22648.4
S10,Fruits & Vegetables,Monday,2024-07,9764.919999999998
S10,Fruits & Vegetables,Saturday,2024-07,29640.200000000004
S10,Fruits & Vegetables,Sunday,2024-07,16835.550000000007
S10,Fruits & Vegetables,Thursday,2024-07,14589.339999999993
S10,Fruits & Vegetables,Tuesday,2024-07,20197.379999999997
S10,Fruits & Vegetables,Wednesday,2024-07,12399.680000000002
S10,Home Care,Friday,2024-07,44383.279999999984
S10,Home Care,Monday,2024-07,37382.10999999999
S10,Home Care,Saturday,2024-07,52652.32
S10,Home Care,Sunday,2024-07,45243.61000000001
S10,Home Care,Thursday,2024-07,27932.899999999994
S10,Home Care,Tuesday,2024-07,38805.05999999997
S10,Home Care,Wednesday,2024-07,26375.689999999995
S10,Personal Care,Friday,2024-07,33271.130000000005
S10,Personal Care,Monday,2024-07,37355.84
S10,Personal Care,Saturday,2024-07,71208.45000000001
S10,Personal Care,Sunday,2024-07,54372.49
S10,Personal Care,Thursday,2024-07,34842.76
S10,Personal Care,Tuesday,2024-07,48481.140000000014
S10,Personal Care,Wednesday,2024-07,30435.690000000006
S10,Spices & Masala,Friday,2024-07,29885.220000000005
S10,Spices & Masala,Monday,2024-07,24372.19000000001
S10,Spices & Masala,Saturday,2024-07,20723.169999999995
S10,Spices & Masala,Sunday,2024-07,23203.150000000005
S10,Spices & Masala,Thursday,2024-07,19338.250000000004
S10,Spices & Masala,Tuesday,2024-07,21335.480000000003
S10,Spices & Masala,Wednesday,2024-07,14718.399999999998
S10,Staples & Grains,Friday,2024-07,127927.68000000002
S10,Staples & Grains,Monday,2024-07,103221.57999999999
S10,Staples & Grains,Saturday,2024-07,126027.16999999995
S10,Staples & Grains,Sunday,2024-07,132663.17999999996
S10,Staples & Grains,Thursday,2024-07,78754.88999999998
S10,Staples & Grains,Tuesday,2024-07,101073.62000000001
S10,Staples & Grains,Wednesday,2024-07,91588.61
S10,Stationery & General,Friday,2024-07,29033.130000000016
S10,Stationery & General,Monday,2024-07,32886.479999999996
S10,Stationery & General,Saturday,2024-07,37292.26000000001
S10,Stationery & General,Sunday,2024-07,45450.92
S10,Stationery & General,Thursday,2024-07,26621.650000000012
S10,Stationery & General,Tuesday,2024-07,35039.74000000002
S10,Stationery & General,Wednesday,2024-07,22835.600000000002
S10,UNKNOWN,Friday,2024-07,-6741.3
S10,UNKNOWN,Monday,2024-07,-6853.77
S10,UNKNOWN,Saturday,2024-07,-8111.33
S10,UNKNOWN,Sunday,2024-07,-7518.140000000001
S10,UNKNOWN,Thursday,2024-07,-5473.569999999999
S10,UNKNOWN,Tuesday,2024-07,-3896.4199999999996
S10,UNKNOWN,Wednesday,2024-07,-3757.0000000000005
S10,Baby Care,Friday,2024-08,156865.7
S10,Baby Care,Monday,2024-08,65273.84
S10,Baby Care,Saturday,2024-08,193784.19999999987
S10,Baby Care,Sunday,2024-08,124823.54000000001
S10,Baby Care,Thursday,2024-08,98704.69
S10,Baby Care,Tuesday,2024-08,73583.0
S10,Baby Care,Wednesday,2024-08,87240.50000000004
S10,Bakery,Friday,2024-08,22720.360000000008
S10,Bakery,Monday,2024-08,11932.179999999998
S10,Bakery,Saturday,2024-08,27968.319999999996
S10,Bakery,Sunday,2024-08,21168.430000000004
S10,Bakery,Thursday,2024-08,14500.590000000004
S10,Bakery,Tuesday,2024-08,11008.810000000005
S10,Bakery,Wednesday,2024-08,11347.090000000002
S10,Beverages,Friday,2024-08,34034.18999999999
S10,Beverages,Monday,2024-08,27383.070000000003
S10,Beverages,Saturday,2024-08,58465.13000000004
S10,Beverages,Sunday,2024-08,43294.58000000001
S10,Beverages,Thursday,2024-08,35356.55000000001
S10,Beverages,Tuesday,2024-08,23106.319999999992
S10,Beverages,Wednesday,2024-08,29239.600000000002
S10,Biscuits & Snacks,Friday,2024-08,12886.279999999997
S10,Biscuits & Snacks,Monday,2024-08,5425.44
S10,Biscuits & Snacks,Saturday,2024-08,14413.090000000002
S10,Biscuits & Snacks,Sunday,2024-08,12842.140000000001
S10,Biscuits & Snacks,Thursday,2024-08,8904.839999999998
S10,Biscuits & Snacks,Tuesday,2024-08,7560.03
S10,Biscuits & Snacks,Wednesday,2024-08,9207.970000000005
S10,Confectionery,Friday,2024-08,31080.030000000006
S10,Confectionery,Monday,2024-08,13607.619999999994
S10,Confectionery,Saturday,2024-08,31000.740000000013
S10,Confectionery,Sunday,2024-08,25070.41
S10,Confectionery,Thursday,2024-08,22042.329999999998
S10,Confectionery,Tuesday,2024-08,11062.19
S10,Confectionery,Wednesday,2024-08,21885.850000000002
S10,Dairy,Friday,2024-08,44346.27999999999
S10,Dairy,Monday,2024-08,48062.52000000002
S10,Dairy,Saturday,2024-08,75750.23000000001
S10,Dairy,Sunday,2024-08,69485.90999999999
S10,Dairy,Thursday,2024-08,63699.40999999999
S10,Dairy,Tuesday,2024-08,35752.42999999999
S10,Dairy,Wednesday,2024-08,38424.09
S10,Edible Oils,Friday,2024-08,116529.76999999996
S10,Edible Oils,Monday,2024-08,80312.89000000001
S10,Edible Oils,Saturday,2024-08,168557.28999999995
S10,Edible Oils,Sunday,2024-08,127491.62999999998
S10,Edible Oils,Thursday,2024-08,112530.66000000002
S10,Edible Oils,Tuesday,2024-08,80993.09
S10,Edible Oils,Wednesday,2024-08,82525.07999999997
S10,Frozen & Ready to Eat,Friday,2024-08,40678.200000000004
S10,Frozen & Ready to Eat,Monday,2024-08,37878.61
S10,Frozen & Ready to Eat,Saturday,2024-08,63440.980000000025
S10,Frozen & Ready to Eat,Sunday,2024-08,53374.760000000024
S10,Frozen & Ready to Eat,Thursday,2024-08,49209.67999999999
S10,Frozen & Ready to Eat,Tuesday,2024-08,23815.15
S10,Frozen & Ready to Eat,Wednesday,2024-08,25957.37
S10,Fruits & Vegetables,Friday,2024-08,22181.420000000006
S10,Fruits & Vegetables,Monday,2024-08,20799.87
S10,Fruits & Vegetables,Saturday,2024-08,37932.560000000005
S10,Fruits & Vegetables,Sunday,2024-08,27327.389999999992
S10,Fruits & Vegetables,Thursday,2024-08,20656.72
S10,Fruits & Vegetables,Tuesday,2024-08,13365.18
S10,Fruits & Vegetables,Wednesday,2024-08,15207.370000000003
S10,Home Care,Friday,2024-08,35467.07999999999
S10,Home Care,Monday,2024-08,28114.059999999994
S10,Home Care,Saturday,2024-08,67210.62
S10,Home Care,Sunday,2024-08,51309.33999999998
S10,Home Care,Thursday,2024-08,48783.710000000014
S10,Home Care,Tuesday,2024-08,23170.940000000002
S10,Home Care,Wednesday,2024-08,21007.500000000004
S10,Personal Care,Friday,2024-08,81506.97000000002
S10,Personal Care,Monday,2024-08,26856.519999999997
S10,Personal Care,Saturday,2024-08,78762.04999999997
S10,Personal Care,Sunday,2024-08,74634.94000000002
S10,Personal Care,Thursday,2024-08,53456.72000000001
S10,Personal Care,Tuesday,2024-08,35875.19
S10,Personal Care,Wednesday,2024-08,39116.30999999999
S10,Spices & Masala,Friday,2024-08,29052.810000000005
S10,Spices & Masala,Monday,2024-08,14177.229999999998
S10,Spices & Masala,Saturday,2024-08,41845.77000000001
S10,Spices & Masala,Sunday,2024-08,28384.959999999995
S10,Spices & Masala,Thursday,2024-08,31309.680000000004
S10,Spices & Masala,Tuesday,2024-08,17359.729999999996
S10,Spices & Masala,Wednesday,2024-08,22820.749999999996
S10,Staples & Grains,Friday,2024-08,157225.88
S10,Staples & Grains,Monday,2024-08,105575.68000000002
S10,Staples & Grains,Saturday,2024-08,199349.56000000003
S10,Staples & Grains,Sunday,2024-08,146513.70000000007
S10,Staples & Grains,Thursday,2024-08,137765.27000000002
S10,Staples & Grains,Tuesday,2024-08,85304.01
S10,Staples & Grains,Wednesday,2024-08,80274.3
S10,Stationery & General,Friday,2024-08,45230.970000000016
S10,Stationery & General,Monday,2024-08,21879.2
S10,Stationery & General,Saturday,2024-08,62692.32999999999
S10,Stationery & General,Sunday,2024-08,34477.110000000015
S10,Stationery & General,Thursday,2024-08,43899.18
S10,Stationery & General,Tuesday,2024-08,12832.690000000002
S10,Stationery & General,Wednesday,2024-08,17955.53
S10,UNKNOWN,Friday,2024-08,-11432.76
S10,UNKNOWN,Monday,2024-08,-3782.2099999999996
S10,UNKNOWN,Saturday,2024-08,-9797.079999999998
S10,UNKNOWN,Sunday,2024-08,-5971.1
S10,UNKNOWN,Thursday,2024-08,-7529.529999999999
S10,UNKNOWN,Tuesday,2024-08,-5204.56
S10,UNKNOWN,Wednesday,2024-08,-3578.28
S10,Baby Care,Friday,2024-09,134931.08
S10,Baby Care,Monday,2024-09,102508.18000000001
S10,Baby Care,Saturday,2024-09,157453.20000000004
S10,Baby Care,Sunday,2024-09,197184.23999999996
S10,Baby Care,Thursday,2024-09,129481.68999999999
S10,Baby Care,Tuesday,2024-09,55831.23999999999
S10,Baby Care,Wednesday,2024-09,75437.32000000002
S10,Bakery,Friday,2024-09,14866.489999999996
S10,Bakery,Monday,2024-09,15928.380000000008
S10,Bakery,Saturday,2024-09,27095.180000000008
S10,Bakery,Sunday,2024-09,23170.670000000016
S10,Bakery,Thursday,2024-09,16985.40000000001
S10,Bakery,Tuesday,2024-09,12117.290000000003
S10,Bakery,Wednesday,2024-09,9627.31
S10,Beverages,Friday,2024-09,39610.579999999994
S10,Beverages,Monday,2024-09,33819.27999999999
S10,Beverages,Saturday,2024-09,52603.73999999999
S10,Beverages,Sunday,2024-09,39914.77999999999
S10,Beverages,Thursday,2024-09,34300.91999999999
S10,Beverages,Tuesday,2024-09,22001.06
S10,Beverages,Wednesday,2024-09,24351.260000000002
S10,Biscuits & Snacks,Friday,2024-09,11911.429999999998
S10,Biscuits & Snacks,Monday,2024-09,7644.949999999998
S10,Biscuits & Snacks,Saturday,2024-09,11379.470000000007
S10,Biscuits & Snacks,Sunday,2024-09,12984.390000000001
S10,Biscuits & Snacks,Thursday,2024-09,11415.1
S10,Biscuits & Snacks,Tuesday,2024-09,6878.619999999998
S10,Biscuits & Snacks,Wednesday,2024-09,6750.509999999998
S10,Confectionery,Friday,2024-09,23301.389999999992
S10,Confectionery,Monday,2024-09,22102.76999999999
S10,Confectionery,Saturday,2024-09,27321.29000000001
S10,Confectionery,Sunday,2024-09,36001.91
S10,Confectionery,Thursday,2024-09,18389.539999999997
S10,Confectionery,Tuesday,2024-09,17025.420000000006
S10,Confectionery,Wednesday,2024-09,15074.089999999998
S10,Dairy,Friday,2024-09,50860.549999999996
S10,Dairy,Monday,2024-09,58905.85
S10,Dairy,Saturday,2024-09,80533.52000000002
S10,Dairy,Sunday,2024-09,80395.71999999999
S10,Dairy,Thursday,2024-09,57605.28
S10,Dairy,Tuesday,2024-09,27748.450000000008
S10,Dairy,Wednesday,2024-09,45427.24000000002
S10,Edible Oils,Friday,2024-09,104767.00999999998
S10,Edible Oils,Monday,2024-09,88304.31000000001
S10,Edible Oils,Saturday,2024-09,187881.99000000005
S10,Edible Oils,Sunday,2024-09,150699.11999999994
S10,Edible Oils,Thursday,2024-09,96452.48999999999
S10,Edible Oils,Tuesday,2024-09,76227.41999999998
S10,Edible Oils,Wednesday,2024-09,83296.41999999998
S10,Frozen & Ready to Eat,Friday,2024-09,43971.009999999995
S10,Frozen & Ready to Eat,Monday,2024-09,37690.50000000001
S10,Frozen & Ready to Eat,Saturday,2024-09,53141.44000000002
S10,Frozen & Ready to Eat,Sunday,2024-09,52057.609999999986
S10,Frozen & Ready to Eat,Thursday,2024-09,39419.86000000001
S10,Frozen & Ready to Eat,Tuesday,2024-09,28245.260000000006
S10,Frozen & Ready to Eat,Wednesday,2024-09,34272.16999999999
S10,Fruits & Vegetables,Friday,2024-09,20045.769999999997
S10,Fruits & Vegetables,Monday,2024-09,22605.440000000006
S10,Fruits & Vegetables,Saturday,2024-09,25892.050000000017
S10,Fruits & Vegetables,Sunday,2024-09,30450.229999999996
S10,Fruits & Vegetables,Thursday,2024-09,19336.91
S10,Fruits & Vegetables,Tuesday,2024-09,17864.879999999997
S10,Fruits & Vegetables,Wednesday,2024-09,18251.699999999997
S10,Home Care,Friday,2024-09,35889.10999999999
S10,Home Care,Monday,2024-09,49054.969999999994
S10,Home Care,Saturday,2024-09,51314.419999999984
S10,Home Care,Sunday,2024-09,55065.5
S10,Home Care,Thursday,2024-09,34424.29999999999
S10,Home Care,Tuesday,2024-09,29383.57
S10,Home Care,Wednesday,2024-09,22036.37
S10,Personal Care,Friday,2024-09,54030.680000000015
S10,Personal Care,Monday,2024-09,43578.15000000001
S10,Personal Care,Saturday,2024-09,78878.50999999998
S10,Personal Care,Sunday,2024-09,82387.56999999992
S10,Personal Care,Thursday,2024-09,41299.41999999999
S10,Personal Care,Tuesday,2024-09,41967.84
S10,Personal Care,Wednesday,2024-09,29629.870000000006
S10,Spices & Masala,Friday,2024-09,24331.090000000004
S10,Spices & Masala,Monday,2024-09,25509.929999999997
S10,Spices & Masala,Saturday,2024-09,31758.560000000005
S10,Spices & Masala,Sunday,2024-09,34616.020000000004
S10,Spices & Masala,Thursday,2024-09,23683.360000000004
S10,Spices & Masala,Tuesday,2024-09,20938.889999999996
S10,Spices & Masala,Wednesday,2024-09,11166.339999999998
S10,Staples & Grains,Friday,2024-09,132452.08
S10,Staples & Grains,Monday,2024-09,111016.72999999997
S10,Staples & Grains,Saturday,2024-09,187348.54000000007
S10,Staples & Grains,Sunday,2024-09,200055.40000000014
S10,Staples & Grains,Thursday,2024-09,111723.34000000001
S10,Staples & Grains,Tuesday,2024-09,102088.52999999998
S10,Staples & Grains,Wednesday,2024-09,123832.41999999997
S10,Stationery & General,Friday,2024-09,37944.24
S10,Stationery & General,Monday,2024-09,37673.520000000004
S10,Stationery & General,Saturday,2024-09,43299.009999999995
S10,Stationery & General,Sunday,2024-09,56406.590000000004
S10,Stationery & General,Thursday,2024-09,33085.240000000005
S10,Stationery & General,Tuesday,2024-09,23306.21000000001
S10,Stationery & General,Wednesday,2024-09,30236.669999999995
S10,UNKNOWN,Friday,2024-09,-9417.650000000003
S10,UNKNOWN,Monday,2024-09,-6641.219999999999
S10,UNKNOWN,Saturday,2024-09,-10060.15
S10,UNKNOWN,Sunday,2024-09,-12621.930000000004
S10,UNKNOWN,Thursday,2024-09,-6389.14
S10,UNKNOWN,Tuesday,2024-09,-2682.1799999999994
S10,UNKNOWN,Wednesday,2024-09,-4297.2
S10,Baby Care,Friday,2024-10,151347.83999999997
S10,Baby Care,Monday,2024-10,127327.57999999991
S10,Baby Care,Saturday,2024-10,177554.53999999998
S10,Baby Care,Sunday,2024-10,184690.6799999999
S10,Baby Care,Thursday,2024-10,202304.5699999999
S10,Baby Care,Tuesday,2024-10,104872.53
S10,Baby Care,Wednesday,2024-10,122046.99999999999
S10,Bakery,Friday,2024-10,27353.68
S10,Bakery,Monday,2024-10,16688.289999999994
S10,Bakery,Saturday,2024-10,28905.78999999999
S10,Bakery,Sunday,2024-10,29765.840000000007
S10,Bakery,Thursday,2024-10,25403.049999999996
S10,Bakery,Tuesday,2024-10,14399.719999999998
S10,Bakery,Wednesday,2024-10,18210.15999999999
S10,Beverages,Friday,2024-10,33067.36000000001
S10,Beverages,Monday,2024-10,42067.39000000001
S10,Beverages,Saturday,2024-10,40087.320000000014
S10,Beverages,Sunday,2024-10,67644.65000000001
S10,Beverages,Thursday,2024-10,45920.74000000001
S10,Beverages,Tuesday,2024-10,28037.260000000006
S10,Beverages,Wednesday,2024-10,33764.78
S10,Biscuits & Snacks,Friday,2024-10,12296.26
S10,Biscuits & Snacks,Monday,2024-10,9554.090000000002
S10,Biscuits & Snacks,Saturday,2024-10,15845.300000000001
S10,Biscuits & Snacks,Sunday,2024-10,15711.099999999999
S10,Biscuits & Snacks,Thursday,2024-10,13841.899999999994
S10,Biscuits & Snacks,Tuesday,2024-10,9175.830000000002
S10,Biscuits & Snacks,Wednesday,2024-10,11704.1
S10,Confectionery,Friday,2024-10,39098.29000000001
S10,Confectionery,Monday,2024-10,20373.340000000004
S10,Confectionery,Saturday,2024-10,45957.93999999998
S10,Confectionery,Sunday,2024-10,31144.37999999999
S10,Confectionery,Thursday,2024-10,30349.949999999997
S10,Confectionery,Tuesday,2024-10,20344.029999999995
S10,Confectionery,Wednesday,2024-10,23997.409999999996
S10,Dairy,Friday,2024-10,63075.82000000003
S10,Dairy,Monday,2024-10,51564.19999999999
S10,Dairy,Saturday,2024-10,96726.39
S10,Dairy,Sunday,2024-10,88021.77999999996
S10,Dairy,Thursday,2024-10,77069.55000000002
S10,Dairy,Tuesday,2024-10,55658.95
S10,Dairy,Wednesday,2024-10,63403.93000000002
S10,Edible Oils,Friday,2024-10,137283.47999999998
S10,Edible Oils,Monday,2024-10,100221.35999999999
S10,Edible Oils,Saturday,2024-10,195531.43999999994
S10,Edible Oils,Sunday,2024-10,164276.0599999999
S10,Edible Oils,Thursday,2024-10,164371.6099999999
S10,Edible Oils,Tuesday,2024-10,133065.81999999998
S10,Edible Oils,Wednesday,2024-10,132273.19
S10,Frozen & Ready to Eat,Friday,2024-10,44544.210000000014
S10,Frozen & Ready to Eat,Monday,2024-10,45176.90000000001
S10,Frozen & Ready to Eat,Saturday,2024-10,60734.93000000001
S10,Frozen & Ready to Eat,Sunday,2024-10,63403.37999999998
S10,Frozen & Ready to Eat,Thursday,2024-10,59022.680000000015
S10,Frozen & Ready to Eat,Tuesday,2024-10,42306.540000000015
S10,Frozen & Ready to Eat,Wednesday,2024-10,45662.78
S10,Fruits & Vegetables,Friday,2024-10,27199.989999999998
S10,Fruits & Vegetables,Monday,2024-10,17367.250000000004
S10,Fruits & Vegetables,Saturday,2024-10,28986.500000000004
S10,Fruits & Vegetables,Sunday,2024-10,34216.15000000001
S10,Fruits & Vegetables,Thursday,2024-10,27585.25
S10,Fruits & Vegetables,Tuesday,2024-10,24900.690000000002
S10,Fruits & Vegetables,Wednesday,2024-10,23129.579999999998
S10,Home Care,Friday,2024-10,68881.70999999999
S10,Home Care,Monday,2024-10,39212.130000000005
S10,Home Care,Saturday,2024-10,59378.66999999999
S10,Home Care,Sunday,2024-10,72044.93999999999
S10,Home Care,Thursday,2024-10,45756.23999999998
S10,Home Care,Tuesday,2024-10,46438.97
S10,Home Care,Wednesday,2024-10,31353.57
S10,Personal Care,Friday,2024-10,73669.96
S10,Personal Care,Monday,2024-10,46872.1
S10,Personal Care,Saturday,2024-10,92625.89000000001
S10,Personal Care,Sunday,2024-10,71855.54000000002
S10,Personal Care,Thursday,2024-10,63723.830000000016
S10,Personal Care,Tuesday,2024-10,47057.73999999999
S10,Personal Care,Wednesday,2024-10,87898.81999999999
S10,Spices & Masala,Friday,2024-10,33635.469999999994
S10,Spices & Masala,Monday,2024-10,24977.100000000006
S10,Spices & Masala,Saturday,2024-10,43726.1
S10,Spices & Masala,Sunday,2024-10,35389.93999999998
S10,Spices & Masala,Thursday,2024-10,27775.050000000003
S10,Spices & Masala,Tuesday,2024-10,31157.990000000005
S10,Spices & Masala,Wednesday,2024-10,27422.600000000002
S10,Staples & Grains,Friday,2024-10,179911.40000000002
S10,Staples & Grains,Monday,2024-10,171798.81
S10,Staples & Grains,Saturday,2024-10,165069.38999999993
S10,Staples & Grains,Sunday,2024-10,234963.27999999994
S10,Staples & Grains,Thursday,2024-10,188817.44999999998
S10,Staples & Grains,Tuesday,2024-10,121437.21
S10,Staples & Grains,Wednesday,2024-10,123802.54
S10,Stationery & General,Friday,2024-10,64239.13999999999
S10,Stationery & General,Monday,2024-10,37773.63
S10,Stationery & General,Saturday,2024-10,54602.649999999994
S10,Stationery & General,Sunday,2024-10,59556.839999999975
S10,Stationery & General,Thursday,2024-10,46777.41
S10,Stationery & General,Tuesday,2024-10,35431.87999999998
S10,Stationery & General,Wednesday,2024-10,40750.58
S10,UNKNOWN,Friday,2024-10,-11002.649999999998
S10,UNKNOWN,Monday,2024-10,-5544.389999999999
S10,UNKNOWN,Saturday,2024-10,-8513.4
S10,UNKNOWN,Sunday,2024-10,-11373.930000000002
S10,UNKNOWN,Thursday,2024-10,-9487.449999999999
S10,UNKNOWN,Tuesday,2024-10,-8977.18
S10,UNKNOWN,Wednesday,2024-10,-9239.8
S10,Baby Care,Friday,2024-11,193030.55999999997
S10,Baby Care,Monday,2024-11,158400.99000000008
S10,Baby Care,Saturday,2024-11,217639.71
S10,Baby Care,Sunday,2024-11,163325.47000000003
S10,Baby Care,Thursday,2024-11,110796.41999999995
S10,Baby Care,Tuesday,2024-11,106954.22000000002
S10,Baby Care,Wednesday,2024-11,69624.86
S10,Bakery,Friday,2024-11,26266.89999999999
S10,Bakery,Monday,2024-11,18579.92
S10,Bakery,Saturday,2024-11,36249.87000000002
S10,Bakery,Sunday,2024-11,25392.73999999999
S10,Bakery,Thursday,2024-11,21931.02
S10,Bakery,Tuesday,2024-11,13538.510000000002
S10,Bakery,Wednesday,2024-11,12856.210000000001
S10,Beverages,Friday,2024-11,46519.65000000001
S10,Beverages,Monday,2024-11,24021.909999999996
S10,Beverages,Saturday,2024-11,78676.12000000001
S10,Beverages,Sunday,2024-11,47996.030000000006
S10,Beverages,Thursday,2024-11,37830.81
S10,Beverages,Tuesday,2024-11,29067.329999999987
S10,Beverages,Wednesday,2024-11,27710.010000000002
S10,Biscuits & Snacks,Friday,2024-11,15474.210000000005
S10,Biscuits & Snacks,Monday,2024-11,6416.620000000001
S10,Biscuits & Snacks,Saturday,2024-11,20206.04
S10,Biscuits & Snacks,Sunday,2024-11,11702.179999999997
S10,Biscuits & Snacks,Thursday,2024-11,8084.670000000002
S10,Biscuits & Snacks,Tuesday,2024-11,9939.570000000005
S10,Biscuits & Snacks,Wednesday,2024-11,9182.3
S10,Confectionery,Friday,2024-11,35391.74999999999
S10,Confectionery,Monday,2024-11,25136.35
S10,Confectionery,Saturday,2024-11,51702.95999999999
S10,Confectionery,Sunday,2024-11,37088.960000000014
S10,Confectionery,Thursday,2024-11,20282.490000000005
S10,Confectionery,Tuesday,2024-11,21214.759999999995
S10,Confectionery,Wednesday,2024-11,14321.92
S10,Dairy,Friday,2024-11,74270.06
S10,Dairy,Monday,2024-11,37609.429999999986
S10,Dairy,Saturday,2024-11,125088.80999999995
S10,Dairy,Sunday,2024-11,79308.82999999999
S10,Dairy,Thursday,2024-11,62461.919999999984
S10,Dairy,Tuesday,2024-11,43258.74999999999
S10,Dairy,Wednesday,2024-11,48693.700000000004
S10,Edible Oils,Friday,2024-11,188814.34999999986
S10,Edible Oils,Monday,2024-11,109211.36000000003
S10,Edible Oils,Saturday,2024-11,220370.55000000002
S10,Edible Oils,Sunday,2024-11,125971.53999999998
S10,Edible Oils,Thursday,2024-11,121448.30999999997
S10,Edible Oils,Tuesday,2024-11,84290.29999999999
S10,Edible Oils,Wednesday,2024-11,90252.27999999998
S10,Frozen & Ready to Eat,Friday,2024-11,64115.880000000034
S10,Frozen & Ready to Eat,Monday,2024-11,27073.509999999995
S10,Frozen & Ready to Eat,Saturday,2024-11,76675.02999999998
S10,Frozen & Ready to Eat,Sunday,2024-11,47205.72000000001
S10,Frozen & Ready to Eat,Thursday,2024-11,34563.460000000014
S10,Frozen & Ready to Eat,Tuesday,2024-11,37758.71
S10,Frozen & Ready to Eat,Wednesday,2024-11,30382.189999999988
S10,Fruits & Vegetables,Friday,2024-11,26826.94
S10,Fruits & Vegetables,Monday,2024-11,22220.77
S10,Fruits & Vegetables,Saturday,2024-11,42369.41999999997
S10,Fruits & Vegetables,Sunday,2024-11,26242.069999999996
S10,Fruits & Vegetables,Thursday,2024-11,21951.83
S10,Fruits & Vegetables,Tuesday,2024-11,17321.769999999997
S10,Fruits & Vegetables,Wednesday,2024-11,19177.730000000003
S10,Home Care,Friday,2024-11,66283.91999999998
S10,Home Care,Monday,2024-11,34742.73
S10,Home Care,Saturday,2024-11,86188.92999999996
S10,Home Care,Sunday,2024-11,59100.70999999998
S10,Home Care,Thursday,2024-11,41725.850000000006
S10,Home Care,Tuesday,2024-11,34778.78999999999
S10,Home Care,Wednesday,2024-11,19018.5
S10,Personal Care,Friday,2024-11,75364.68
S10,Personal Care,Monday,2024-11,47712.68000000001
S10,Personal Care,Saturday,2024-11,130054.34000000003
S10,Personal Care,Sunday,2024-11,69052.56999999998
S10,Personal Care,Thursday,2024-11,67369.04
S10,Personal Care,Tuesday,2024-11,46256.150000000016
S10,Personal Care,Wednesday,2024-11,42577.5
S10,Spices & Masala,Friday,2024-11,27817.750000000004
S10,Spices & Masala,Monday,2024-11,22710.679999999993
S10,Spices & Masala,Saturday,2024-11,57461.000000000015
S10,Spices & Masala,Sunday,2024-11,37094.49000000001
S10,Spices & Masala,Thursday,2024-11,19930.34
S10,Spices & Masala,Tuesday,2024-11,22090.049999999996
S10,Spices & Masala,Wednesday,2024-11,19495.620000000003
S10,Staples & Grains,Friday,2024-11,197574.31000000008
S10,Staples & Grains,Monday,2024-11,125555.69999999995
S10,Staples & Grains,Saturday,2024-11,235056.88999999993
S10,Staples & Grains,Sunday,2024-11,176549.94
S10,Staples & Grains,Thursday,2024-11,130012.84000000003
S10,Staples & Grains,Tuesday,2024-11,118379.29000000002
S10,Staples & Grains,Wednesday,2024-11,102270.77999999998
S10,Stationery & General,Friday,2024-11,37255.22
S10,Stationery & General,Monday,2024-11,32227.620000000006
S10,Stationery & General,Saturday,2024-11,80113.0
S10,Stationery & General,Sunday,2024-11,63908.270000000026
S10,Stationery & General,Thursday,2024-11,29835.76000000001
S10,Stationery & General,Tuesday,2024-11,25092.470000000012
S10,Stationery & General,Wednesday,2024-11,26604.249999999996
S10,UNKNOWN,Friday,2024-11,-12193.989999999998
S10,UNKNOWN,Monday,2024-11,-6949.869999999999
S10,UNKNOWN,Saturday,2024-11,-18619.100000000002
S10,UNKNOWN,Sunday,2024-11,-8215.55
S10,UNKNOWN,Thursday,2024-11,-9210.969999999998
S10,UNKNOWN,Tuesday,2024-11,-5287.5599999999995
S10,UNKNOWN,Wednesday,2024-11,-5964.810000000001
S10,Baby Care,Friday,2024-12,144479.77
S10,Baby Care,Monday,2024-12,105117.79999999997
S10,Baby Care,Saturday,2024-12,198229.14000000004
S10,Baby Care,Sunday,2024-12,179260.31999999995
S10,Baby Care,Thursday,2024-12,95623.98000000001
S10,Baby Care,Tuesday,2024-12,122898.99
S10,Baby Care,Wednesday,2024-12,123671.61
S10,Bakery,Friday,2024-12,20001.839999999997
S10,Bakery,Monday,2024-12,11922.549999999997
S10,Bakery,Saturday,2024-12,28429.750000000004
S10,Bakery,Sunday,2024-12,31818.889999999985
S10,Bakery,Thursday,2024-12,21063.430000000004
S10,Bakery,Tuesday,2024-12,15551.3
S10,Bakery,Wednesday,2024-12,19948.829999999998
S10,Beverages,Friday,2024-12,36296.80000000001
S10,Beverages,Monday,2024-12,31094.680000000004
S10,Beverages,Saturday,2024-12,63368.35000000002
S10,Beverages,Sunday,2024-12,62996.33000000001
S10,Beverages,Thursday,2024-12,27214.780000000002
S10,Beverages,Tuesday,2024-12,38003.57000000001
S10,Beverages,Wednesday,2024-12,34761.30000000001
S10,Biscuits & Snacks,Friday,2024-12,14842.699999999993
S10,Biscuits & Snacks,Monday,2024-12,10272.650000000003
S10,Biscuits & Snacks,Saturday,2024-12,18901.13
S10,Biscuits & Snacks,Sunday,2024-12,14208.370000000008
S10,Biscuits & Snacks,Thursday,2024-12,7968.93
S10,Biscuits & Snacks,Tuesday,2024-12,13162.869999999997
S10,Biscuits & Snacks,Wednesday,2024-12,8696.460000000001
S10,Confectionery,Friday,2024-12,24252.890000000007
S10,Confectionery,Monday,2024-12,25903.17000000001
S10,Confectionery,Saturday,2024-12,43142.05999999999
S10,Confectionery,Sunday,2024-12,36630.92000000002
S10,Confectionery,Thursday,2024-12,23035.12
S10,Confectionery,Tuesday,2024-12,24732.14
S10,Confectionery,Wednesday,2024-12,23296.96
S10,Dairy,Friday,2024-12,55012.159999999996
S10,Dairy,Monday,2024-12,51791.14
S10,Dairy,Saturday,2024-12,107748.18
S10,Dairy,Sunday,2024-12,82055.74000000005
S10,Dairy,Thursday,2024-12,46725.419999999984
S10,Dairy,Tuesday,2024-12,62727.9
S10,Dairy,Wednesday,2024-12,39122.73
S10,Edible Oils,Friday,2024-12,112206.35999999999
S10,Edible Oils,Monday,2024-12,94317.40000000002
S10,Edible Oils,Saturday,2024-12,211340.79999999996
S10,Edible Oils,Sunday,2024-12,176684.43999999997
S10,Edible Oils,Thursday,2024-12,94675.0
S10,Edible Oils,Tuesday,2024-12,104687.24000000003
S10,Edible Oils,Wednesday,2024-12,118085.65999999997
S10,Frozen & Ready to Eat,Friday,2024-12,41864.27
S10,Frozen & Ready to Eat,Monday,2024-12,38654.26
S10,Frozen & Ready to Eat,Saturday,2024-12,60042.26999999999
S10,Frozen & Ready to Eat,Sunday,2024-12,67598.66000000002
S10,Frozen & Ready to Eat,Thursday,2024-12,43548.65999999998
S10,Frozen & Ready to Eat,Tuesday,2024-12,30197.34
S10,Frozen & Ready to Eat,Wednesday,2024-12,29218.469999999998
S10,Fruits & Vegetables,Friday,2024-12,22619.020000000004
S10,Fruits & Vegetables,Monday,2024-12,19920.339999999997
S10,Fruits & Vegetables,Saturday,2024-12,35606.90999999999
S10,Fruits & Vegetables,Sunday,2024-12,35097.270000000004
S10,Fruits & Vegetables,Thursday,2024-12,27073.549999999992
S10,Fruits & Vegetables,Tuesday,2024-12,16838.749999999996
S10,Fruits & Vegetables,Wednesday,2024-12,24319.389999999996
S10,Home Care,Friday,2024-12,40943.46
S10,Home Care,Monday,2024-12,43694.340000000004
S10,Home Care,Saturday,2024-12,69855.13000000003
S10,Home Care,Sunday,2024-12,62870.87999999998
S10,Home Care,Thursday,2024-12,39800.11999999998
S10,Home Care,Tuesday,2024-12,47428.429999999986
S10,Home Care,Wednesday,2024-12,43652.56999999997
S10,Personal Care,Friday,2024-12,69829.78000000001
S10,Personal Care,Monday,2024-12,51200.960000000014
S10,Personal Care,Saturday,2024-12,95777.57999999996
S10,Personal Care,Sunday,2024-12,96222.77
S10,Personal Care,Thursday,2024-12,62660.259999999995
S10,Personal Care,Tuesday,2024-12,45906.1
S10,Personal Care,Wednesday,2024-12,34147.24999999999
S10,Spices & Masala,Friday,2024-12,25061.93
S10,Spices & Masala,Monday,2024-12,24970.680000000004
S10,Spices & Masala,Saturday,2024-12,39413.25
S10,Spices & Masala,Sunday,2024-12,47027.54000000001
S10,Spices & Masala,Thursday,2024-12,16627.41
S10,Spices & Masala,Tuesday,2024-12,32079.09
S10,Spices & Masala,Wednesday,2024-12,25596.790000000005
S10,Staples & Grains,Friday,2024-12,137258.24999999997
S10,Staples & Grains,Monday,2024-12,125123.87999999998
S10,Staples & Grains,Saturday,2024-12,179084.5799999999
S10,Staples & Grains,Sunday,2024-12,197834.5299999999
S10,Staples & Grains,Thursday,2024-12,121546.22000000002
S10,Staples & Grains,Tuesday,2024-12,130371.56000000003
S10,Staples & Grains,Wednesday,2024-12,117467.05
S10,Stationery & General,Friday,2024-12,29272.50999999999
S10,Stationery & General,Monday,2024-12,31761.079999999998
S10,Stationery & General,Saturday,2024-12,48710.74
S10,Stationery & General,Sunday,2024-12,64457.21999999998
S10,Stationery & General,Thursday,2024-12,30152.23000000001
S10,Stationery & General,Tuesday,2024-12,37793.479999999996
S10,Stationery & General,Wednesday,2024-12,36347.52
S10,UNKNOWN,Friday,2024-12,-5681.689999999999
S10,UNKNOWN,Monday,2024-12,-6400.54
S10,UNKNOWN,Saturday,2024-12,-10434.27
S10,UNKNOWN,Sunday,2024-12,-12728.229999999998
S10,UNKNOWN,Thursday,2024-12,-6025.900000000001
S10,UNKNOWN,Tuesday,2024-12,-6951.95
S10,UNKNOWN,Wednesday,2024-12,-5842.399999999999
S11,Baby Care,Friday,2024-01,76167.09999999999
S11,Baby Care,Monday,2024-01,66820.60999999997
S11,Baby Care,Saturday,2024-01,87229.87999999999
S11,Baby Care,Sunday,2024-01,69859.31999999998
S11,Baby Care,Thursday,2024-01,23177.62
S11,Baby Care,Tuesday,2024-01,77001.49
S11,Baby Care,Wednesday,2024-01,48100.520000000004
S11,Bakery,Friday,2024-01,6175.58
S11,Bakery,Monday,2024-01,7033.830000000002
S11,Bakery,Saturday,2024-01,8422.19
S11,Bakery,Sunday,2024-01,8073.71
S11,Bakery,Thursday,2024-01,6954.59
S11,Bakery,Tuesday,2024-01,4392.7699999999995
S11,Bakery,Wednesday,2024-01,8282.929999999998
S11,Beverages,Friday,2024-01,13170.999999999998
S11,Beverages,Monday,2024-01,15305.519999999999
S11,Beverages,Saturday,2024-01,24174.580000000005
S11,Beverages,Sunday,2024-01,17501.07
S11,Beverages,Thursday,2024-01,11106.010000000002
S11,Beverages,Tuesday,2024-01,10906.749999999996
S11,Beverages,Wednesday,2024-01,8978.6
S11,Biscuits & Snacks,Friday,2024-01,4591.169999999999
S11,Biscuits & Snacks,Monday,2024-01,2946.4399999999987
S11,Biscuits & Snacks,Saturday,2024-01,7356.24
S11,Biscuits & Snacks,Sunday,2024-01,4465.379999999999
S11,Biscuits & Snacks,Thursday,2024-01,3677.8900000000003
S11,Biscuits & Snacks,Tuesday,2024-01,4413.07
S11,Biscuits & Snacks,Wednesday,2024-01,3310.8599999999997
S11,Confectionery,Friday,2024-01,15212.41
S11,Confectionery,Monday,2024-01,10364.77
S11,Confectionery,Saturday,2024-01,17244.020000000004
S11,Confectionery,Sunday,2024-01,14429.119999999995
S11,Confectionery,Thursday,2024-01,11394.81
S11,Confectionery,Tuesday,2024-01,10726.350000000002
S11,Confectionery,Wednesday,2024-01,13582.319999999996
S11,Dairy,Friday,2024-01,27294.26
S11,Dairy,Monday,2024-01,21303.360000000008
S11,Dairy,Saturday,2024-01,42360.72000000001
S11,Dairy,Sunday,2024-01,30363.859999999997
S11,Dairy,Thursday,2024-01,28232.790000000005
S11,Dairy,Tuesday,2024-01,25187.450000000008
S11,Dairy,Wednesday,2024-01,30778.33
S11,Edible Oils,Friday,2024-01,42545.899999999994
S11,Edible Oils,Monday,2024-01,76969.02999999997
S11,Edible Oils,Saturday,2024-01,82411.52
S11,Edible Oils,Sunday,2024-01,64935.09999999999
S11,Edible Oils,Thursday,2024-01,42491.03999999999
S11,Edible Oils,Tuesday,2024-01,33211.4
S11,Edible Oils,Wednesday,2024-01,65882.88
S11,Frozen & Ready to Eat,Friday,2024-01,18192.850000000002
S11,Frozen & Ready to Eat,Monday,2024-01,18189.430000000004
S11,Frozen & Ready to Eat,Saturday,2024-01,27669.400000000005
S11,Frozen & Ready to Eat,Sunday,2024-01,18883.710000000003
S11,Frozen & Ready to Eat,Thursday,2024-01,20958.449999999997
S11,Frozen & Ready to Eat,Tuesday,2024-01,16781.4
S11,Frozen & Ready to Eat,Wednesday,2024-01,18437.190000000002
S11,Fruits & Vegetables,Friday,2024-01,5018.070000000001
S11,Fruits & Vegetables,Monday,2024-01,7438.21
S11,Fruits & Vegetables,Saturday,2024-01,9656.76
S11,Fruits & Vegetables,Sunday,2024-01,9297.499999999998
S11,Fruits & Vegetables,Thursday,2024-01,8961.729999999998
S11,Fruits & Vegetables,Tuesday,2024-01,5689.349999999999
S11,Fruits & Vegetables,Wednesday,2024-01,10820.7
S11,Home Care,Friday,2024-01,17839.11
S11,Home Care,Monday,2024-01,18396.93
S11,Home Care,Saturday,2024-01,29802.38
S11,Home Care,Sunday,2024-01,23991.83
S11,Home Care,Thursday,2024-01,15927.109999999999
S11,Home Care,Tuesday,2024-01,12716.000000000002
S11,Home Care,Wednesday,2024-01,17255.45
S11,Personal Care,Friday,2024-01,17246.07
S11,Personal Care,Monday,2024-01,25845.019999999997
S11,Personal Care,Saturday,2024-01,31927.579999999998
S11,Personal Care,Sunday,2024-01,24812.059999999998
S11,Personal Care,Thursday,2024-01,25392.320000000003
S11,Personal Care,Tuesday,2024-01,18814.550000000003
S11,Personal Care,Wednesday,2024-01,18997.940000000002
S11,Spices & Masala,Friday,2024-01,9250.250000000002
S11,Spices & Masala,Monday,2024-01,11189.599999999997
S11,Spices & Masala,Saturday,2024-01,21165.38000000001
S11,Spices & Masala,Sunday,2024-01,13023.849999999999
S11,Spices & Masala,Thursday,2024-01,13888.640000000005
S11,Spices & Masala,Tuesday,2024-01,14619.220000000001
S11,Spices & Masala,Wednesday,2024-01,9947.010000000002
S11,Staples & Grains,Friday,2024-01,65623.86999999998
S11,Staples & Grains,Monday,2024-01,73907.73999999999
S11,Staples & Grains,Saturday,2024-01,73708.13000000002
S11,Staples & Grains,Sunday,2024-01,62513.649999999994
S11,Staples & Grains,Thursday,2024-01,34250.47
S11,Staples & Grains,Tuesday,2024-01,52256.12000000002
S11,Staples & Grains,Wednesday,2024-01,70324.65
S11,Stationery & General,Friday,2024-01,20922.01
S11,Stationery & General,Monday,2024-01,15491.789999999997
S11,Stationery & General,Saturday,2024-01,23118.94
S11,Stationery & General,Sunday,2024-01,12161.249999999998
S11,Stationery & General,Thursday,2024-01,11095.720000000001
S11,Stationery & General,Tuesday,2024-01,11682.599999999999
S11,Stationery & General,Wednesday,2024-01,17313.780000000002
S11,UNKNOWN,Friday,2024-01,-4370.8
S11,UNKNOWN,Monday,2024-01,-3471.9399999999996
S11,UNKNOWN,Saturday,2024-01,-5228.83
S11,UNKNOWN,Sunday,2024-01,-5157.799999999998
S11,UNKNOWN,Thursday,2024-01,-3053.2999999999997
S11,UNKNOWN,Tuesday,2024-01,-1971.4899999999998
S11,UNKNOWN,Wednesday,2024-01,-5015.240000000001
S11,Baby Care,Friday,2024-02,53690.33
S11,Baby Care,Monday,2024-02,42193.430000000015
S11,Baby Care,Saturday,2024-02,75021.54999999999
S11,Baby Care,Sunday,2024-02,61391.49000000001
S11,Baby Care,Thursday,2024-02,64603.85
S11,Baby Care,Tuesday,2024-02,23910.650000000005
S11,Baby Care,Wednesday,2024-02,25116.94
S11,Bakery,Friday,2024-02,8203.09
S11,Bakery,Monday,2024-02,4695.220000000001
S11,Bakery,Saturday,2024-02,9278.750000000002
S11,Bakery,Sunday,2024-02,6498.689999999999
S11,Bakery,Thursday,2024-02,6361.950000000001
S11,Bakery,Tuesday,2024-02,4020.8199999999997
S11,Bakery,Wednesday,2024-02,6314.56
S11,Beverages,Friday,2024-02,13024.419999999996
S11,Beverages,Monday,2024-02,10348.869999999999
S11,Beverages,Saturday,2024-02,26351.870000000006
S11,Beverages,Sunday,2024-02,21252.55
S11,Beverages,Thursday,2024-02,20183.74
S11,Beverages,Tuesday,2024-02,10728.089999999998
S11,Beverages,Wednesday,2024-02,13542.620000000003
S11,Biscuits & Snacks,Friday,2024-02,3085.38
S11,Biscuits & Snacks,Monday,2024-02,3401.06
S11,Biscuits & Snacks,Saturday,2024-02,6474.83
S11,Biscuits & Snacks,Sunday,2024-02,2812.3799999999997
S11,Biscuits & Snacks,Thursday,2024-02,5909.719999999999
S11,Biscuits & Snacks,Tuesday,2024-02,3795.08
S11,Biscuits & Snacks,Wednesday,2024-02,3745.4400000000005
S11,Confectionery,Friday,2024-02,12953.620000000003
S11,Confectionery,Monday,2024-02,5515.2
S11,Confectionery,Saturday,2024-02,15700.210000000005
S11,Confectionery,Sunday,2024-02,12976.5
S11,Confectionery,Thursday,2024-02,16533.079999999998
S11,Confectionery,Tuesday,2024-02,5267.76
S11,Confectionery,Wednesday,2024-02,4305.84
S11,Dairy,Friday,2024-02,27485.760000000002
S11,Dairy,Monday,2024-02,15450.469999999998
S11,Dairy,Saturday,2024-02,32840.54000000001
S11,Dairy,Sunday,2024-02,24003.070000000003
S11,Dairy,Thursday,2024-02,32188.45000000001
S11,Dairy,Tuesday,2024-02,11761.88
S11,Dairy,Wednesday,2024-02,10468.090000000002
S11,Edible Oils,Friday,2024-02,66940.65999999999
S11,Edible Oils,Monday,2024-02,28077.320000000003
S11,Edible Oils,Saturday,2024-02,54475.79
S11,Edible Oils,Sunday,2024-02,95929.23000000001
S11,Edible Oils,Thursday,2024-02,46174.81
S11,Edible Oils,Tuesday,2024-02,37429.939999999995
S11,Edible Oils,Wednesday,2024-02,39656.130000000005
S11,Frozen & Ready to Eat,Friday,2024-02,21621.090000000004
S11,Frozen & Ready to Eat,Monday,2024-02,12754.810000000001
S11,Frozen & Ready to Eat,Saturday,2024-02,23434.789999999997
S11,Frozen & Ready to Eat,Sunday,2024-02,22664.750000000004
S11,Frozen & Ready to Eat,Thursday,2024-02,25891.930000000004
S11,Frozen & Ready to Eat,Tuesday,2024-02,5663.109999999999
S11,Frozen & Ready to Eat,Wednesday,2024-02,10663.940000000002
S11,Fruits & Vegetables,Friday,2024-02,7831.779999999999
S11,Fruits & Vegetables,Monday,2024-02,7098.88
S11,Fruits & Vegetables,Saturday,2024-02,10259.99
S11,Fruits & Vegetables,Sunday,2024-02,8858.23
S11,Fruits & Vegetables,Thursday,2024-02,9119.55
S11,Fruits & Vegetables,Tuesday,2024-02,6485.579999999999
S11,Fruits & Vegetables,Wednesday,2024-02,10409.77
S11,Home Care,Friday,2024-02,21087.999999999993
S11,Home Care,Monday,2024-02,17154.589999999997
S11,Home Care,Saturday,2024-02,21633.510000000006
S11,Home Care,Sunday,2024-02,23276.539999999997
S11,Home Care,Thursday,2024-02,16719.620000000003
S11,Home Care,Tuesday,2024-02,9905.249999999998
S11,Home Care,Wednesday,2024-02,13852.410000000002
S11,Personal Care,Friday,2024-02,28168.6
S11,Personal Care,Monday,2024-02,19643.550000000003
S11,Personal Care,Saturday,2024-02,24265.22
S11,Personal Care,Sunday,2024-02,29177.139999999996
S11,Personal Care,Thursday,2024-02,20663.14
S11,Personal Care,Tuesday,2024-02,24516.780000000002
S11,Personal Care,Wednesday,2024-02,16776.489999999998
S11,Spices & Masala,Friday,2024-02,16370.499999999996
S11,Spices & Masala,Monday,2024-02,8376.13
S11,Spices & Masala,Saturday,2024-02,9428.49
S11,Spices & Masala,Sunday,2024-02,18109.86
S11,Spices & Masala,Thursday,2024-02,16380.209999999995
S11,Spices & Masala,Tuesday,2024-02,8570.14
S11,Spices & Masala,Wednesday,2024-02,6184.679999999999
S11,Staples & Grains,Friday,2024-02,66302.52
S11,Staples & Grains,Monday,2024-02,37019.21
S11,Staples & Grains,Saturday,2024-02,83156.99999999999
S11,Staples & Grains,Sunday,2024-02,60837.630000000005
S11,Staples & Grains,Thursday,2024-02,62549.15
S11,Staples & Grains,Tuesday,2024-02,57196.950000000004
S11,Staples & Grains,Wednesday,2024-02,51469.8
S11,Stationery & General,Friday,2024-02,14356.509999999998
S11,Stationery & General,Monday,2024-02,9087.519999999999
S11,Stationery & General,Saturday,2024-02,18594.899999999998
S11,Stationery & General,Sunday,2024-02,22378.560000000005
S11,Stationery & General,Thursday,2024-02,12614.409999999998
S11,Stationery & General,Tuesday,2024-02,12596.930000000002
S11,Stationery & General,Wednesday,2024-02,9850.16
S11,UNKNOWN,Friday,2024-02,-3261.53
S11,UNKNOWN,Monday,2024-02,-1773.7299999999998
S11,UNKNOWN,Saturday,2024-02,-5537.530000000001
S11,UNKNOWN,Sunday,2024-02,-2615.6100000000006
S11,UNKNOWN,Thursday,2024-02,-3354.4800000000005
S11,UNKNOWN,Tuesday,2024-02,-1928.8300000000002
S11,UNKNOWN,Wednesday,2024-02,-1558.6900000000003
S11,Baby Care,Friday,2024-03,81198.91999999998
S11,Baby Care,Monday,2024-03,59553.0
S11,Baby Care,Saturday,2024-03,116680.20000000001
S11,Baby Care,Sunday,2024-03,107806.01999999999
S11,Baby Care,Thursday,2024-03,44483.130000000005
S11,Baby Care,Tuesday,2024-03,36840.17
S11,Baby Care,Wednesday,2024-03,45750.399999999994
S11,Bakery,Friday,2024-03,10755.359999999999
S11,Bakery,Monday,2024-03,5387.5
S11,Bakery,Saturday,2024-03,10151.77
S11,Bakery,Sunday,2024-03,13238.990000000005
S11,Bakery,Thursday,2024-03,6039.52
S11,Bakery,Tuesday,2024-03,4416.76
S11,Bakery,Wednesday,2024-03,4301.43
S11,Beverages,Friday,2024-03,17576.21
S11,Beverages,Monday,2024-03,15647.939999999999
S11,Beverages,Saturday,2024-03,30877.629999999994
S11,Beverages,Sunday,2024-03,32864.740000000005
S11,Beverages,Thursday,2024-03,13704.329999999998
S11,Beverages,Tuesday,2024-03,12256.68
S11,Beverages,Wednesday,2024-03,9274.75
S11,Biscuits & Snacks,Friday,2024-03,5309.93
S11,Biscuits & Snacks,Monday,2024-03,3889.1099999999997
S11,Biscuits & Snacks,Saturday,2024-03,11960.150000000001
S11,Biscuits & Snacks,Sunday,2024-03,6896.41
S11,Biscuits & Snacks,Thursday,2024-03,5332.57
S11,Biscuits & Snacks,Tuesday,2024-03,2787.38
S11,Biscuits & Snacks,Wednesday,2024-03,2627.0600000000004
S11,Confectionery,Friday,2024-03,10625.259999999998
S11,Confectionery,Monday,2024-03,7462.650000000001
S11,Confectionery,Saturday,2024-03,19304.940000000002
S11,Confectionery,Sunday,2024-03,18245.899999999998
S11,Confectionery,Thursday,2024-03,12831.09
S11,Confectionery,Tuesday,2024-03,8343.689999999999
S11,Confectionery,Wednesday,2024-03,9830.57
S11,Dairy,Friday,2024-03,39136.32
S11,Dairy,Monday,2024-03,24608.43
S11,Dairy,Saturday,2024-03,29613.950000000004
S11,Dairy,Sunday,2024-03,51017.79000000001
S11,Dairy,Thursday,2024-03,29804.600000000002
S11,Dairy,Tuesday,2024-03,12435.25
S11,Dairy,Wednesday,2024-03,19029.649999999998
S11,Edible Oils,Friday,2024-03,54068.119999999995
S11,Edible Oils,Monday,2024-03,41359.380000000005
S11,Edible Oils,Saturday,2024-03,107297.36999999997
S11,Edible Oils,Sunday,2024-03,62931.240000000005
S11,Edible Oils,Thursday,2024-03,37559.98
S11,Edible Oils,Tuesday,2024-03,25955.92
S11,Edible Oils,Wednesday,2024-03,32350.570000000003
S11,Frozen & Ready to Eat,Friday,2024-03,21258.63
S11,Frozen & Ready to Eat,Monday,2024-03,13867.77
S11,Frozen & Ready to Eat,Saturday,2024-03,22041.760000000002
S11,Frozen & Ready to Eat,Sunday,2024-03,40142.71000000001
S11,Frozen & Ready to Eat,Thursday,2024-03,13663.56
S11,Frozen & Ready to Eat,Tuesday,2024-03,8403.990000000002
S11,Frozen & Ready to Eat,Wednesday,2024-03,14217.699999999999
S11,Fruits & Vegetables,Friday,2024-03,9901.09
S11,Fruits & Vegetables,Monday,2024-03,6637.3
S11,Fruits & Vegetables,Saturday,2024-03,13215.22
S11,Fruits & Vegetables,Sunday,2024-03,17358.82
S11,Fruits & Vegetables,Thursday,2024-03,9801.79
S11,Fruits & Vegetables,Tuesday,2024-03,3875.34
S11,Fruits & Vegetables,Wednesday,2024-03,4765.009999999999
S11,Home Care,Friday,2024-03,26726.940000000002
S11,Home Care,Monday,2024-03,8630.009999999998
S11,Home Care,Saturday,2024-03,27082.74
S11,Home Care,Sunday,2024-03,35915.57
S11,Home Care,Thursday,2024-03,16076.86
S11,Home Care,Tuesday,2024-03,16705.41
S11,Home Care,Wednesday,2024-03,12227.43
S11,Personal Care,Friday,2024-03,23423.4
S11,Personal Care,Monday,2024-03,31521.620000000003
S11,Personal Care,Saturday,2024-03,40107.840000000004
S11,Personal Care,Sunday,2024-03,55728.34000000001
S11,Personal Care,Thursday,2024-03,30652.310000000005
S11,Personal Care,Tuesday,2024-03,19257.229999999996
S11,Personal Care,Wednesday,2024-03,18611.670000000002
S11,Spices & Masala,Friday,2024-03,15020.419999999998
S11,Spices & Masala,Monday,2024-03,8750.67
S11,Spices & Masala,Saturday,2024-03,15099.339999999997
S11,Spices & Masala,Sunday,2024-03,21103.3
S11,Spices & Masala,Thursday,2024-03,9772.86
S11,Spices & Masala,Tuesday,2024-03,4874.91
S11,Spices & Masala,Wednesday,2024-03,8300.529999999999
S11,Staples & Grains,Friday,2024-03,92409.30000000002
S11,Staples & Grains,Monday,2024-03,46552.48
S11,Staples & Grains,Saturday,2024-03,112665.63999999998
S11,Staples & Grains,Sunday,2024-03,156986.66000000003
S11,Staples & Grains,Thursday,2024-03,51158.53999999999
S11,Staples & Grains,Tuesday,2024-03,52367.92
S11,Staples & Grains,Wednesday,2024-03,27010.2
S11,Stationery & General,Friday,2024-03,22924.409999999996
S11,Stationery & General,Monday,2024-03,10301.83
S11,Stationery & General,Saturday,2024-03,36546.11
S11,Stationery & General,Sunday,2024-03,26338.29
S11,Stationery & General,Thursday,2024-03,15697.05
S11,Stationery & General,Tuesday,2024-03,19268.479999999996
S11,Stationery & General,Wednesday,2024-03,9341.02
S11,UNKNOWN,Friday,2024-03,-6643.82
S11,UNKNOWN,Monday,2024-03,-1931.06
S11,UNKNOWN,Saturday,2024-03,-4578.33
S11,UNKNOWN,Sunday,2024-03,-6151.93
S11,UNKNOWN,Thursday,2024-03,-1123.21
S11,UNKNOWN,Tuesday,2024-03,-2891.25
S11,UNKNOWN,Wednesday,2024-03,-2568.88
S11,Baby Care,Friday,2024-04,52800.719999999994
S11,Baby Care,Monday,2024-04,40251.79
S11,Baby Care,Saturday,2024-04,73564.89000000001
S11,Baby Care,Sunday,2024-04,48353.07
S11,Baby Care,Thursday,2024-04,54888.85999999999
S11,Baby Care,Tuesday,2024-04,27599.13
S11,Baby Care,Wednesday,2024-04,30471.87
S11,Bakery,Friday,2024-04,11626.650000000001
S11,Bakery,Monday,2024-04,7906.1799999999985
S11,Bakery,Saturday,2024-04,13633.750000000007
S11,Bakery,Sunday,2024-04,8262.690000000002
S11,Bakery,Thursday,2024-04,8407.470000000001
S11,Bakery,Tuesday,2024-04,7331.27
S11,Bakery,Wednesday,2024-04,4264.22
S11,Beverages,Friday,2024-04,20554.25
S11,Beverages,Monday,2024-04,14721.049999999996
S11,Beverages,Saturday,2024-04,29769.690000000002
S11,Beverages,Sunday,2024-04,27448.050000000003
S11,Beverages,Thursday,2024-04,17209.700000000004
S11,Beverages,Tuesday,2024-04,16711.220000000005
S11,Beverages,Wednesday,2024-04,19642.97
S11,Biscuits & Snacks,Friday,2024-04,4778.219999999998
S11,Biscuits & Snacks,Monday,2024-04,5318.33
S11,Biscuits & Snacks,Saturday,2024-04,6031.009999999999
S11,Biscuits & Snacks,Sunday,2024-04,4231.6799999999985
S11,Biscuits & Snacks,Thursday,2024-04,4233.35
S11,Biscuits & Snacks,Tuesday,2024-04,3143.0099999999998
S11,Biscuits & Snacks,Wednesday,2024-04,4557.52
S11,Confectionery,Friday,2024-04,14448.789999999994
S11,Confectionery,Monday,2024-04,12202.98
S11,Confectionery,Saturday,2024-04,18065.81
S11,Confectionery,Sunday,2024-04,14644.339999999998
S11,Confectionery,Thursday,2024-04,9230.01
S11,Confectionery,Tuesday,2024-04,11208.789999999997
S11,Confectionery,Wednesday,2024-04,7241.6
S11,Dairy,Friday,2024-04,33738.380000000005
S11,Dairy,Monday,2024-04,19686.530000000002
S11,Dairy,Saturday,2024-04,43855.340000000026
S11,Dairy,Sunday,2024-04,28164.070000000003
S11,Dairy,Thursday,2024-04,17075.44
S11,Dairy,Tuesday,2024-04,25867.710000000003
S11,Dairy,Wednesday,2024-04,18564.969999999998
S11,Edible Oils,Friday,2024-04,38659.67
S11,Edible Oils,Monday,2024-04,48610.88
S11,Edible Oils,Saturday,2024-04,58089.23999999998
S11,Edible Oils,Sunday,2024-04,54625.52999999998
S11,Edible Oils,Thursday,2024-04,48538.46999999999
S11,Edible Oils,Tuesday,2024-04,20206.94
S11,Edible Oils,Wednesday,2024-04,58256.77999999999
S11,Frozen & Ready to Eat,Friday,2024-04,20657.13
S11,Frozen & Ready to Eat,Monday,2024-04,9777.56
S11,Frozen & Ready to Eat,Saturday,2024-04,29038.010000000002
S11,Frozen & Ready to Eat,Sunday,2024-04,23971.65
S11,Frozen & Ready to Eat,Thursday,2024-04,22242.380000000005
S11,Frozen & Ready to Eat,Tuesday,2024-04,15096.669999999998
S11,Frozen & Ready to Eat,Wednesday,2024-04,13010.3
S11,Fruits & Vegetables,Friday,2024-04,8715.729999999998
S11,Fruits & Vegetables,Monday,2024-04,4872.56
S11,Fruits & Vegetables,Saturday,2024-04,10441.080000000002
S11,Fruits & Vegetables,Sunday,2024-04,11234.66
S11,Fruits & Vegetables,Thursday,2024-04,8888.82
S11,Fruits & Vegetables,Tuesday,2024-04,8025.209999999999
S11,Fruits & Vegetables,Wednesday,2024-04,6003.23
S11,Home Care,Friday,2024-04,23464.99
S11,Home Care,Monday,2024-04,19438.879999999997
S11,Home Care,Saturday,2024-04,26123.970000000005
S11,Home Care,Sunday,2024-04,21975.98
S11,Home Care,Thursday,2024-04,11919.409999999998
S11,Home Care,Tuesday,2024-04,15385.359999999997
S11,Home Care,Wednesday,2024-04,15031.77
S11,Personal Care,Friday,2024-04,30995.39
S11,Personal Care,Monday,2024-04,19992.960000000006
S11,Personal Care,Saturday,2024-04,31268.670000000006
S11,Personal Care,Sunday,2024-04,24996.079999999998
S11,Personal Care,Thursday,2024-04,26502.579999999994
S11,Personal Care,Tuesday,2024-04,21755.440000000002
S11,Personal Care,Wednesday,2024-04,14446.229999999998
S11,Spices & Masala,Friday,2024-04,15154.699999999997
S11,Spices & Masala,Monday,2024-04,10130.92
S11,Spices & Masala,Saturday,2024-04,11607.45
S11,Spices & Masala,Sunday,2024-04,10082.13
S11,Spices & Masala,Thursday,2024-04,7568.889999999999
S11,Spices & Masala,Tuesday,2024-04,11427.479999999998
S11,Spices & Masala,Wednesday,2024-04,7422.509999999999
S11,Staples & Grains,Friday,2024-04,74773.75
S11,Staples & Grains,Monday,2024-04,51214.60999999999
S11,Staples & Grains,Saturday,2024-04,92528.48999999996
S11,Staples & Grains,Sunday,2024-04,74821.95
S11,Staples & Grains,Thursday,2024-04,67739.15999999997
S11,Staples & Grains,Tuesday,2024-04,59360.25999999999
S11,Staples & Grains,Wednesday,2024-04,41453.10999999999
S11,Stationery & General,Friday,2024-04,19357.26
S11,Stationery & General,Monday,2024-04,16849.1
S11,Stationery & General,Saturday,2024-04,20468.81
S11,Stationery & General,Sunday,2024-04,17358.109999999997
S11,Stationery & General,Thursday,2024-04,14468.160000000002
S11,Stationery & General,Tuesday,2024-04,8003.130000000002
S11,Stationery & General,Wednesday,2024-04,10033.8
S11,UNKNOWN,Friday,2024-04,-2830.9800000000005
S11,UNKNOWN,Monday,2024-04,-4362.410000000001
S11,UNKNOWN,Saturday,2024-04,-7742.79
S11,UNKNOWN,Sunday,2024-04,-3394.2599999999993
S11,UNKNOWN,Thursday,2024-04,-1524.0
S11,UNKNOWN,Tuesday,2024-04,-2629.8199999999997
S11,UNKNOWN,Wednesday,2024-04,-2980.28
S11,Baby Care,Friday,2024-05,68997.68
S11,Baby Care,Monday,2024-05,48387.59000000001
S11,Baby Care,Saturday,2024-05,102928.12999999999
S11,Baby Care,Sunday,2024-05,75641.39000000003
S11,Baby Care,Thursday,2024-05,48674.43000000001
S11,Baby Care,Tuesday,2024-05,54712.71000000001
S11,Baby Care,Wednesday,2024-05,35284.10999999999
S11,Bakery,Friday,2024-05,13130.420000000004
S11,Bakery,Monday,2024-05,6266.780000000001
S11,Bakery,Saturday,2024-05,13574.61
S11,Bakery,Sunday,2024-05,9694.160000000002
S11,Bakery,Thursday,2024-05,9327.300000000001
S11,Bakery,Tuesday,2024-05,8094.3099999999995
S11,Bakery,Wednesday,2024-05,8367.84
S11,Beverages,Friday,2024-05,20251.74
S11,Beverages,Monday,2024-05,14767.699999999997
S11,Beverages,Saturday,2024-05,28449.910000000007
S11,Beverages,Sunday,2024-05,13104.36
S11,Beverages,Thursday,2024-05,29853.690000000002
S11,Beverages,Tuesday,2024-05,19108.869999999995
S11,Beverages,Wednesday,2024-05,19125.93
S11,Biscuits & Snacks,Friday,2024-05,9112.129999999996
S11,Biscuits & Snacks,Monday,2024-05,3494.539999999999
S11,Biscuits & Snacks,Saturday,2024-05,8453.309999999998
S11,Biscuits & Snacks,Sunday,2024-05,4867.339999999998
S11,Biscuits & Snacks,Thursday,2024-05,4285.05
S11,Biscuits & Snacks,Tuesday,2024-05,3743.1499999999996
S11,Biscuits & Snacks,Wednesday,2024-05,5045.790000000001
S11,Confectionery,Friday,2024-05,15215.749999999996
S11,Confectionery,Monday,2024-05,11112.990000000002
S11,Confectionery,Saturday,2024-05,18367.01
S11,Confectionery,Sunday,2024-05,11709.919999999998
S11,Confectionery,Thursday,2024-05,10765.230000000001
S11,Confectionery,Tuesday,2024-05,8177.3200000000015
S11,Confectionery,Wednesday,2024-05,7541.9400000000005
S11,Dairy,Friday,2024-05,44471.84
S11,Dairy,Monday,2024-05,23703.079999999998
S11,Dairy,Saturday,2024-05,35939.55000000002
S11,Dairy,Sunday,2024-05,29523.44
S11,Dairy,Thursday,2024-05,25803.1
S11,Dairy,Tuesday,2024-05,20101.35
S11,Dairy,Wednesday,2024-05,22805.78
S11,Edible Oils,Friday,2024-05,61206.84000000001
S11,Edible Oils,Monday,2024-05,40107.28
S11,Edible Oils,Saturday,2024-05,113799.51
S11,Edible Oils,Sunday,2024-05,59674.27999999999
S11,Edible Oils,Thursday,2024-05,60408.359999999986
S11,Edible Oils,Tuesday,2024-05,55566.460000000014
S11,Edible Oils,Wednesday,2024-05,55817.00999999999
S11,Frozen & Ready to Eat,Friday,2024-05,27957.650000000012
S11,Frozen & Ready to Eat,Monday,2024-05,16563.780000000002
S11,Frozen & Ready to Eat,Saturday,2024-05,28482.15
S11,Frozen & Ready to Eat,Sunday,2024-05,26386.760000000006
S11,Frozen & Ready to Eat,Thursday,2024-05,32081.350000000002
S11,Frozen & Ready to Eat,Tuesday,2024-05,11355.98
S11,Frozen & Ready to Eat,Wednesday,2024-05,20653.809999999998
S11,Fruits & Vegetables,Friday,2024-05,13944.819999999996
S11,Fruits & Vegetables,Monday,2024-05,6214.530000000001
S11,Fruits & Vegetables,Saturday,2024-05,15616.029999999999
S11,Fruits & Vegetables,Sunday,2024-05,10690.67
S11,Fruits & Vegetables,Thursday,2024-05,11272.599999999999
S11,Fruits & Vegetables,Tuesday,2024-05,6140.4400000000005
S11,Fruits & Vegetables,Wednesday,2024-05,10075.640000000001
S11,Home Care,Friday,2024-05,20747.590000000004
S11,Home Care,Monday,2024-05,12516.129999999997
S11,Home Care,Saturday,2024-05,13695.070000000003
S11,Home Care,Sunday,2024-05,19460.71
S11,Home Care,Thursday,2024-05,15787.77
S11,Home Care,Tuesday,2024-05,21822.75
S11,Home Care,Wednesday,2024-05,16722.030000000002
S11,Personal Care,Friday,2024-05,28443.160000000007
S11,Personal Care,Monday,2024-05,20268.170000000002
S11,Personal Care,Saturday,2024-05,37699.25
S11,Personal Care,Sunday,2024-05,34417.92999999999
S11,Personal Care,Thursday,2024-05,29836.57
S11,Personal Care,Tuesday,2024-05,27087.97
S11,Personal Care,Wednesday,2024-05,17439.420000000006
S11,Spices & Masala,Friday,2024-05,14044.679999999998
S11,Spices & Masala,Monday,2024-05,6708.9400000000005
S11,Spices & Masala,Saturday,2024-05,18249.830000000005
S11,Spices & Masala,Sunday,2024-05,11949.94
S11,Spices & Masala,Thursday,2024-05,15273.34
S11,Spices & Masala,Tuesday,2024-05,9791.98
S11,Spices & Masala,Wednesday,2024-05,9702.579999999998
S11,Staples & Grains,Friday,2024-05,77371.61000000002
S11,Staples & Grains,Monday,2024-05,50386.630000000005
S11,Staples & Grains,Saturday,2024-05,95941.05000000002
S11,Staples & Grains,Sunday,2024-05,80691.23999999999
S11,Staples & Grains,Thursday,2024-05,84657.51999999997
S11,Staples & Grains,Tuesday,2024-05,31618.749999999996
S11,Staples & Grains,Wednesday,2024-05,66159.58999999998
S11,Stationery & General,Friday,2024-05,32721.969999999994
S11,Stationery & General,Monday,2024-05,12724.539999999999
S11,Stationery & General,Saturday,2024-05,23059.100000000002
S11,Stationery & General,Sunday,2024-05,14252.949999999997
S11,Stationery & General,Thursday,2024-05,16151.6
S11,Stationery & General,Tuesday,2024-05,12631.4
S11,Stationery & General,Wednesday,2024-05,17381.949999999997
S11,UNKNOWN,Friday,2024-05,-1492.4200000000008
S11,UNKNOWN,Monday,2024-05,-1665.6100000000001
S11,UNKNOWN,Saturday,2024-05,-6919.96
S11,UNKNOWN,Sunday,2024-05,-5067.0
S11,UNKNOWN,Thursday,2024-05,-2934.66
S11,UNKNOWN,Tuesday,2024-05,-5292.53
S11,UNKNOWN,Wednesday,2024-05,-2957.62
S11,Baby Care,Friday,2024-06,45324.299999999996
S11,Baby Care,Monday,2024-06,30203.759999999995
S11,Baby Care,Saturday,2024-06,112109.77999999997
S11,Baby Care,Sunday,2024-06,57393.74
S11,Baby Care,Thursday,2024-06,28273.460000000003
S11,Baby Care,Tuesday,2024-06,51091.060000000005
S11,Baby Care,Wednesday,2024-06,55349.4
S11,Bakery,Friday,2024-06,7550.829999999999
S11,Bakery,Monday,2024-06,4088.0199999999995
S11,Bakery,Saturday,2024-06,14484.57
S11,Bakery,Sunday,2024-06,12738.71
S11,Bakery,Thursday,2024-06,8346.439999999999
S11,Bakery,Tuesday,2024-06,5870.599999999999
S11,Bakery,Wednesday,2024-06,5204.339999999998
S11,Beverages,Friday,2024-06,9436.61
S11,Beverages,Monday,2024-06,11802.59
S11,Beverages,Saturday,2024-06,28830.420000000002
S11,Beverages,Sunday,2024-06,37896.93000000001
S11,Beverages,Thursday,2024-06,11051.559999999998
S11,Beverages,Tuesday,2024-06,7746.819999999999
S11,Beverages,Wednesday,2024-06,15492.529999999997
S11,Biscuits & Snacks,Friday,2024-06,3426.0599999999995
S11,Biscuits & Snacks,Monday,2024-06,3634.4399999999996
S11,Biscuits & Snacks,Saturday,2024-06,7035.86
S11,Biscuits & Snacks,Sunday,2024-06,6496.689999999996
S11,Biscuits & Snacks,Thursday,2024-06,1762.3500000000006
S11,Biscuits & Snacks,Tuesday,2024-06,4604.42
S11,Biscuits & Snacks,Wednesday,2024-06,2719.32
S11,Confectionery,Friday,2024-06,11838.58
S11,Confectionery,Monday,2024-06,11090.17
S11,Confectionery,Saturday,2024-06,13663.689999999999
S11,Confectionery,Sunday,2024-06,15602.199999999999
S11,Confectionery,Thursday,2024-06,11029.679999999997
S11,Confectionery,Tuesday,2024-06,7740.780000000001
S11,Confectionery,Wednesday,2024-06,9129.07
S11,Dairy,Friday,2024-06,30640.290000000005
S11,Dairy,Monday,2024-06,21461.340000000004
S11,Dairy,Saturday,2024-06,46492.000000000015
S11,Dairy,Sunday,2024-06,41291.130000000005
S11,Dairy,Thursday,2024-06,17364.379999999997
S11,Dairy,Tuesday,2024-06,17488.02
S11,Dairy,Wednesday,2024-06,20954.129999999997
S11,Edible Oils,Friday,2024-06,60722.76
S11,Edible Oils,Monday,2024-06,10819.41
S11,Edible Oils,Saturday,2024-06,92571.62999999996
S11,Edible Oils,Sunday,2024-06,75426.31
S11,Edible Oils,Thursday,2024-06,42586.82000000001
S11,Edible Oils,Tuesday,2024-06,53658.98000000001
S11,Edible Oils,Wednesday,2024-06,31844.010000000002
S11,Frozen & Ready to Eat,Friday,2024-06,14885.8
S11,Frozen & Ready to Eat,Monday,2024-06,11849.659999999998
S11,Frozen & Ready to Eat,Saturday,2024-06,26287.17
S11,Frozen & Ready to Eat,Sunday,2024-06,20270.39
S11,Frozen & Ready to Eat,Thursday,2024-06,9959.109999999999
S11,Frozen & Ready to Eat,Tuesday,2024-06,14102.29
S11,Frozen & Ready to Eat,Wednesday,2024-06,14618.339999999997
S11,Fruits & Vegetables,Friday,2024-06,10230.66
S11,Fruits & Vegetables,Monday,2024-06,9663.86
S11,Fruits & Vegetables,Saturday,2024-06,16382.439999999997
S11,Fruits & Vegetables,Sunday,2024-06,15517.810000000001
S11,Fruits & Vegetables,Thursday,2024-06,8239.079999999998
S11,Fruits & Vegetables,Tuesday,2024-06,6972.810000000001
S11,Fruits & Vegetables,Wednesday,2024-06,7431.009999999999
S11,Home Care,Friday,2024-06,15833.089999999998
S11,Home Care,Monday,2024-06,9206.67
S11,Home Care,Saturday,2024-06,28969.36
S11,Home Care,Sunday,2024-06,24681.57
S11,Home Care,Thursday,2024-06,13098.479999999998
S11,Home Care,Tuesday,2024-06,13536.169999999998
S11,Home Care,Wednesday,2024-06,13987.1
S11,Personal Care,Friday,2024-06,34042.740000000005
S11,Personal Care,Monday,2024-06,13854.43
S11,Personal Care,Saturday,2024-06,28042.380000000005
S11,Personal Care,Sunday,2024-06,43828.37999999998
S11,Personal Care,Thursday,2024-06,12784.000000000002
S11,Personal Care,Tuesday,2024-06,25870.110000000004
S11,Personal Care,Wednesday,2024-06,21812.270000000004
S11,Spices & Masala,Friday,2024-06,11642.27
S11,Spices & Masala,Monday,2024-06,9348.719999999998
S11,Spices & Masala,Saturday,2024-06,15549.669999999998
S11,Spices & Masala,Sunday,2024-06,13591.799999999996
S11,Spices & Masala,Thursday,2024-06,9132.569999999998
S11,Spices & Masala,Tuesday,2024-06,10347.429999999998
S11,Spices & Masala,Wednesday,2024-06,8077.030000000001
S11,Staples & Grains,Friday,2024-06,34802.66
S11,Staples & Grains,Monday,2024-06,71626.49
S11,Staples & Grains,Saturday,2024-06,107515.00999999997
S11,Staples & Grains,Sunday,2024-06,102394.23
S11,Staples & Grains,Thursday,2024-06,55480.24
S11,Staples & Grains,Tuesday,2024-06,65485.42999999998
S11,Staples & Grains,Wednesday,2024-06,71878.66999999998
S11,Stationery & General,Friday,2024-06,13587.77
S11,Stationery & General,Monday,2024-06,10830.899999999996
S11,Stationery & General,Saturday,2024-06,29548.029999999995
S11,Stationery & General,Sunday,2024-06,24725.429999999997
S11,Stationery & General,Thursday,2024-06,6704.380000000001
S11,Stationery & General,Tuesday,2024-06,16128.96
S11,Stationery & General,Wednesday,2024-06,15725.92
S11,UNKNOWN,Friday,2024-06,-1806.42
S11,UNKNOWN,Monday,2024-06,-2902.62
S11,UNKNOWN,Saturday,2024-06,-4753.099999999999
S11,UNKNOWN,Sunday,2024-06,-3695.1299999999997
S11,UNKNOWN,Thursday,2024-06,-2875.2400000000002
S11,UNKNOWN,Tuesday,2024-06,-3293.1500000000005
S11,UNKNOWN,Wednesday,2024-06,-1217.31
S11,Baby Care,Friday,2024-07,40721.86000000001
S11,Baby Care,Monday,2024-07,46677.42999999999
S11,Baby Care,Saturday,2024-07,72176.49
S11,Baby Care,Sunday,2024-07,102592.58999999997
S11,Baby Care,Thursday,2024-07,27356.680000000004
S11,Baby Care,Tuesday,2024-07,63746.119999999995
S11,Baby Care,Wednesday,2024-07,43846.86000000001
S11,Bakery,Friday,2024-07,8002.799999999999
S11,Bakery,Monday,2024-07,5739.89
S11,Bakery,Saturday,2024-07,9057.07
S11,Bakery,Sunday,2024-07,10244.509999999997
S11,Bakery,Thursday,2024-07,7908.79
S11,Bakery,Tuesday,2024-07,11151.61
S11,Bakery,Wednesday,2024-07,9490.45
S11,Beverages,Friday,2024-07,15487.59
S11,Beverages,Monday,2024-07,16388.08
S11,Beverages,Saturday,2024-07,26075.840000000007
S11,Beverages,Sunday,2024-07,22636.440000000002
S11,Beverages,Thursday,2024-07,11614.430000000002
S11,Beverages,Tuesday,2024-07,11600.37
S11,Beverages,Wednesday,2024-07,20020.680000000008
S11,Biscuits & Snacks,Friday,2024-07,5297.900000000001
S11,Biscuits & Snacks,Monday,2024-07,5876.999999999998
S11,Biscuits & Snacks,Saturday,2024-07,6239.979999999999
S11,Biscuits & Snacks,Sunday,2024-07,4290.849999999999
S11,Biscuits & Snacks,Thursday,2024-07,3207.0799999999995
S11,Biscuits & Snacks,Tuesday,2024-07,2581.4699999999993
S11,Biscuits & Snacks,Wednesday,2024-07,2871.0099999999998
S11,Confectionery,Friday,2024-07,5844.5599999999995
S11,Confectionery,Monday,2024-07,11763.57
S11,Confectionery,Saturday,2024-07,13588.65
S11,Confectionery,Sunday,2024-07,13394.91
S11,Confectionery,Thursday,2024-07,9029.51
S11,Confectionery,Tuesday,2024-07,13213.249999999996
S11,Confectionery,Wednesday,2024-07,9102.619999999997
S11,Dairy,Friday,2024-07,22502.039999999997
S11,Dairy,Monday,2024-07,21655.379999999997
S11,Dairy,Saturday,2024-07,37844.06999999999
S11,Dairy,Sunday,2024-07,22576.86
S11,Dairy,Thursday,2024-07,16017.32
S11,Dairy,Tuesday,2024-07,27162.649999999998
S11,Dairy,Wednesday,2024-07,25016.09
S11,Edible Oils,Friday,2024-07,50141.62
S11,Edible Oils,Monday,2024-07,54916.10000000001
S11,Edible Oils,Saturday,2024-07,96372.07999999996
S11,Edible Oils,Sunday,2024-07,74459.19
S11,Edible Oils,Thursday,2024-07,48022.62
S11,Edible Oils,Tuesday,2024-07,37207.88
S11,Edible Oils,Wednesday,2024-07,32299.069999999996
S11,Frozen & Ready to Eat,Friday,2024-07,20529.22
S11,Frozen & Ready to Eat,Monday,2024-07,15347.869999999997
S11,Frozen & Ready to Eat,Saturday,2024-07,26191.010000000002
S11,Frozen & Ready to Eat,Sunday,2024-07,28486.78
S11,Frozen & Ready to Eat,Thursday,2024-07,15850.029999999999
S11,Frozen & Ready to Eat,Tuesday,2024-07,16515.27
S11,Frozen & Ready to Eat,Wednesday,2024-07,17001.37
S11,Fruits & Vegetables,Friday,2024-07,7833.119999999999
S11,Fruits & Vegetables,Monday,2024-07,7765.920000000001
S11,Fruits & Vegetables,Saturday,2024-07,12665.1
S11,Fruits & Vegetables,Sunday,2024-07,11543.160000000002
S11,Fruits & Vegetables,Thursday,2024-07,8540.710000000001
S11,Fruits & Vegetables,Tuesday,2024-07,5963.649999999999
S11,Fruits & Vegetables,Wednesday,2024-07,9089.650000000001
S11,Home Care,Friday,2024-07,16024.06
S11,Home Care,Monday,2024-07,15252.580000000002
S11,Home Care,Saturday,2024-07,25106.940000000002
S11,Home Care,Sunday,2024-07,28648.079999999998
S11,Home Care,Thursday,2024-07,17071.199999999997
S11,Home Care,Tuesday,2024-07,11505.009999999998
S11,Home Care,Wednesday,2024-07,17763.980000000003
S11,Personal Care,Friday,2024-07,25618.479999999996
S11,Personal Care,Monday,2024-07,12576.050000000001
S11,Personal Care,Saturday,2024-07,35555.89
S11,Personal Care,Sunday,2024-07,27021.63
S11,Personal Care,Thursday,2024-07,32801.68000000001
S11,Personal Care,Tuesday,2024-07,19222.99
S11,Personal Care,Wednesday,2024-07,24751.62
S11,Spices & Masala,Friday,2024-07,13046.73
S11,Spices & Masala,Monday,2024-07,8460.619999999999
S11,Spices & Masala,Saturday,2024-07,15474.939999999997
S11,Spices & Masala,Sunday,2024-07,13378.630000000001
S11,Spices & Masala,Thursday,2024-07,9703.119999999997
S11,Spices & Masala,Tuesday,2024-07,9452.310000000001
S11,Spices & Masala,Wednesday,2024-07,13558.169999999998
S11,Staples & Grains,Friday,2024-07,59774.33999999999
S11,Staples & Grains,Monday,2024-07,56111.53999999999
S11,Staples & Grains,Saturday,2024-07,86020.61
S11,Staples & Grains,Sunday,2024-07,73296.47999999998
S11,Staples & Grains,Thursday,2024-07,42905.529999999984
S11,Staples & Grains,Tuesday,2024-07,71859.73999999998
S11,Staples & Grains,Wednesday,2024-07,79797.09000000003
S11,Stationery & General,Friday,2024-07,17979.159999999996
S11,Stationery & General,Monday,2024-07,14035.28
S11,Stationery & General,Saturday,2024-07,19448.269999999997
S11,Stationery & General,Sunday,2024-07,25651.989999999998
S11,Stationery & General,Thursday,2024-07,17396.609999999997
S11,Stationery & General,Tuesday,2024-07,16800.979999999996
S11,Stationery & General,Wednesday,2024-07,16352.399999999998
S11,UNKNOWN,Friday,2024-07,-3542.88
S11,UNKNOWN,Monday,2024-07,-3051.71
S11,UNKNOWN,Saturday,2024-07,-5631.9
S11,UNKNOWN,Sunday,2024-07,-5048.47
S11,UNKNOWN,Thursday,2024-07,-2815.99
S11,UNKNOWN,Tuesday,2024-07,-1159.8899999999999
S11,UNKNOWN,Wednesday,2024-07,-2050.37
S11,Baby Care,Friday,2024-08,94860.19
S11,Baby Care,Monday,2024-08,56295.73999999999
S11,Baby Care,Saturday,2024-08,100535.63999999998
S11,Baby Care,Sunday,2024-08,77730.23
S11,Baby Care,Thursday,2024-08,64449.520000000004
S11,Baby Care,Tuesday,2024-08,67476.01000000001
S11,Baby Care,Wednesday,2024-08,38879.18
S11,Bakery,Friday,2024-08,9750.699999999997
S11,Bakery,Monday,2024-08,9474.72
S11,Bakery,Saturday,2024-08,15564.090000000004
S11,Bakery,Sunday,2024-08,7505.479999999998
S11,Bakery,Thursday,2024-08,11223.03
S11,Bakery,Tuesday,2024-08,6674.070000000001
S11,Bakery,Wednesday,2024-08,7081.27
S11,Beverages,Friday,2024-08,28720.570000000003
S11,Beverages,Monday,2024-08,11968.189999999999
S11,Beverages,Saturday,2024-08,43792.58999999999
S11,Beverages,Sunday,2024-08,13566.689999999999
S11,Beverages,Thursday,2024-08,22677.350000000006
S11,Beverages,Tuesday,2024-08,8646.679999999998
S11,Beverages,Wednesday,2024-08,15226.730000000003
S11,Biscuits & Snacks,Friday,2024-08,6403.38
S11,Biscuits & Snacks,Monday,2024-08,4187.78
S11,Biscuits & Snacks,Saturday,2024-08,8550.650000000003
S11,Biscuits & Snacks,Sunday,2024-08,6252.4
S11,Biscuits & Snacks,Thursday,2024-08,4966.9
S11,Biscuits & Snacks,Tuesday,2024-08,4224.67
S11,Biscuits & Snacks,Wednesday,2024-08,5639.2699999999995
S11,Confectionery,Friday,2024-08,13088.899999999998
S11,Confectionery,Monday,2024-08,6646.4800000000005
S11,Confectionery,Saturday,2024-08,22934.139999999996
S11,Confectionery,Sunday,2024-08,11798.939999999997
S11,Confectionery,Thursday,2024-08,11780.270000000002
S11,Confectionery,Tuesday,2024-08,12726.689999999999
S11,Confectionery,Wednesday,2024-08,8329.119999999999
S11,Dairy,Friday,2024-08,32471.730000000003
S11,Dairy,Monday,2024-08,19925.15
S11,Dairy,Saturday,2024-08,61998.110000000015
S11,Dairy,Sunday,2024-08,41777.83999999999
S11,Dairy,Thursday,2024-08,44419.780000000006
S11,Dairy,Tuesday,2024-08,23785.950000000004
S11,Dairy,Wednesday,2024-08,19152.219999999994
S11,Edible Oils,Friday,2024-08,73268.57999999997
S11,Edible Oils,Monday,2024-08,62741.63000000001
S11,Edible Oils,Saturday,2024-08,126111.43999999996
S11,Edible Oils,Sunday,2024-08,66740.03000000001
S11,Edible Oils,Thursday,2024-08,46437.59999999998
S11,Edible Oils,Tuesday,2024-08,49198.009999999995
S11,Edible Oils,Wednesday,2024-08,54604.590000000004
S11,Frozen & Ready to Eat,Friday,2024-08,27200.18
S11,Frozen & Ready to Eat,Monday,2024-08,15157.0
S11,Frozen & Ready to Eat,Saturday,2024-08,33534.76
S11,Frozen & Ready to Eat,Sunday,2024-08,29500.830000000005
S11,Frozen & Ready to Eat,Thursday,2024-08,24434.429999999993
S11,Frozen & Ready to Eat,Tuesday,2024-08,16272.640000000001
S11,Frozen & Ready to Eat,Wednesday,2024-08,17111.88
S11,Fruits & Vegetables,Friday,2024-08,16389.829999999998
S11,Fruits & Vegetables,Monday,2024-08,7996.830000000004
S11,Fruits & Vegetables,Saturday,2024-08,22350.960000000006
S11,Fruits & Vegetables,Sunday,2024-08,11039.159999999998
S11,Fruits & Vegetables,Thursday,2024-08,11382.62
S11,Fruits & Vegetables,Tuesday,2024-08,13326.39
S11,Fruits & Vegetables,Wednesday,2024-08,11330.610000000004
S11,Home Care,Friday,2024-08,38323.75000000001
S11,Home Care,Monday,2024-08,13410.819999999996
S11,Home Care,Saturday,2024-08,37212.62
S11,Home Care,Sunday,2024-08,22397.540000000005
S11,Home Care,Thursday,2024-08,18383.399999999998
S11,Home Care,Tuesday,2024-08,16324.32
S11,Home Care,Wednesday,2024-08,21316.500000000004
S11,Personal Care,Friday,2024-08,28200.78
S11,Personal Care,Monday,2024-08,25132.160000000003
S11,Personal Care,Saturday,2024-08,41469.64
S11,Personal Care,Sunday,2024-08,26263.33
S11,Personal Care,Thursday,2024-08,29842.610000000004
S11,Personal Care,Tuesday,2024-08,20931.439999999995
S11,Personal Care,Wednesday,2024-08,22581.730000000003
S11,Spices & Masala,Friday,2024-08,18890.540000000005
S11,Spices & Masala,Monday,2024-08,13123.940000000002
S11,Spices & Masala,Saturday,2024-08,29325.310000000005
S11,Spices & Masala,Sunday,2024-08,6213.259999999998
S11,Spices & Masala,Thursday,2024-08,12488.450000000004
S11,Spices & Masala,Tuesday,2024-08,9989.33
S11,Spices & Masala,Wednesday,2024-08,9456.369999999999
S11,Staples & Grains,Friday,2024-08,89503.72999999997
S11,Staples & Grains,Monday,2024-08,99389.07
S11,Staples & Grains,Saturday,2024-08,96704.22999999998
S11,Staples & Grains,Sunday,2024-08,71754.51
S11,Staples & Grains,Thursday,2024-08,57477.009999999995
S11,Staples & Grains,Tuesday,2024-08,76903.34
S11,Staples & Grains,Wednesday,2024-08,33822.380000000005
S11,Stationery & General,Friday,2024-08,28600.929999999993
S11,Stationery & General,Monday,2024-08,15353.190000000002
S11,Stationery & General,Saturday,2024-08,39522.75
S11,Stationery & General,Sunday,2024-08,12011.420000000002
S11,Stationery & General,Thursday,2024-08,13545.890000000001
S11,Stationery & General,Tuesday,2024-08,13567.870000000003
S11,Stationery & General,Wednesday,2024-08,13634.449999999999
S11,UNKNOWN,Friday,2024-08,-6519.09
S11,UNKNOWN,Monday,2024-08,-3584.9200000000005
S11,UNKNOWN,Saturday,2024-08,-3830.59
S11,UNKNOWN,Sunday,2024-08,-2672.289999999999
S11,UNKNOWN,Thursday,2024-08,-4835.31
S11,UNKNOWN,Tuesday,2024-08,-2455.2500000000005
S11,UNKNOWN,Wednesday,2024-08,-2914.0
S11,Baby Care,Friday,2024-09,45462.560000000005
S11,Baby Care,Monday,2024-09,81721.86
S11,Baby Care,Saturday,2024-09,95224.65000000001
S11,Baby Care,Sunday,2024-09,100759.12000000002
S11,Baby Care,Thursday,2024-09,61301.28999999999
S11,Baby Care,Tuesday,2024-09,57067.19999999999
S11,Baby Care,Wednesday,2024-09,58503.55
S11,Bakery,Friday,2024-09,8866.640000000001
S11,Bakery,Monday,2024-09,13296.320000000002
S11,Bakery,Saturday,2024-09,15303.73
S11,Bakery,Sunday,2024-09,12160.43
S11,Bakery,Thursday,2024-09,7422.29
S11,Bakery,Tuesday,2024-09,8376.820000000002
S11,Bakery,Wednesday,2024-09,8252.630000000001
S11,Beverages,Friday,2024-09,18797.95
S11,Beverages,Monday,2024-09,19554.840000000004
S11,Beverages,Saturday,2024-09,32804.880000000005
S11,Beverages,Sunday,2024-09,28210.870000000006
S11,Beverages,Thursday,2024-09,11540.170000000002
S11,Beverages,Tuesday,2024-09,17351.149999999998
S11,Beverages,Wednesday,2024-09,17355.059999999994
S11,Biscuits & Snacks,Friday,2024-09,2846.61
S11,Biscuits & Snacks,Monday,2024-09,6339.73
S11,Biscuits & Snacks,Saturday,2024-09,7281.600000000002
S11,Biscuits & Snacks,Sunday,2024-09,7802.8499999999985
S11,Biscuits & Snacks,Thursday,2024-09,3967.1
S11,Biscuits & Snacks,Tuesday,2024-09,5398.230000000001
S11,Biscuits & Snacks,Wednesday,2024-09,4335.34
S11,Confectionery,Friday,2024-09,12382.0
S11,Confectionery,Monday,2024-09,15713.839999999998
S11,Confectionery,Saturday,2024-09,18217.999999999996
S11,Confectionery,Sunday,2024-09,17808.620000000006
S11,Confectionery,Thursday,2024-09,11438.41
S11,Confectionery,Tuesday,2024-09,9617.49
S11,Confectionery,Wednesday,2024-09,16562.94
S11,Dairy,Friday,2024-09,34931.659999999996
S11,Dairy,Monday,2024-09,30896.760000000002
S11,Dairy,Saturday,2024-09,42440.899999999994
S11,Dairy,Sunday,2024-09,46430.47999999999
S11,Dairy,Thursday,2024-09,23015.32
S11,Dairy,Tuesday,2024-09,21769.05
S11,Dairy,Wednesday,2024-09,23968.510000000002
S11,Edible Oils,Friday,2024-09,74486.78000000001
S11,Edible Oils,Monday,2024-09,52675.329999999994
S11,Edible Oils,Saturday,2024-09,94526.06999999999
S11,Edible Oils,Sunday,2024-09,107986.59999999998
S11,Edible Oils,Thursday,2024-09,46034.99999999999
S11,Edible Oils,Tuesday,2024-09,44276.649999999994
S11,Edible Oils,Wednesday,2024-09,43714.530000000006
S11,Frozen & Ready to Eat,Friday,2024-09,16599.91
S11,Frozen & Ready to Eat,Monday,2024-09,24532.410000000003
S11,Frozen & Ready to Eat,Saturday,2024-09,23702.520000000008
S11,Frozen & Ready to Eat,Sunday,2024-09,27894.259999999995
S11,Frozen & Ready to Eat,Thursday,2024-09,13752.869999999999
S11,Frozen & Ready to Eat,Tuesday,2024-09,12124.859999999999
S11,Frozen & Ready to Eat,Wednesday,2024-09,13714.840000000002
S11,Fruits & Vegetables,Friday,2024-09,10933.24
S11,Fruits & Vegetables,Monday,2024-09,13453.270000000004
S11,Fruits & Vegetables,Saturday,2024-09,17939.390000000003
S11,Fruits & Vegetables,Sunday,2024-09,14932.0
S11,Fruits & Vegetables,Thursday,2024-09,5776.43
S11,Fruits & Vegetables,Tuesday,2024-09,7094.29
S11,Fruits & Vegetables,Wednesday,2024-09,9344.369999999999
S11,Home Care,Friday,2024-09,22075.05
S11,Home Care,Monday,2024-09,20673.950000000004
S11,Home Care,Saturday,2024-09,33580.209999999985
S11,Home Care,Sunday,2024-09,29573.639999999996
S11,Home Care,Thursday,2024-09,16810.129999999997
S11,Home Care,Tuesday,2024-09,7403.269999999999
S11,Home Care,Wednesday,2024-09,19814.450000000004
S11,Personal Care,Friday,2024-09,30976.059999999994
S11,Personal Care,Monday,2024-09,25657.99
S11,Personal Care,Saturday,2024-09,50024.79
S11,Personal Care,Sunday,2024-09,51927.60999999999
S11,Personal Care,Thursday,2024-09,22156.02
S11,Personal Care,Tuesday,2024-09,21575.05
S11,Personal Care,Wednesday,2024-09,25462.390000000003
S11,Spices & Masala,Friday,2024-09,11194.319999999998
S11,Spices & Masala,Monday,2024-09,6447.43
S11,Spices & Masala,Saturday,2024-09,15287.460000000003
S11,Spices & Masala,Sunday,2024-09,20416.410000000003
S11,Spices & Masala,Thursday,2024-09,12546.18
S11,Spices & Masala,Tuesday,2024-09,7778.609999999997
S11,Spices & Masala,Wednesday,2024-09,13051.74
S11,Staples & Grains,Friday,2024-09,48922.530000000006
S11,Staples & Grains,Monday,2024-09,69432.87000000001
S11,Staples & Grains,Saturday,2024-09,96966.50000000003
S11,Staples & Grains,Sunday,2024-09,98486.00000000001
S11,Staples & Grains,Thursday,2024-09,63080.08
S11,Staples & Grains,Tuesday,2024-09,68233.63999999998
S11,Staples & Grains,Wednesday,2024-09,20453.169999999995
S11,Stationery & General,Friday,2024-09,14067.880000000001
S11,Stationery & General,Monday,2024-09,26455.84999999999
S11,Stationery & General,Saturday,2024-09,37806.39
S11,Stationery & General,Sunday,2024-09,23666.139999999996
S11,Stationery & General,Thursday,2024-09,12674.71
S11,Stationery & General,Tuesday,2024-09,13540.28
S11,Stationery & General,Wednesday,2024-09,21345.72
S11,UNKNOWN,Friday,2024-09,-3946.28
S11,UNKNOWN,Monday,2024-09,-4676.83
S11,UNKNOWN,Saturday,2024-09,-4189.639999999999
S11,UNKNOWN,Sunday,2024-09,-5208.61
S11,UNKNOWN,Thursday,2024-09,-2150.4700000000003
S11,UNKNOWN,Tuesday,2024-09,-3929.119999999999
S11,UNKNOWN,Wednesday,2024-09,-4147.59
S11,Baby Care,Friday,2024-10,103056.00000000003
S11,Baby Care,Monday,2024-10,53713.02000000001
S11,Baby Care,Saturday,2024-10,81584.82999999996
S11,Baby Care,Sunday,2024-10,95937.08000000002
S11,Baby Care,Thursday,2024-10,80726.87000000004
S11,Baby Care,Tuesday,2024-10,66309.05999999998
S11,Baby Care,Wednesday,2024-10,88525.98999999998
S11,Bakery,Friday,2024-10,8981.29
S11,Bakery,Monday,2024-10,8468.49
S11,Bakery,Saturday,2024-10,17386.949999999997
S11,Bakery,Sunday,2024-10,21859.77999999999
S11,Bakery,Thursday,2024-10,11846.810000000003
S11,Bakery,Tuesday,2024-10,8093.700000000001
S11,Bakery,Wednesday,2024-10,10752.339999999998
S11,Beverages,Friday,2024-10,24417.82
S11,Beverages,Monday,2024-10,15221.659999999998
S11,Beverages,Saturday,2024-10,34204.45000000001
S11,Beverages,Sunday,2024-10,26712.539999999997
S11,Beverages,Thursday,2024-10,28341.150000000005
S11,Beverages,Tuesday,2024-10,13715.5
S11,Beverages,Wednesday,2024-10,26945.539999999997
S11,Biscuits & Snacks,Friday,2024-10,7058.1
S11,Biscuits & Snacks,Monday,2024-10,6770.4400000000005
S11,Biscuits & Snacks,Saturday,2024-10,9230.710000000001
S11,Biscuits & Snacks,Sunday,2024-10,6074.840000000001
S11,Biscuits & Snacks,Thursday,2024-10,4580.150000000001
S11,Biscuits & Snacks,Tuesday,2024-10,5525.69
S11,Biscuits & Snacks,Wednesday,2024-10,5318.919999999999
S11,Confectionery,Friday,2024-10,16020.869999999999
S11,Confectionery,Monday,2024-10,11081.31
S11,Confectionery,Saturday,2024-10,12082.680000000004
S11,Confectionery,Sunday,2024-10,21748.539999999997
S11,Confectionery,Thursday,2024-10,14501.029999999997
S11,Confectionery,Tuesday,2024-10,11038.610000000002
S11,Confectionery,Wednesday,2024-10,18333.259999999995
S11,Dairy,Friday,2024-10,35879.67
S11,Dairy,Monday,2024-10,31352.660000000003
S11,Dairy,Saturday,2024-10,46300.94000000001
S11,Dairy,Sunday,2024-10,43208.06
S11,Dairy,Thursday,2024-10,30456.16
S11,Dairy,Tuesday,2024-10,24020.349999999995
S11,Dairy,Wednesday,2024-10,26539.550000000003
S11,Edible Oils,Friday,2024-10,90746.53999999998
S11,Edible Oils,Monday,2024-10,51654.71
S11,Edible Oils,Saturday,2024-10,82102.56999999998
S11,Edible Oils,Sunday,2024-10,83520.71999999999
S11,Edible Oils,Thursday,2024-10,72159.16
S11,Edible Oils,Tuesday,2024-10,55933.54000000001
S11,Edible Oils,Wednesday,2024-10,61314.81000000001
S11,Frozen & Ready to Eat,Friday,2024-10,33952.799999999996
S11,Frozen & Ready to Eat,Monday,2024-10,15415.989999999998
S11,Frozen & Ready to Eat,Saturday,2024-10,42140.37
S11,Frozen & Ready to Eat,Sunday,2024-10,38559.65
S11,Frozen & Ready to Eat,Thursday,2024-10,26876.849999999984
S11,Frozen & Ready to Eat,Tuesday,2024-10,25260.480000000003
S11,Frozen & Ready to Eat,Wednesday,2024-10,23857.139999999996
S11,Fruits & Vegetables,Friday,2024-10,16738.34
S11,Fruits & Vegetables,Monday,2024-10,9941.939999999999
S11,Fruits & Vegetables,Saturday,2024-10,19443.34
S11,Fruits & Vegetables,Sunday,2024-10,20034.91999999999
S11,Fruits & Vegetables,Thursday,2024-10,15298.450000000006
S11,Fruits & Vegetables,Tuesday,2024-10,14807.889999999996
S11,Fruits & Vegetables,Wednesday,2024-10,13264.050000000001
S11,Home Care,Friday,2024-10,25620.82999999999
S11,Home Care,Monday,2024-10,25966.749999999996
S11,Home Care,Saturday,2024-10,33302.119999999995
S11,Home Care,Sunday,2024-10,35223.78999999999
S11,Home Care,Thursday,2024-10,30627.03
S11,Home Care,Tuesday,2024-10,17844.319999999996
S11,Home Care,Wednesday,2024-10,28852.96
S11,Personal Care,Friday,2024-10,41970.34999999999
S11,Personal Care,Monday,2024-10,36506.03
S11,Personal Care,Saturday,2024-10,40631.39
S11,Personal Care,Sunday,2024-10,43774.13
S11,Personal Care,Thursday,2024-10,35265.17999999999
S11,Personal Care,Tuesday,2024-10,19887.280000000002
S11,Personal Care,Wednesday,2024-10,37022.82000000001
S11,Spices & Masala,Friday,2024-10,17049.729999999996
S11,Spices & Masala,Monday,2024-10,11372.859999999999
S11,Spices & Masala,Saturday,2024-10,18135.599999999995
S11,Spices & Masala,Sunday,2024-10,18846.959999999995
S11,Spices & Masala,Thursday,2024-10,15092.530000000002
S11,Spices & Masala,Tuesday,2024-10,15703.21
S11,Spices & Masala,Wednesday,2024-10,9525.980000000005
S11,Staples & Grains,Friday,2024-10,88156.86999999998
S11,Staples & Grains,Monday,2024-10,57181.80000000001
S11,Staples & Grains,Saturday,2024-10,107459.66999999998
S11,Staples & Grains,Sunday,2024-10,158057.23
S11,Staples & Grains,Thursday,2024-10,81212.63
S11,Staples & Grains,Tuesday,2024-10,84918.02
S11,Staples & Grains,Wednesday,2024-10,90804.23
S11,Stationery & General,Friday,2024-10,32434.359999999997
S11,Stationery & General,Monday,2024-10,19410.47
S11,Stationery & General,Saturday,2024-10,38298.50000000001
S11,Stationery & General,Sunday,2024-10,32590.570000000003
S11,Stationery & General,Thursday,2024-10,24032.85
S11,Stationery & General,Tuesday,2024-10,20530.829999999998
S11,Stationery & General,Wednesday,2024-10,25084.120000000003
S11,UNKNOWN,Friday,2024-10,-4827.249999999999
S11,UNKNOWN,Monday,2024-10,-3063.0099999999998
S11,UNKNOWN,Saturday,2024-10,-3664.5
S11,UNKNOWN,Sunday,2024-10,-6216.150000000001
S11,UNKNOWN,Thursday,2024-10,-6188.98
S11,UNKNOWN,Tuesday,2024-10,-3709.1400000000003
S11,UNKNOWN,Wednesday,2024-10,-5435.889999999999
S11,Baby Care,Friday,2024-11,82686.63000000002
S11,Baby Care,Monday,2024-11,70153.81
S11,Baby Care,Saturday,2024-11,117753.66000000003
S11,Baby Care,Sunday,2024-11,65167.87
S11,Baby Care,Thursday,2024-11,64862.45000000001
S11,Baby Care,Tuesday,2024-11,34878.55999999999
S11,Baby Care,Wednesday,2024-11,51848.700000000004
S11,Bakery,Friday,2024-11,11819.939999999999
S11,Bakery,Monday,2024-11,10817.600000000002
S11,Bakery,Saturday,2024-11,17726.560000000005
S11,Bakery,Sunday,2024-11,11733.039999999999
S11,Bakery,Thursday,2024-11,9224.750000000002
S11,Bakery,Tuesday,2024-11,8112.120000000001
S11,Bakery,Wednesday,2024-11,9736.419999999998
S11,Beverages,Friday,2024-11,26702.679999999997
S11,Beverages,Monday,2024-11,14768.690000000002
S11,Beverages,Saturday,2024-11,31485.73999999999
S11,Beverages,Sunday,2024-11,22845.489999999998
S11,Beverages,Thursday,2024-11,19610.680000000004
S11,Beverages,Tuesday,2024-11,14148.3
S11,Beverages,Wednesday,2024-11,19140.93
S11,Biscuits & Snacks,Friday,2024-11,8569.080000000002
S11,Biscuits & Snacks,Monday,2024-11,5544.960000000001
S11,Biscuits & Snacks,Saturday,2024-11,10723.610000000002
S11,Biscuits & Snacks,Sunday,2024-11,8442.560000000001
S11,Biscuits & Snacks,Thursday,2024-11,3193.5900000000006
S11,Biscuits & Snacks,Tuesday,2024-11,5121.5
S11,Biscuits & Snacks,Wednesday,2024-11,4970.27
S11,Confectionery,Friday,2024-11,17921.07
S11,Confectionery,Monday,2024-11,12841.249999999998
S11,Confectionery,Saturday,2024-11,23500.119999999995
S11,Confectionery,Sunday,2024-11,13713.149999999998
S11,Confectionery,Thursday,2024-11,9871.28
S11,Confectionery,Tuesday,2024-11,10664.109999999997
S11,Confectionery,Wednesday,2024-11,9517.51
S11,Dairy,Friday,2024-11,57606.109999999986
S11,Dairy,Monday,2024-11,25381.010000000002
S11,Dairy,Saturday,2024-11,58647.9
S11,Dairy,Sunday,2024-11,34388.02
S11,Dairy,Thursday,2024-11,20509.38
S11,Dairy,Tuesday,2024-11,22532.58
S11,Dairy,Wednesday,2024-11,46048.83
S11,Edible Oils,Friday,2024-11,108567.09999999995
S11,Edible Oils,Monday,2024-11,51805.78999999999
S11,Edible Oils,Saturday,2024-11,105431.80000000002
S11,Edible Oils,Sunday,2024-11,99302.10999999997
S11,Edible Oils,Thursday,2024-11,72714.11
S11,Edible Oils,Tuesday,2024-11,38533.799999999996
S11,Edible Oils,Wednesday,2024-11,54324.93000000001
S11,Frozen & Ready to Eat,Friday,2024-11,27041.89
S11,Frozen & Ready to Eat,Monday,2024-11,21377.300000000003
S11,Frozen & Ready to Eat,Saturday,2024-11,40658.260000000024
S11,Frozen & Ready to Eat,Sunday,2024-11,25769.79
S11,Frozen & Ready to Eat,Thursday,2024-11,13147.960000000001
S11,Frozen & Ready to Eat,Tuesday,2024-11,15697.49
S11,Frozen & Ready to Eat,Wednesday,2024-11,24801.489999999998
S11,Fruits & Vegetables,Friday,2024-11,14450.589999999998
S11,Fruits & Vegetables,Monday,2024-11,11066.359999999999
S11,Fruits & Vegetables,Saturday,2024-11,19127.59
S11,Fruits & Vegetables,Sunday,2024-11,14591.159999999998
S11,Fruits & Vegetables,Thursday,2024-11,12216.73
S11,Fruits & Vegetables,Tuesday,2024-11,9642.550000000001
S11,Fruits & Vegetables,Wednesday,2024-11,6767.920000000002
S11,Home Care,Friday,2024-11,33480.62
S11,Home Care,Monday,2024-11,21614.579999999994
S11,Home Care,Saturday,2024-11,37052.62999999999
S11,Home Care,Sunday,2024-11,29015.1
S11,Home Care,Thursday,2024-11,15805.129999999997
S11,Home Care,Tuesday,2024-11,17132.020000000004
S11,Home Care,Wednesday,2024-11,23342.42
S11,Personal Care,Friday,2024-11,39690.5
S11,Personal Care,Monday,2024-11,21108.28
S11,Personal Care,Saturday,2024-11,58644.60000000002
S11,Personal Care,Sunday,2024-11,31447.0
S11,Personal Care,Thursday,2024-11,21899.51
S11,Personal Care,Tuesday,2024-11,18544.779999999995
S11,Personal Care,Wednesday,2024-11,29519.970000000005
S11,Spices & Masala,Friday,2024-11,18241.399999999998
S11,Spices & Masala,Monday,2024-11,14800.829999999998
S11,Spices & Masala,Saturday,2024-11,28616.139999999992
S11,Spices & Masala,Sunday,2024-11,15016.519999999999
S11,Spices & Masala,Thursday,2024-11,14034.74
S11,Spices & Masala,Tuesday,2024-11,9054.089999999998
S11,Spices & Masala,Wednesday,2024-11,11737.170000000004
S11,Staples & Grains,Friday,2024-11,91975.98999999999
S11,Staples & Grains,Monday,2024-11,74368.22999999998
S11,Staples & Grains,Saturday,2024-11,99359.26999999999
S11,Staples & Grains,Sunday,2024-11,104119.9
S11,Staples & Grains,Thursday,2024-11,54234.67999999998
S11,Staples & Grains,Tuesday,2024-11,62728.23
S11,Staples & Grains,Wednesday,2024-11,84772.57000000004
S11,Stationery & General,Friday,2024-11,24297.079999999998
S11,Stationery & General,Monday,2024-11,10652.9
S11,Stationery & General,Saturday,2024-11,45646.840000000004
S11,Stationery & General,Sunday,2024-11,30029.749999999993
S11,Stationery & General,Thursday,2024-11,16886.63
S11,Stationery & General,Tuesday,2024-11,17523.16
S11,Stationery & General,Wednesday,2024-11,19376.600000000002
S11,UNKNOWN,Friday,2024-11,-5938.629999999998
S11,UNKNOWN,Monday,2024-11,-3917.1600000000003
S11,UNKNOWN,Saturday,2024-11,-5865.92
S11,UNKNOWN,Sunday,2024-11,-3438.25
S11,UNKNOWN,Thursday,2024-11,-3392.5600000000004
S11,UNKNOWN,Tuesday,2024-11,-992.8299999999999
S11,UNKNOWN,Wednesday,2024-11,-1760.1399999999999
S11,Baby Care,Friday,2024-12,82091.14
S11,Baby Care,Monday,2024-12,81416.48999999996
S11,Baby Care,Saturday,2024-12,94956.36000000002
S11,Baby Care,Sunday,2024-12,115597.72999999997
S11,Baby Care,Thursday,2024-12,66137.5
S11,Baby Care,Tuesday,2024-12,74450.13
S11,Baby Care,Wednesday,2024-12,57886.009999999995
S11,Bakery,Friday,2024-12,9182.020000000002
S11,Bakery,Monday,2024-12,9856.850000000004
S11,Bakery,Saturday,2024-12,14450.31
S11,Bakery,Sunday,2024-12,14511.589999999998
S11,Bakery,Thursday,2024-12,8556.779999999999
S11,Bakery,Tuesday,2024-12,12947.950000000003
S11,Bakery,Wednesday,2024-12,7181.629999999998
S11,Beverages,Friday,2024-12,20945.649999999998
S11,Beverages,Monday,2024-12,19465.539999999997
S11,Beverages,Saturday,2024-12,28131.81
S11,Beverages,Sunday,2024-12,25930.790000000008
S11,Beverages,Thursday,2024-12,16741.979999999996
S11,Beverages,Tuesday,2024-12,19381.09
S11,Beverages,Wednesday,2024-12,13563.18
S11,Biscuits & Snacks,Friday,2024-12,5710.319999999999
S11,Biscuits & Snacks,Monday,2024-12,4329.709999999999
S11,Biscuits & Snacks,Saturday,2024-12,8036.390000000002
S11,Biscuits & Snacks,Sunday,2024-12,8572.530000000002
S11,Biscuits & Snacks,Thursday,2024-12,4798.919999999999
S11,Biscuits & Snacks,Tuesday,2024-12,6626.350000000002
S11,Biscuits & Snacks,Wednesday,2024-12,4988.630000000001
S11,Confectionery,Friday,2024-12,10803.21
S11,Confectionery,Monday,2024-12,16984.819999999996
S11,Confectionery,Saturday,2024-12,17595.46
S11,Confectionery,Sunday,2024-12,17521.420000000002
S11,Confectionery,Thursday,2024-12,12518.349999999999
S11,Confectionery,Tuesday,2024-12,11712.6
S11,Confectionery,Wednesday,2024-12,9728.189999999999
S11,Dairy,Friday,2024-12,30268.570000000007
S11,Dairy,Monday,2024-12,25966.589999999997
S11,Dairy,Saturday,2024-12,55299.92000000002
S11,Dairy,Sunday,2024-12,35348.94
S11,Dairy,Thursday,2024-12,20809.84
S11,Dairy,Tuesday,2024-12,27466.090000000004
S11,Dairy,Wednesday,2024-12,29674.31000000001
S11,Edible Oils,Friday,2024-12,85915.46999999999
S11,Edible Oils,Monday,2024-12,68004.75000000001
S11,Edible Oils,Saturday,2024-12,89021.23999999998
S11,Edible Oils,Sunday,2024-12,93452.29999999996
S11,Edible Oils,Thursday,2024-12,68515.94
S11,Edible Oils,Tuesday,2024-12,80968.06999999999
S11,Edible Oils,Wednesday,2024-12,54075.83
S11,Frozen & Ready to Eat,Friday,2024-12,25996.199999999993
S11,Frozen & Ready to Eat,Monday,2024-12,23735.900000000005
S11,Frozen & Ready to Eat,Saturday,2024-12,36409.88999999999
S11,Frozen & Ready to Eat,Sunday,2024-12,45362.54999999998
S11,Frozen & Ready to Eat,Thursday,2024-12,20305.570000000003
S11,Frozen & Ready to Eat,Tuesday,2024-12,26962.279999999995
S11,Frozen & Ready to Eat,Wednesday,2024-12,15446.36
S11,Fruits & Vegetables,Friday,2024-12,15478.390000000001
S11,Fruits & Vegetables,Monday,2024-12,11611.280000000002
S11,Fruits & Vegetables,Saturday,2024-12,17744.66
S11,Fruits & Vegetables,Sunday,2024-12,20824.050000000003
S11,Fruits & Vegetables,Thursday,2024-12,7601.3
S11,Fruits & Vegetables,Tuesday,2024-12,13642.91
S11,Fruits & Vegetables,Wednesday,2024-12,9498.11
S11,Home Care,Friday,2024-12,20316.670000000002
S11,Home Care,Monday,2024-12,26581.03
S11,Home Care,Saturday,2024-12,29474.32
S11,Home Care,Sunday,2024-12,29546.289999999997
S11,Home Care,Thursday,2024-12,14309.76
S11,Home Care,Tuesday,2024-12,17977.36
S11,Home Care,Wednesday,2024-12,20878.850000000006
S11,Personal Care,Friday,2024-12,28521.8
S11,Personal Care,Monday,2024-12,20767.13
S11,Personal Care,Saturday,2024-12,45279.44
S11,Personal Care,Sunday,2024-12,50452.819999999985
S11,Personal Care,Thursday,2024-12,28296.76
S11,Personal Care,Tuesday,2024-12,26966.999999999996
S11,Personal Care,Wednesday,2024-12,23399.13
S11,Spices & Masala,Friday,2024-12,18882.91999999999
S11,Spices & Masala,Monday,2024-12,17619.979999999996
S11,Spices & Masala,Saturday,2024-12,15511.720000000001
S11,Spices & Masala,Sunday,2024-12,25463.510000000002
S11,Spices & Masala,Thursday,2024-12,7311.13
S11,Spices & Masala,Tuesday,2024-12,13653.160000000002
S11,Spices & Masala,Wednesday,2024-12,10958.189999999999
S11,Staples & Grains,Friday,2024-12,86239.89000000001
S11,Staples & Grains,Monday,2024-12,71737.26000000001
S11,Staples & Grains,Saturday,2024-12,92711.73999999999
S11,Staples & Grains,Sunday,2024-12,79369.58000000002
S11,Staples & Grains,Thursday,2024-12,51782.12999999999
S11,Staples & Grains,Tuesday,2024-12,96691.99999999999
S11,Staples & Grains,Wednesday,2024-12,50626.62
S11,Stationery & General,Friday,2024-12,15330.74
S11,Stationery & General,Monday,2024-12,13249.000000000002
S11,Stationery & General,Saturday,2024-12,27526.16
S11,Stationery & General,Sunday,2024-12,28329.99000000002
S11,Stationery & General,Thursday,2024-12,14739.670000000002
S11,Stationery & General,Tuesday,2024-12,17475.750000000004
S11,Stationery & General,Wednesday,2024-12,17616.600000000002
S11,UNKNOWN,Friday,2024-12,-4872.349999999999
S11,UNKNOWN,Monday,2024-12,-6291.21
S11,UNKNOWN,Saturday,2024-12,-6952.3
S11,UNKNOWN,Sunday,2024-12,-6447.12
S11,UNKNOWN,Thursday,2024-12,-1430.82
S11,UNKNOWN,Tuesday,2024-12,-4525.95
S11,UNKNOWN,Wednesday,2024-12,-2011.25
S12,Baby Care,Friday,2024-01,89622.58999999997
S12,Baby Care,Monday,2024-01,71255.62
S12,Baby Care,Saturday,2024-01,83919.5
S12,Baby Care,Sunday,2024-01,72554.85
S12,Baby Care,Thursday,2024-01,79338.03
S12,Baby Care,Tuesday,2024-01,74665.80999999997
S12,Baby Care,Wednesday,2024-01,66540.40999999996
S12,Bakery,Friday,2024-01,11712.329999999998
S12,Bakery,Monday,2024-01,8536.4
S12,Bakery,Saturday,2024-01,16321.440000000002
S12,Bakery,Sunday,2024-01,10864.150000000001
S12,Bakery,Thursday,2024-01,11391.200000000004
S12,Bakery,Tuesday,2024-01,8088.6799999999985
S12,Bakery,Wednesday,2024-01,9741.590000000002
S12,Beverages,Friday,2024-01,15255.99
S12,Beverages,Monday,2024-01,21087.99
S12,Beverages,Saturday,2024-01,31442.450000000004
S12,Beverages,Sunday,2024-01,29964.05
S12,Beverages,Thursday,2024-01,25532.979999999996
S12,Beverages,Tuesday,2024-01,25303.18
S12,Beverages,Wednesday,2024-01,26378.270000000004
S12,Biscuits & Snacks,Friday,2024-01,6172.369999999999
S12,Biscuits & Snacks,Monday,2024-01,5987.699999999998
S12,Biscuits & Snacks,Saturday,2024-01,9138.289999999999
S12,Biscuits & Snacks,Sunday,2024-01,6395.3099999999995
S12,Biscuits & Snacks,Thursday,2024-01,7950.1799999999985
S12,Biscuits & Snacks,Tuesday,2024-01,4367.8099999999995
S12,Biscuits & Snacks,Wednesday,2024-01,5460.259999999999
S12,Confectionery,Friday,2024-01,15414.890000000001
S12,Confectionery,Monday,2024-01,13392.800000000001
S12,Confectionery,Saturday,2024-01,20625.560000000005
S12,Confectionery,Sunday,2024-01,22479.859999999993
S12,Confectionery,Thursday,2024-01,19140.23999999999
S12,Confectionery,Tuesday,2024-01,6831.199999999999
S12,Confectionery,Wednesday,2024-01,16549.370000000003
S12,Dairy,Friday,2024-01,31200.48
S12,Dairy,Monday,2024-01,28359.389999999992
S12,Dairy,Saturday,2024-01,40816.29
S12,Dairy,Sunday,2024-01,48977.239999999976
S12,Dairy,Thursday,2024-01,33957.17000000001
S12,Dairy,Tuesday,2024-01,34616.859999999986
S12,Dairy,Wednesday,2024-01,31987.229999999996
S12,Edible Oils,Friday,2024-01,58853.929999999986
S12,Edible Oils,Monday,2024-01,87289.27999999996
S12,Edible Oils,Saturday,2024-01,87640.17999999998
S12,Edible Oils,Sunday,2024-01,67977.37000000001
S12,Edible Oils,Thursday,2024-01,75847.26000000001
S12,Edible Oils,Tuesday,2024-01,48152.42
S12,Edible Oils,Wednesday,2024-01,59661.68999999999
S12,Frozen & Ready to Eat,Friday,2024-01,16001.6
S12,Frozen & Ready to Eat,Monday,2024-01,27847.830000000005
S12,Frozen & Ready to Eat,Saturday,2024-01,28480.330000000016
S12,Frozen & Ready to Eat,Sunday,2024-01,34083.55000000001
S12,Frozen & Ready to Eat,Thursday,2024-01,22379.440000000006
S12,Frozen & Ready to Eat,Tuesday,2024-01,30400.429999999997
S12,Frozen & Ready to Eat,Wednesday,2024-01,27484.530000000002
S12,Fruits & Vegetables,Friday,2024-01,12013.660000000002
S12,Fruits & Vegetables,Monday,2024-01,13264.890000000003
S12,Fruits & Vegetables,Saturday,2024-01,11712.900000000001
S12,Fruits & Vegetables,Sunday,2024-01,12933.249999999995
S12,Fruits & Vegetables,Thursday,2024-01,9759.669999999998
S12,Fruits & Vegetables,Tuesday,2024-01,11886.430000000002
S12,Fruits & Vegetables,Wednesday,2024-01,9446.960000000001
S12,Home Care,Friday,2024-01,27685.090000000007
S12,Home Care,Monday,2024-01,17464.870000000003
S12,Home Care,Saturday,2024-01,27529.100000000002
S12,Home Care,Sunday,2024-01,27846.62
S12,Home Care,Thursday,2024-01,30514.62
S12,Home Care,Tuesday,2024-01,22277.09
S12,Home Care,Wednesday,2024-01,22960.010000000006
S12,Personal Care,Friday,2024-01,29474.48000000002
S12,Personal Care,Monday,2024-01,30422.26000000001
S12,Personal Care,Saturday,2024-01,62218.029999999984
S12,Personal Care,Sunday,2024-01,27709.290000000005
S12,Personal Care,Thursday,2024-01,36977.93999999999
S12,Personal Care,Tuesday,2024-01,34983.92000000001
S12,Personal Care,Wednesday,2024-01,40697.62000000001
S12,Spices & Masala,Friday,2024-01,18327.05
S12,Spices & Masala,Monday,2024-01,15604.150000000005
S12,Spices & Masala,Saturday,2024-01,15409.550000000001
S12,Spices & Masala,Sunday,2024-01,17343.790000000005
S12,Spices & Masala,Thursday,2024-01,20201.61
S12,Spices & Masala,Tuesday,2024-01,17277.440000000006
S12,Spices & Masala,Wednesday,2024-01,16779.730000000003
S12,Staples & Grains,Friday,2024-01,94536.20999999999
S12,Staples & Grains,Monday,2024-01,87402.54
S12,Staples & Grains,Saturday,2024-01,108780.43
S12,Staples & Grains,Sunday,2024-01,109056.1
S12,Staples & Grains,Thursday,2024-01,83089.15000000004
S12,Staples & Grains,Tuesday,2024-01,56245.250000000015
S12,Staples & Grains,Wednesday,2024-01,79602.45
S12,Stationery & General,Friday,2024-01,28937.880000000005
S12,Stationery & General,Monday,2024-01,25650.199999999997
S12,Stationery & General,Saturday,2024-01,33976.909999999996
S12,Stationery & General,Sunday,2024-01,18549.82
S12,Stationery & General,Thursday,2024-01,30368.070000000007
S12,Stationery & General,Tuesday,2024-01,13282.959999999997
S12,Stationery & General,Wednesday,2024-01,19441.339999999997
S12,UNKNOWN,Friday,2024-01,-4848.54
S12,UNKNOWN,Monday,2024-01,-2594.8700000000003
S12,UNKNOWN,Saturday,2024-01,-5331.570000000001
S12,UNKNOWN,Sunday,2024-01,-2295.61
S12,UNKNOWN,Thursday,2024-01,-4469.839999999999
S12,UNKNOWN,Tuesday,2024-01,-3337.4799999999996
S12,UNKNOWN,Wednesday,2024-01,-5642.490000000001
S12,Baby Care,Friday,2024-02,90252.80999999998
S12,Baby Care,Monday,2024-02,53933.36
S12,Baby Care,Saturday,2024-02,69218.07999999996
S12,Baby Care,Sunday,2024-02,77832.90999999999
S12,Baby Care,Thursday,2024-02,82879.22
S12,Baby Care,Tuesday,2024-02,54663.51000000001
S12,Baby Care,Wednesday,2024-02,68435.67
S12,Bakery,Friday,2024-02,12409.56
S12,Bakery,Monday,2024-02,9728.919999999998
S12,Bakery,Saturday,2024-02,16353.339999999998
S12,Bakery,Sunday,2024-02,13616.539999999997
S12,Bakery,Thursday,2024-02,11012.279999999999
S12,Bakery,Tuesday,2024-02,10642.069999999996
S12,Bakery,Wednesday,2024-02,5836.38
S12,Beverages,Friday,2024-02,17932.12
S12,Beverages,Monday,2024-02,10923.07
S12,Beverages,Saturday,2024-02,27879.830000000005
S12,Beverages,Sunday,2024-02,24678.91
S12,Beverages,Thursday,2024-02,20192.649999999994
S12,Beverages,Tuesday,2024-02,17480.55
S12,Beverages,Wednesday,2024-02,15925.13
S12,Biscuits & Snacks,Friday,2024-02,5707.24
S12,Biscuits & Snacks,Monday,2024-02,4343.150000000001
S12,Biscuits & Snacks,Saturday,2024-02,8112.019999999998
S12,Biscuits & Snacks,Sunday,2024-02,8029.589999999998
S12,Biscuits & Snacks,Thursday,2024-02,4746.129999999999
S12,Biscuits & Snacks,Tuesday,2024-02,6549.819999999998
S12,Biscuits & Snacks,Wednesday,2024-02,5068.28
S12,Confectionery,Friday,2024-02,10821.87
S12,Confectionery,Monday,2024-02,9636.409999999998
S12,Confectionery,Saturday,2024-02,20120.180000000004
S12,Confectionery,Sunday,2024-02,16598.669999999995
S12,Confectionery,Thursday,2024-02,13074.869999999997
S12,Confectionery,Tuesday,2024-02,12877.650000000001
S12,Confectionery,Wednesday,2024-02,10814.41
S12,Dairy,Friday,2024-02,28418.570000000003
S12,Dairy,Monday,2024-02,19690.510000000002
S12,Dairy,Saturday,2024-02,38492.380000000005
S12,Dairy,Sunday,2024-02,38592.18
S12,Dairy,Thursday,2024-02,45013.23
S12,Dairy,Tuesday,2024-02,24349.18000000001
S12,Dairy,Wednesday,2024-02,26183.030000000013
S12,Edible Oils,Friday,2024-02,57560.22
S12,Edible Oils,Monday,2024-02,51743.210000000014
S12,Edible Oils,Saturday,2024-02,84629.89999999997
S12,Edible Oils,Sunday,2024-02,77389.44
S12,Edible Oils,Thursday,2024-02,71430.33
S12,Edible Oils,Tuesday,2024-02,57359.01999999999
S12,Edible Oils,Wednesday,2024-02,43016.49999999999
S12,Frozen & Ready to Eat,Friday,2024-02,26767.600000000002
S12,Frozen & Ready to Eat,Monday,2024-02,15926.95
S12,Frozen & Ready to Eat,Saturday,2024-02,36641.93
S12,Frozen & Ready to Eat,Sunday,2024-02,31970.83000000002
S12,Frozen & Ready to Eat,Thursday,2024-02,39123.82
S12,Frozen & Ready to Eat,Tuesday,2024-02,21468.829999999998
S12,Frozen & Ready to Eat,Wednesday,2024-02,16595.02
S12,Fruits & Vegetables,Friday,2024-02,10675.930000000002
S12,Fruits & Vegetables,Monday,2024-02,9538.849999999999
S12,Fruits & Vegetables,Saturday,2024-02,19140.140000000007
S12,Fruits & Vegetables,Sunday,2024-02,15650.360000000002
S12,Fruits & Vegetables,Thursday,2024-02,10247.86
S12,Fruits & Vegetables,Tuesday,2024-02,10339.05
S12,Fruits & Vegetables,Wednesday,2024-02,8038.51
S12,Home Care,Friday,2024-02,18728.19
S12,Home Care,Monday,2024-02,16458.69
S12,Home Care,Saturday,2024-02,22455.829999999998
S12,Home Care,Sunday,2024-02,35226.479999999996
S12,Home Care,Thursday,2024-02,22031.780000000006
S12,Home Care,Tuesday,2024-02,18396.529999999995
S12,Home Care,Wednesday,2024-02,17255.93
S12,Personal Care,Friday,2024-02,19706.350000000002
S12,Personal Care,Monday,2024-02,18821.550000000003
S12,Personal Care,Saturday,2024-02,35406.75
S12,Personal Care,Sunday,2024-02,40313.700000000004
S12,Personal Care,Thursday,2024-02,49109.85999999999
S12,Personal Care,Tuesday,2024-02,28784.770000000004
S12,Personal Care,Wednesday,2024-02,14998.299999999996
S12,Spices & Masala,Friday,2024-02,11466.489999999996
S12,Spices & Masala,Monday,2024-02,17394.15
S12,Spices & Masala,Saturday,2024-02,21230.359999999993
S12,Spices & Masala,Sunday,2024-02,17958.219999999998
S12,Spices & Masala,Thursday,2024-02,21277.549999999992
S12,Spices & Masala,Tuesday,2024-02,19304.84
S12,Spices & Masala,Wednesday,2024-02,9781.619999999999
S12,Staples & Grains,Friday,2024-02,88262.10999999997
S12,Staples & Grains,Monday,2024-02,49000.159999999996
S12,Staples & Grains,Saturday,2024-02,133346.47000000006
S12,Staples & Grains,Sunday,2024-02,120555.83000000002
S12,Staples & Grains,Thursday,2024-02,71465.31000000001
S12,Staples & Grains,Tuesday,2024-02,73296.51999999997
S12,Staples & Grains,Wednesday,2024-02,38519.44999999999
S12,Stationery & General,Friday,2024-02,20855.830000000005
S12,Stationery & General,Monday,2024-02,15398.389999999998
S12,Stationery & General,Saturday,2024-02,41786.54
S12,Stationery & General,Sunday,2024-02,28052.800000000003
S12,Stationery & General,Thursday,2024-02,18829.590000000007
S12,Stationery & General,Tuesday,2024-02,23202.069999999996
S12,Stationery & General,Wednesday,2024-02,12919.390000000003
S12,UNKNOWN,Friday,2024-02,-2268.37
S12,UNKNOWN,Monday,2024-02,-3395.2299999999996
S12,UNKNOWN,Saturday,2024-02,-4368.52
S12,UNKNOWN,Sunday,2024-02,-4779.420000000001
S12,UNKNOWN,Thursday,2024-02,-4928.75
S12,UNKNOWN,Tuesday,2024-02,-4332.16
S12,UNKNOWN,Wednesday,2024-02,-1932.11
S12,Baby Care,Friday,2024-03,100257.43999999999
S12,Baby Care,Monday,2024-03,57227.9
S12,Baby Care,Saturday,2024-03,150065.87999999998
S12,Baby Care,Sunday,2024-03,136150.59999999998
S12,Baby Care,Thursday,2024-03,91583.93999999999
S12,Baby Care,Tuesday,2024-03,50714.270000000004
S12,Baby Care,Wednesday,2024-03,64017.95
S12,Bakery,Friday,2024-03,11846.979999999994
S12,Bakery,Monday,2024-03,8836.050000000001
S12,Bakery,Saturday,2024-03,14956.519999999999
S12,Bakery,Sunday,2024-03,14427.410000000005
S12,Bakery,Thursday,2024-03,15434.349999999999
S12,Bakery,Tuesday,2024-03,7025.420000000001
S12,Bakery,Wednesday,2024-03,9524.32
S12,Beverages,Friday,2024-03,29916.670000000016
S12,Beverages,Monday,2024-03,22674.840000000004
S12,Beverages,Saturday,2024-03,34501.07
S12,Beverages,Sunday,2024-03,39076.219999999994
S12,Beverages,Thursday,2024-03,14006.96
S12,Beverages,Tuesday,2024-03,18292.72
S12,Beverages,Wednesday,2024-03,18371.620000000003
S12,Biscuits & Snacks,Friday,2024-03,7401.689999999999
S12,Biscuits & Snacks,Monday,2024-03,4956.389999999999
S12,Biscuits & Snacks,Saturday,2024-03,11872.33
S12,Biscuits & Snacks,Sunday,2024-03,9078.11
S12,Biscuits & Snacks,Thursday,2024-03,4807.469999999999
S12,Biscuits & Snacks,Tuesday,2024-03,4692.0199999999995
S12,Biscuits & Snacks,Wednesday,2024-03,4904.929999999999
S12,Confectionery,Friday,2024-03,20785.68000000001
S12,Confectionery,Monday,2024-03,10472.42
S12,Confectionery,Saturday,2024-03,11902.470000000001
S12,Confectionery,Sunday,2024-03,22600.2
S12,Confectionery,Thursday,2024-03,14187.32
S12,Confectionery,Tuesday,2024-03,8615.39
S12,Confectionery,Wednesday,2024-03,10356.610000000002
S12,Dairy,Friday,2024-03,37987.52
S12,Dairy,Monday,2024-03,33127.06
S12,Dairy,Saturday,2024-03,44762.17
S12,Dairy,Sunday,2024-03,54154.25000000001
S12,Dairy,Thursday,2024-03,26301.95
S12,Dairy,Tuesday,2024-03,25856.960000000006
S12,Dairy,Wednesday,2024-03,20435.420000000002
S12,Edible Oils,Friday,2024-03,83865.36999999998
S12,Edible Oils,Monday,2024-03,50862.15999999999
S12,Edible Oils,Saturday,2024-03,110912.51999999999
S12,Edible Oils,Sunday,2024-03,130779.12999999998
S12,Edible Oils,Thursday,2024-03,52456.21999999999
S12,Edible Oils,Tuesday,2024-03,56862.57
S12,Edible Oils,Wednesday,2024-03,53917.29999999999
S12,Frozen & Ready to Eat,Friday,2024-03,31532.55
S12,Frozen & Ready to Eat,Monday,2024-03,21088.859999999997
S12,Frozen & Ready to Eat,Saturday,2024-03,44163.22000000001
S12,Frozen & Ready to Eat,Sunday,2024-03,28666.480000000003
S12,Frozen & Ready to Eat,Thursday,2024-03,27276.22
S12,Frozen & Ready to Eat,Tuesday,2024-03,19454.770000000008
S12,Frozen & Ready to Eat,Wednesday,2024-03,19723.14
S12,Fruits & Vegetables,Friday,2024-03,17127.060000000005
S12,Fruits & Vegetables,Monday,2024-03,7976.999999999999
S12,Fruits & Vegetables,Saturday,2024-03,23427.40000000001
S12,Fruits & Vegetables,Sunday,2024-03,21994.40000000001
S12,Fruits & Vegetables,Thursday,2024-03,12272.220000000003
S12,Fruits & Vegetables,Tuesday,2024-03,11786.960000000001
S12,Fruits & Vegetables,Wednesday,2024-03,11098.35
S12,Home Care,Friday,2024-03,31247.02
S12,Home Care,Monday,2024-03,20333.600000000002
S12,Home Care,Saturday,2024-03,38030.9
S12,Home Care,Sunday,2024-03,37603.73
S12,Home Care,Thursday,2024-03,24917.15
S12,Home Care,Tuesday,2024-03,24056.68
S12,Home Care,Wednesday,2024-03,22329.230000000003
S12,Personal Care,Friday,2024-03,33004.3
S12,Personal Care,Monday,2024-03,37877.66
S12,Personal Care,Saturday,2024-03,54976.15999999998
S12,Personal Care,Sunday,2024-03,47129.29999999999
S12,Personal Care,Thursday,2024-03,28904.780000000006
S12,Personal Care,Tuesday,2024-03,28034.21
S12,Personal Care,Wednesday,2024-03,25866.58
S12,Spices & Masala,Friday,2024-03,19871.749999999996
S12,Spices & Masala,Monday,2024-03,15774.950000000003
S12,Spices & Masala,Saturday,2024-03,32821.24
S12,Spices & Masala,Sunday,2024-03,28028.050000000003
S12,Spices & Masala,Thursday,2024-03,14191.169999999995
S12,Spices & Masala,Tuesday,2024-03,13533.509999999997
S12,Spices & Masala,Wednesday,2024-03,14168.82
S12,Staples & Grains,Friday,2024-03,102471.31999999999
S12,Staples & Grains,Monday,2024-03,88210.44999999998
S12,Staples & Grains,Saturday,2024-03,116722.78999999995
S12,Staples & Grains,Sunday,2024-03,147156.21999999994
S12,Staples & Grains,Thursday,2024-03,71108.2
S12,Staples & Grains,Tuesday,2024-03,57893.26999999999
S12,Staples & Grains,Wednesday,2024-03,75898.56999999999
S12,Stationery & General,Friday,2024-03,36782.390000000014
S12,Stationery & General,Monday,2024-03,16781.11
S12,Stationery & General,Saturday,2024-03,32227.770000000004
S12,Stationery & General,Sunday,2024-03,40689.090000000004
S12,Stationery & General,Thursday,2024-03,20471.940000000002
S12,Stationery & General,Tuesday,2024-03,17631.96
S12,Stationery & General,Wednesday,2024-03,17526.299999999996
S12,UNKNOWN,Friday,2024-03,-5976.2699999999995
S12,UNKNOWN,Monday,2024-03,-4567.379999999999
S12,UNKNOWN,Saturday,2024-03,-5606.370000000002
S12,UNKNOWN,Sunday,2024-03,-8065.09
S12,UNKNOWN,Thursday,2024-03,-4579.68
S12,UNKNOWN,Tuesday,2024-03,-3007.09
S12,UNKNOWN,Wednesday,2024-03,-3308.1200000000003
S12,Baby Care,Friday,2024-04,80731.01999999999
S12,Baby Care,Monday,2024-04,55357.819999999985
S12,Baby Care,Saturday,2024-04,127019.54000000002
S12,Baby Care,Sunday,2024-04,101499.76999999996
S12,Baby Care,Thursday,2024-04,74909.27
S12,Baby Care,Tuesday,2024-04,68678.39999999998
S12,Baby Care,Wednesday,2024-04,56830.47999999999
S12,Bakery,Friday,2024-04,8530.22
S12,Bakery,Monday,2024-04,9384.12
S12,Bakery,Saturday,2024-04,18731.160000000003
S12,Bakery,Sunday,2024-04,13971.570000000003
S12,Bakery,Thursday,2024-04,8796.69
S12,Bakery,Tuesday,2024-04,12184.200000000003
S12,Bakery,Wednesday,2024-04,10004.4
S12,Beverages,Friday,2024-04,23775.710000000003
S12,Beverages,Monday,2024-04,17847.530000000002
S12,Beverages,Saturday,2024-04,32940.909999999996
S12,Beverages,Sunday,2024-04,29430.11
S12,Beverages,Thursday,2024-04,26170.3
S12,Beverages,Tuesday,2024-04,13252.399999999998
S12,Beverages,Wednesday,2024-04,27963.630000000012
S12,Biscuits & Snacks,Friday,2024-04,6705.790000000001
S12,Biscuits & Snacks,Monday,2024-04,6219.220000000001
S12,Biscuits & Snacks,Saturday,2024-04,7121.179999999999
S12,Biscuits & Snacks,Sunday,2024-04,5607.419999999998
S12,Biscuits & Snacks,Thursday,2024-04,5597.6900000000005
S12,Biscuits & Snacks,Tuesday,2024-04,3218.4599999999996
S12,Biscuits & Snacks,Wednesday,2024-04,4090.2999999999997
S12,Confectionery,Friday,2024-04,16635.979999999996
S12,Confectionery,Monday,2024-04,12454.050000000001
S12,Confectionery,Saturday,2024-04,19362.219999999994
S12,Confectionery,Sunday,2024-04,16768.92
S12,Confectionery,Thursday,2024-04,13611.9
S12,Confectionery,Tuesday,2024-04,15068.759999999993
S12,Confectionery,Wednesday,2024-04,20645.379999999997
S12,Dairy,Friday,2024-04,22021.900000000005
S12,Dairy,Monday,2024-04,41670.56
S12,Dairy,Saturday,2024-04,34697.88
S12,Dairy,Sunday,2024-04,43786.64000000001
S12,Dairy,Thursday,2024-04,28293.710000000003
S12,Dairy,Tuesday,2024-04,35107.33
S12,Dairy,Wednesday,2024-04,26192.520000000004
S12,Edible Oils,Friday,2024-04,52560.86999999998
S12,Edible Oils,Monday,2024-04,71943.06999999999
S12,Edible Oils,Saturday,2024-04,89922.84000000001
S12,Edible Oils,Sunday,2024-04,93139.73
S12,Edible Oils,Thursday,2024-04,96004.02
S12,Edible Oils,Tuesday,2024-04,67830.35999999999
S12,Edible Oils,Wednesday,2024-04,74162.28
S12,Frozen & Ready to Eat,Friday,2024-04,21873.64
S12,Frozen & Ready to Eat,Monday,2024-04,19067.609999999997
S12,Frozen & Ready to Eat,Saturday,2024-04,31183.27000000001
S12,Frozen & Ready to Eat,Sunday,2024-04,21514.869999999995
S12,Frozen & Ready to Eat,Thursday,2024-04,17307.459999999995
S12,Frozen & Ready to Eat,Tuesday,2024-04,10806.73
S12,Frozen & Ready to Eat,Wednesday,2024-04,21925.13
S12,Fruits & Vegetables,Friday,2024-04,15045.74
S12,Fruits & Vegetables,Monday,2024-04,11887.750000000002
S12,Fruits & Vegetables,Saturday,2024-04,20372.5
S12,Fruits & Vegetables,Sunday,2024-04,17776.520000000008
S12,Fruits & Vegetables,Thursday,2024-04,10724.65
S12,Fruits & Vegetables,Tuesday,2024-04,7948.9000000000015
S12,Fruits & Vegetables,Wednesday,2024-04,19609.890000000003
S12,Home Care,Friday,2024-04,25066.969999999998
S12,Home Care,Monday,2024-04,20397.72000000001
S12,Home Care,Saturday,2024-04,41301.860000000015
S12,Home Care,Sunday,2024-04,40707.86999999999
S12,Home Care,Thursday,2024-04,18702.27
S12,Home Care,Tuesday,2024-04,26643.8
S12,Home Care,Wednesday,2024-04,28309.85
S12,Personal Care,Friday,2024-04,34051.700000000004
S12,Personal Care,Monday,2024-04,23023.980000000003
S12,Personal Care,Saturday,2024-04,59841.53
S12,Personal Care,Sunday,2024-04,33162.36000000001
S12,Personal Care,Thursday,2024-04,35232.58
S12,Personal Care,Tuesday,2024-04,30015.95
S12,Personal Care,Wednesday,2024-04,33696.439999999995
S12,Spices & Masala,Friday,2024-04,14608.889999999998
S12,Spices & Masala,Monday,2024-04,17164.45
S12,Spices & Masala,Saturday,2024-04,20991.090000000004
S12,Spices & Masala,Sunday,2024-04,19575.58
S12,Spices & Masala,Thursday,2024-04,15027.009999999998
S12,Spices & Masala,Tuesday,2024-04,23820.709999999995
S12,Spices & Masala,Wednesday,2024-04,20230.329999999998
S12,Staples & Grains,Friday,2024-04,88971.38999999998
S12,Staples & Grains,Monday,2024-04,61582.270000000004
S12,Staples & Grains,Saturday,2024-04,147891.24000000005
S12,Staples & Grains,Sunday,2024-04,131527.53999999995
S12,Staples & Grains,Thursday,2024-04,67039.26999999999
S12,Staples & Grains,Tuesday,2024-04,86815.63999999998
S12,Staples & Grains,Wednesday,2024-04,84498.74999999999
S12,Stationery & General,Friday,2024-04,25691.170000000006
S12,Stationery & General,Monday,2024-04,20106.86
S12,Stationery & General,Saturday,2024-04,28276.72999999999
S12,Stationery & General,Sunday,2024-04,14926.769999999997
S12,Stationery & General,Thursday,2024-04,21165.570000000007
S12,Stationery & General,Tuesday,2024-04,23946.1
S12,Stationery & General,Wednesday,2024-04,24506.700000000004
S12,UNKNOWN,Friday,2024-04,-4250.53
S12,UNKNOWN,Monday,2024-04,-3023.1000000000004
S12,UNKNOWN,Saturday,2024-04,-5937.3
S12,UNKNOWN,Sunday,2024-04,-5237.3099999999995
S12,UNKNOWN,Thursday,2024-04,-4999.7
S12,UNKNOWN,Tuesday,2024-04,-3327.3100000000004
S12,UNKNOWN,Wednesday,2024-04,-3675.2799999999993
S12,Baby Care,Friday,2024-05,125093.14000000001
S12,Baby Care,Monday,2024-05,95845.26
S12,Baby Care,Saturday,2024-05,103123.41999999998
S12,Baby Care,Sunday,2024-05,116276.85
S12,Baby Care,Thursday,2024-05,89266.83000000002
S12,Baby Care,Tuesday,2024-05,38245.08
S12,Baby Care,Wednesday,2024-05,106552.76999999999
S12,Bakery,Friday,2024-05,15356.32
S12,Bakery,Monday,2024-05,6110.280000000001
S12,Bakery,Saturday,2024-05,18550.92
S12,Bakery,Sunday,2024-05,14121.219999999998
S12,Bakery,Thursday,2024-05,10497.380000000001
S12,Bakery,Tuesday,2024-05,5693.800000000001
S12,Bakery,Wednesday,2024-05,8555.119999999999
S12,Beverages,Friday,2024-05,29532.120000000003
S12,Beverages,Monday,2024-05,21679.19
S12,Beverages,Saturday,2024-05,43734.64000000003
S12,Beverages,Sunday,2024-05,22954.120000000006
S12,Beverages,Thursday,2024-05,20630.26
S12,Beverages,Tuesday,2024-05,16572.5
S12,Beverages,Wednesday,2024-05,22395.31
S12,Biscuits & Snacks,Friday,2024-05,9516.899999999998
S12,Biscuits & Snacks,Monday,2024-05,5036.380000000001
S12,Biscuits & Snacks,Saturday,2024-05,8138.960000000001
S12,Biscuits & Snacks,Sunday,2024-05,10055.630000000001
S12,Biscuits & Snacks,Thursday,2024-05,3909.150000000001
S12,Biscuits & Snacks,Tuesday,2024-05,4929.470000000001
S12,Biscuits & Snacks,Wednesday,2024-05,6000.4
S12,Confectionery,Friday,2024-05,20831.239999999998
S12,Confectionery,Monday,2024-05,15442.679999999998
S12,Confectionery,Saturday,2024-05,24107.120000000003
S12,Confectionery,Sunday,2024-05,23088.719999999994
S12,Confectionery,Thursday,2024-05,15767.65
S12,Confectionery,Tuesday,2024-05,6846.99
S12,Confectionery,Wednesday,2024-05,12236.69
S12,Dairy,Friday,2024-05,36017.33000000001
S12,Dairy,Monday,2024-05,25948.140000000003
S12,Dairy,Saturday,2024-05,46423.40000000001
S12,Dairy,Sunday,2024-05,28072.920000000002
S12,Dairy,Thursday,2024-05,26771.6
S12,Dairy,Tuesday,2024-05,25699.980000000003
S12,Dairy,Wednesday,2024-05,32277.97
S12,Edible Oils,Friday,2024-05,80840.80999999997
S12,Edible Oils,Monday,2024-05,75585.35999999999
S12,Edible Oils,Saturday,2024-05,114547.29999999999
S12,Edible Oils,Sunday,2024-05,101831.92999999996
S12,Edible Oils,Thursday,2024-05,61198.44999999998
S12,Edible Oils,Tuesday,2024-05,46108.62
S12,Edible Oils,Wednesday,2024-05,62954.340000000004
S12,Frozen & Ready to Eat,Friday,2024-05,30209.399999999998
S12,Frozen & Ready to Eat,Monday,2024-05,28831.83000000001
S12,Frozen & Ready to Eat,Saturday,2024-05,47948.490000000005
S12,Frozen & Ready to Eat,Sunday,2024-05,33295.03
S12,Frozen & Ready to Eat,Thursday,2024-05,21522.4
S12,Frozen & Ready to Eat,Tuesday,2024-05,20668.46
S12,Frozen & Ready to Eat,Wednesday,2024-05,23205.020000000004
S12,Fruits & Vegetables,Friday,2024-05,15533.310000000005
S12,Fruits & Vegetables,Monday,2024-05,6843.15
S12,Fruits & Vegetables,Saturday,2024-05,18332.579999999998
S12,Fruits & Vegetables,Sunday,2024-05,18593.410000000003
S12,Fruits & Vegetables,Thursday,2024-05,18349.360000000004
S12,Fruits & Vegetables,Tuesday,2024-05,6780.06
S12,Fruits & Vegetables,Wednesday,2024-05,12937.439999999999
S12,Home Care,Friday,2024-05,31866.560000000005
S12,Home Care,Monday,2024-05,22409.32
S12,Home Care,Saturday,2024-05,37650.22
S12,Home Care,Sunday,2024-05,36428.560000000005
S12,Home Care,Thursday,2024-05,18104.339999999997
S12,Home Care,Tuesday,2024-05,13460.45
S12,Home Care,Wednesday,2024-05,30874.57
S12,Personal Care,Friday,2024-05,40255.71
S12,Personal Care,Monday,2024-05,33270.909999999996
S12,Personal Care,Saturday,2024-05,64556.02000000002
S12,Personal Care,Sunday,2024-05,53952.67
S12,Personal Care,Thursday,2024-05,26746.11
S12,Personal Care,Tuesday,2024-05,19384.24
S12,Personal Care,Wednesday,2024-05,32200.370000000003
S12,Spices & Masala,Friday,2024-05,23075.859999999997
S12,Spices & Masala,Monday,2024-05,15945.809999999998
S12,Spices & Masala,Saturday,2024-05,27696.289999999997
S12,Spices & Masala,Sunday,2024-05,23708.32
S12,Spices & Masala,Thursday,2024-05,15281.060000000001
S12,Spices & Masala,Tuesday,2024-05,9788.26
S12,Spices & Masala,Wednesday,2024-05,17878.34
S12,Staples & Grains,Friday,2024-05,105862.78
S12,Staples & Grains,Monday,2024-05,64668.82000000001
S12,Staples & Grains,Saturday,2024-05,142105.73
S12,Staples & Grains,Sunday,2024-05,130523.87999999998
S12,Staples & Grains,Thursday,2024-05,78814.04999999999
S12,Staples & Grains,Tuesday,2024-05,62287.70000000001
S12,Staples & Grains,Wednesday,2024-05,72142.67000000001
S12,Stationery & General,Friday,2024-05,21739.569999999996
S12,Stationery & General,Monday,2024-05,21534.360000000004
S12,Stationery & General,Saturday,2024-05,31294.339999999993
S12,Stationery & General,Sunday,2024-05,40140.65
S12,Stationery & General,Thursday,2024-05,22516.410000000003
S12,Stationery & General,Tuesday,2024-05,10545.84
S12,Stationery & General,Wednesday,2024-05,20953.100000000006
S12,UNKNOWN,Friday,2024-05,-1215.599999999999
S12,UNKNOWN,Monday,2024-05,-4453.8
S12,UNKNOWN,Saturday,2024-05,-7909.719999999999
S12,UNKNOWN,Sunday,2024-05,-3733.1899999999996
S12,UNKNOWN,Thursday,2024-05,-5483.86
S12,UNKNOWN,Tuesday,2024-05,-3806.0299999999997
S12,UNKNOWN,Wednesday,2024-05,-6639.3099999999995
S12,Baby Care,Friday,2024-06,86588.17000000001
S12,Baby Care,Monday,2024-06,57092.030000000006
S12,Baby Care,Saturday,2024-06,100904.23999999999
S12,Baby Care,Sunday,2024-06,124437.83999999995
S12,Baby Care,Thursday,2024-06,51663.44
S12,Baby Care,Tuesday,2024-06,52799.94
S12,Baby Care,Wednesday,2024-06,55632.88000000001
S12,Bakery,Friday,2024-06,10405.940000000004
S12,Bakery,Monday,2024-06,7643.22
S12,Bakery,Saturday,2024-06,14324.67
S12,Bakery,Sunday,2024-06,18151.990000000005
S12,Bakery,Thursday,2024-06,13443.520000000002
S12,Bakery,Tuesday,2024-06,8170.36
S12,Bakery,Wednesday,2024-06,8260.42
S12,Beverages,Friday,2024-06,38157.07999999999
S12,Beverages,Monday,2024-06,17096.079999999998
S12,Beverages,Saturday,2024-06,27793.38
S12,Beverages,Sunday,2024-06,38693.020000000004
S12,Beverages,Thursday,2024-06,17832.620000000003
S12,Beverages,Tuesday,2024-06,16745.510000000006
S12,Beverages,Wednesday,2024-06,18646.29
S12,Biscuits & Snacks,Friday,2024-06,6973.130000000002
S12,Biscuits & Snacks,Monday,2024-06,2731.03
S12,Biscuits & Snacks,Saturday,2024-06,9490.750000000002
S12,Biscuits & Snacks,Sunday,2024-06,12444.490000000005
S12,Biscuits & Snacks,Thursday,2024-06,6155.189999999999
S12,Biscuits & Snacks,Tuesday,2024-06,5300.92
S12,Biscuits & Snacks,Wednesday,2024-06,4927.439999999998
S12,Confectionery,Friday,2024-06,18428.509999999995
S12,Confectionery,Monday,2024-06,8300.099999999999
S12,Confectionery,Saturday,2024-06,29734.090000000007
S12,Confectionery,Sunday,2024-06,12234.89
S12,Confectionery,Thursday,2024-06,15745.720000000003
S12,Confectionery,Tuesday,2024-06,13015.009999999997
S12,Confectionery,Wednesday,2024-06,10347.350000000002
S12,Dairy,Friday,2024-06,40484.64
S12,Dairy,Monday,2024-06,25578.21000000001
S12,Dairy,Saturday,2024-06,65339.01999999998
S12,Dairy,Sunday,2024-06,62177.319999999985
S12,Dairy,Thursday,2024-06,34938.54
S12,Dairy,Tuesday,2024-06,35988.67
S12,Dairy,Wednesday,2024-06,22209.910000000007
S12,Edible Oils,Friday,2024-06,71519.82999999999
S12,Edible Oils,Monday,2024-06,53077.61999999999
S12,Edible Oils,Saturday,2024-06,119814.84000000001
S12,Edible Oils,Sunday,2024-06,98158.00999999997
S12,Edible Oils,Thursday,2024-06,52870.24999999999
S12,Edible Oils,Tuesday,2024-06,23137.250000000004
S12,Edible Oils,Wednesday,2024-06,56027.849999999984
S12,Frozen & Ready to Eat,Friday,2024-06,34849.58000000001
S12,Frozen & Ready to Eat,Monday,2024-06,24633.730000000003
S12,Frozen & Ready to Eat,Saturday,2024-06,42057.28
S12,Frozen & Ready to Eat,Sunday,2024-06,38117.02
S12,Frozen & Ready to Eat,Thursday,2024-06,17996.81
S12,Frozen & Ready to Eat,Tuesday,2024-06,19244.760000000002
S12,Frozen & Ready to Eat,Wednesday,2024-06,23593.670000000002
S12,Fruits & Vegetables,Friday,2024-06,14944.550000000001
S12,Fruits & Vegetables,Monday,2024-06,8100.25
S12,Fruits & Vegetables,Saturday,2024-06,17858.84
S12,Fruits & Vegetables,Sunday,2024-06,21935.67000000001
S12,Fruits & Vegetables,Thursday,2024-06,12982.980000000005
S12,Fruits & Vegetables,Tuesday,2024-06,8431.88
S12,Fruits & Vegetables,Wednesday,2024-06,13558.029999999999
S12,Home Care,Friday,2024-06,31492.73
S12,Home Care,Monday,2024-06,14703.519999999999
S12,Home Care,Saturday,2024-06,44729.46000000001
S12,Home Care,Sunday,2024-06,34099.25000000001
S12,Home Care,Thursday,2024-06,27725.92
S12,Home Care,Tuesday,2024-06,20861.000000000004
S12,Home Care,Wednesday,2024-06,22140.13
S12,Personal Care,Friday,2024-06,34043.509999999995
S12,Personal Care,Monday,2024-06,20573.150000000005
S12,Personal Care,Saturday,2024-06,53096.81000000002
S12,Personal Care,Sunday,2024-06,62581.549999999996
S12,Personal Care,Thursday,2024-06,27592.769999999997
S12,Personal Care,Tuesday,2024-06,24673.09
S12,Personal Care,Wednesday,2024-06,28076.550000000007
S12,Spices & Masala,Friday,2024-06,16982.43
S12,Spices & Masala,Monday,2024-06,15101.099999999997
S12,Spices & Masala,Saturday,2024-06,24665.18000000001
S12,Spices & Masala,Sunday,2024-06,19390.210000000006
S12,Spices & Masala,Thursday,2024-06,13957.039999999999
S12,Spices & Masala,Tuesday,2024-06,11830.619999999999
S12,Spices & Masala,Wednesday,2024-06,15967.03
S12,Staples & Grains,Friday,2024-06,104219.79
S12,Staples & Grains,Monday,2024-06,62232.57000000001
S12,Staples & Grains,Saturday,2024-06,100226.73
S12,Staples & Grains,Sunday,2024-06,161672.88999999996
S12,Staples & Grains,Thursday,2024-06,77103.48999999999
S12,Staples & Grains,Tuesday,2024-06,93721.67999999998
S12,Staples & Grains,Wednesday,2024-06,65364.079999999994
S12,Stationery & General,Friday,2024-06,15066.610000000002
S12,Stationery & General,Monday,2024-06,19803.360000000004
S12,Stationery & General,Saturday,2024-06,41105.93999999999
S12,Stationery & General,Sunday,2024-06,42792.18
S12,Stationery & General,Thursday,2024-06,14344.35
S12,Stationery & General,Tuesday,2024-06,26124.34999999999
S12,Stationery & General,Wednesday,2024-06,16277.390000000003
S12,UNKNOWN,Friday,2024-06,-7139.629999999999
S12,UNKNOWN,Monday,2024-06,-4338.8099999999995
S12,UNKNOWN,Saturday,2024-06,-9803.150000000001
S12,UNKNOWN,Sunday,2024-06,-7145.469999999999
S12,UNKNOWN,Thursday,2024-06,-4823.41
S12,UNKNOWN,Tuesday,2024-06,-3628.15
S12,UNKNOWN,Wednesday,2024-06,-6514.040000000002
S12,Baby Care,Friday,2024-07,104655.08000000002
S12,Baby Care,Monday,2024-07,54143.53
S12,Baby Care,Saturday,2024-07,117355.64999999998
S12,Baby Care,Sunday,2024-07,95401.49
S12,Baby Care,Thursday,2024-07,53944.59999999999
S12,Baby Care,Tuesday,2024-07,54109.149999999994
S12,Baby Care,Wednesday,2024-07,116924.68999999999
S12,Bakery,Friday,2024-07,13132.82
S12,Bakery,Monday,2024-07,9236.480000000003
S12,Bakery,Saturday,2024-07,14684.569999999998
S12,Bakery,Sunday,2024-07,15630.200000000003
S12,Bakery,Thursday,2024-07,9226.580000000002
S12,Bakery,Tuesday,2024-07,10912.349999999999
S12,Bakery,Wednesday,2024-07,13766.779999999999
S12,Beverages,Friday,2024-07,24051.910000000007
S12,Beverages,Monday,2024-07,26709.72
S12,Beverages,Saturday,2024-07,38777.82000000001
S12,Beverages,Sunday,2024-07,25377.960000000006
S12,Beverages,Thursday,2024-07,25024.35
S12,Beverages,Tuesday,2024-07,16937.510000000002
S12,Beverages,Wednesday,2024-07,32725.879999999997
S12,Biscuits & Snacks,Friday,2024-07,8318.479999999998
S12,Biscuits & Snacks,Monday,2024-07,6060.299999999999
S12,Biscuits & Snacks,Saturday,2024-07,8567.959999999997
S12,Biscuits & Snacks,Sunday,2024-07,6505.1399999999985
S12,Biscuits & Snacks,Thursday,2024-07,5054.210000000001
S12,Biscuits & Snacks,Tuesday,2024-07,4792.149999999999
S12,Biscuits & Snacks,Wednesday,2024-07,7361.0599999999995
S12,Confectionery,Friday,2024-07,15378.11
S12,Confectionery,Monday,2024-07,11695.98
S12,Confectionery,Saturday,2024-07,23918.210000000003
S12,Confectionery,Sunday,2024-07,15245.059999999998
S12,Confectionery,Thursday,2024-07,16799.960000000003
S12,Confectionery,Tuesday,2024-07,17989.920000000002
S12,Confectionery,Wednesday,2024-07,17657.59
S12,Dairy,Friday,2024-07,30434.500000000004
S12,Dairy,Monday,2024-07,35282.329999999994
S12,Dairy,Saturday,2024-07,34652.15
S12,Dairy,Sunday,2024-07,35564.539999999986
S12,Dairy,Thursday,2024-07,32940.5
S12,Dairy,Tuesday,2024-07,18576.68
S12,Dairy,Wednesday,2024-07,54012.659999999996
S12,Edible Oils,Friday,2024-07,104213.89000000001
S12,Edible Oils,Monday,2024-07,73599.41
S12,Edible Oils,Saturday,2024-07,72921.43999999997
S12,Edible Oils,Sunday,2024-07,65875.21999999999
S12,Edible Oils,Thursday,2024-07,53108.88
S12,Edible Oils,Tuesday,2024-07,54614.12
S12,Edible Oils,Wednesday,2024-07,76182.7
S12,Frozen & Ready to Eat,Friday,2024-07,29014.65
S12,Frozen & Ready to Eat,Monday,2024-07,22432.190000000002
S12,Frozen & Ready to Eat,Saturday,2024-07,25817.61
S12,Frozen & Ready to Eat,Sunday,2024-07,38873.599999999984
S12,Frozen & Ready to Eat,Thursday,2024-07,29194.610000000004
S12,Frozen & Ready to Eat,Tuesday,2024-07,20882.950000000004
S12,Frozen & Ready to Eat,Wednesday,2024-07,37327.409999999996
S12,Fruits & Vegetables,Friday,2024-07,14921.480000000005
S12,Fruits & Vegetables,Monday,2024-07,17139.12
S12,Fruits & Vegetables,Saturday,2024-07,25801.629999999997
S12,Fruits & Vegetables,Sunday,2024-07,16160.529999999999
S12,Fruits & Vegetables,Thursday,2024-07,8623.519999999997
S12,Fruits & Vegetables,Tuesday,2024-07,10039.26
S12,Fruits & Vegetables,Wednesday,2024-07,12537.090000000002
S12,Home Care,Friday,2024-07,30636.629999999994
S12,Home Care,Monday,2024-07,28460.36000000001
S12,Home Care,Saturday,2024-07,28509.829999999998
S12,Home Care,Sunday,2024-07,30127.11999999999
S12,Home Care,Thursday,2024-07,15224.41
S12,Home Care,Tuesday,2024-07,18116.53
S12,Home Care,Wednesday,2024-07,32198.400000000005
S12,Personal Care,Friday,2024-07,43676.24
S12,Personal Care,Monday,2024-07,27068.890000000003
S12,Personal Care,Saturday,2024-07,43585.950000000004
S12,Personal Care,Sunday,2024-07,30568.39
S12,Personal Care,Thursday,2024-07,36861.610000000015
S12,Personal Care,Tuesday,2024-07,28925.100000000006
S12,Personal Care,Wednesday,2024-07,32165.45
S12,Spices & Masala,Friday,2024-07,13297.740000000003
S12,Spices & Masala,Monday,2024-07,10891.170000000004
S12,Spices & Masala,Saturday,2024-07,19602.32
S12,Spices & Masala,Sunday,2024-07,17785.31
S12,Spices & Masala,Thursday,2024-07,13735.199999999997
S12,Spices & Masala,Tuesday,2024-07,16619.21
S12,Spices & Masala,Wednesday,2024-07,18855.970000000005
S12,Staples & Grains,Friday,2024-07,126716.43000000001
S12,Staples & Grains,Monday,2024-07,104135.63999999997
S12,Staples & Grains,Saturday,2024-07,149824.85
S12,Staples & Grains,Sunday,2024-07,109820.61999999998
S12,Staples & Grains,Thursday,2024-07,92651.14999999997
S12,Staples & Grains,Tuesday,2024-07,88106.79999999999
S12,Staples & Grains,Wednesday,2024-07,110380.03999999998
S12,Stationery & General,Friday,2024-07,31324.09000000002
S12,Stationery & General,Monday,2024-07,36109.22
S12,Stationery & General,Saturday,2024-07,17944.93
S12,Stationery & General,Sunday,2024-07,35954.850000000006
S12,Stationery & General,Thursday,2024-07,15486.320000000002
S12,Stationery & General,Tuesday,2024-07,13360.99
S12,Stationery & General,Wednesday,2024-07,32155.790000000008
S12,UNKNOWN,Friday,2024-07,-7195.529999999999
S12,UNKNOWN,Monday,2024-07,-4201.91
S12,UNKNOWN,Saturday,2024-07,-5915.31
S12,UNKNOWN,Sunday,2024-07,-5873.409999999999
S12,UNKNOWN,Thursday,2024-07,-5554.17
S12,UNKNOWN,Tuesday,2024-07,-4425.76
S12,UNKNOWN,Wednesday,2024-07,-6629.539999999999
S12,Baby Care,Friday,2024-08,80131.58000000003
S12,Baby Care,Monday,2024-08,45890.240000000005
S12,Baby Care,Saturday,2024-08,139150.36
S12,Baby Care,Sunday,2024-08,95104.21999999994
S12,Baby Care,Thursday,2024-08,92182.91999999998
S12,Baby Care,Tuesday,2024-08,49705.84
S12,Baby Care,Wednesday,2024-08,77892.17
S12,Bakery,Friday,2024-08,17071.539999999994
S12,Bakery,Monday,2024-08,6884.260000000002
S12,Bakery,Saturday,2024-08,17698.55000000001
S12,Bakery,Sunday,2024-08,19039.34
S12,Bakery,Thursday,2024-08,15324.439999999999
S12,Bakery,Tuesday,2024-08,7656.03
S12,Bakery,Wednesday,2024-08,10717.14
S12,Beverages,Friday,2024-08,21232.69
S12,Beverages,Monday,2024-08,26123.28
S12,Beverages,Saturday,2024-08,43830.710000000014
S12,Beverages,Sunday,2024-08,23106.029999999995
S12,Beverages,Thursday,2024-08,29586.640000000007
S12,Beverages,Tuesday,2024-08,17473.880000000005
S12,Beverages,Wednesday,2024-08,8390.329999999998
S12,Biscuits & Snacks,Friday,2024-08,6738.159999999999
S12,Biscuits & Snacks,Monday,2024-08,5754.799999999999
S12,Biscuits & Snacks,Saturday,2024-08,8892.359999999999
S12,Biscuits & Snacks,Sunday,2024-08,8448.219999999998
S12,Biscuits & Snacks,Thursday,2024-08,7723.479999999999
S12,Biscuits & Snacks,Tuesday,2024-08,5901.550000000001
S12,Biscuits & Snacks,Wednesday,2024-08,5259.789999999998
S12,Confectionery,Friday,2024-08,23607.660000000003
S12,Confectionery,Monday,2024-08,14285.919999999998
S12,Confectionery,Saturday,2024-08,35362.02999999999
S12,Confectionery,Sunday,2024-08,18106.41
S12,Confectionery,Thursday,2024-08,14676.019999999999
S12,Confectionery,Tuesday,2024-08,11427.189999999999
S12,Confectionery,Wednesday,2024-08,12700.879999999994
S12,Dairy,Friday,2024-08,38399.56
S12,Dairy,Monday,2024-08,36559.62
S12,Dairy,Saturday,2024-08,60664.99000000002
S12,Dairy,Sunday,2024-08,35918.77999999999
S12,Dairy,Thursday,2024-08,38900.43000000002
S12,Dairy,Tuesday,2024-08,34479.47000000001
S12,Dairy,Wednesday,2024-08,32508.989999999994
S12,Edible Oils,Friday,2024-08,108709.42
S12,Edible Oils,Monday,2024-08,57854.34
S12,Edible Oils,Saturday,2024-08,99943.51999999997
S12,Edible Oils,Sunday,2024-08,76674.78999999998
S12,Edible Oils,Thursday,2024-08,71652.92999999998
S12,Edible Oils,Tuesday,2024-08,72942.7
S12,Edible Oils,Wednesday,2024-08,61661.33000000001
S12,Frozen & Ready to Eat,Friday,2024-08,35400.85999999999
S12,Frozen & Ready to Eat,Monday,2024-08,20786.480000000007
S12,Frozen & Ready to Eat,Saturday,2024-08,63496.43999999998
S12,Frozen & Ready to Eat,Sunday,2024-08,33669.25
S12,Frozen & Ready to Eat,Thursday,2024-08,33931.61
S12,Frozen & Ready to Eat,Tuesday,2024-08,24417.299999999996
S12,Frozen & Ready to Eat,Wednesday,2024-08,24626.219999999998
S12,Fruits & Vegetables,Friday,2024-08,19021.83
S12,Fruits & Vegetables,Monday,2024-08,11768.939999999999
S12,Fruits & Vegetables,Saturday,2024-08,31860.160000000007
S12,Fruits & Vegetables,Sunday,2024-08,18629.469999999998
S12,Fruits & Vegetables,Thursday,2024-08,15548.330000000002
S12,Fruits & Vegetables,Tuesday,2024-08,11796.729999999998
S12,Fruits & Vegetables,Wednesday,2024-08,11258.39
S12,Home Care,Friday,2024-08,39336.159999999996
S12,Home Care,Monday,2024-08,22731.76
S12,Home Care,Saturday,2024-08,47185.18000000001
S12,Home Care,Sunday,2024-08,24685.23
S12,Home Care,Thursday,2024-08,34540.62999999999
S12,Home Care,Tuesday,2024-08,27453.749999999996
S12,Home Care,Wednesday,2024-08,20260.63
S12,Personal Care,Friday,2024-08,49726.91
S12,Personal Care,Monday,2024-08,31134.810000000005
S12,Personal Care,Saturday,2024-08,57934.53999999999
S12,Personal Care,Sunday,2024-08,34219.77
S12,Personal Care,Thursday,2024-08,27774.31
S12,Personal Care,Tuesday,2024-08,17469.050000000003
S12,Personal Care,Wednesday,2024-08,25780.560000000005
S12,Spices & Masala,Friday,2024-08,22830.849999999995
S12,Spices & Masala,Monday,2024-08,16918.21
S12,Spices & Masala,Saturday,2024-08,41632.110000000015
S12,Spices & Masala,Sunday,2024-08,15646.99
S12,Spices & Masala,Thursday,2024-08,14249.050000000001
S12,Spices & Masala,Tuesday,2024-08,9987.989999999998
S12,Spices & Masala,Wednesday,2024-08,17283.800000000003
S12,Staples & Grains,Friday,2024-08,123076.54999999997
S12,Staples & Grains,Monday,2024-08,56065.020000000004
S12,Staples & Grains,Saturday,2024-08,165305.05000000002
S12,Staples & Grains,Sunday,2024-08,106984.21999999997
S12,Staples & Grains,Thursday,2024-08,92356.51999999999
S12,Staples & Grains,Tuesday,2024-08,80619.81999999996
S12,Staples & Grains,Wednesday,2024-08,54100.47000000001
S12,Stationery & General,Friday,2024-08,38672.95
S12,Stationery & General,Monday,2024-08,20602.74999999999
S12,Stationery & General,Saturday,2024-08,46589.70999999998
S12,Stationery & General,Sunday,2024-08,21514.27
S12,Stationery & General,Thursday,2024-08,19230.560000000005
S12,Stationery & General,Tuesday,2024-08,16107.739999999998
S12,Stationery & General,Wednesday,2024-08,12385.099999999999
S12,UNKNOWN,Friday,2024-08,-6600.67
S12,UNKNOWN,Monday,2024-08,-3312.65
S12,UNKNOWN,Saturday,2024-08,-9140.540000000003
S12,UNKNOWN,Sunday,2024-08,-5471.269999999999
S12,UNKNOWN,Thursday,2024-08,-4425.2
S12,UNKNOWN,Tuesday,2024-08,-3097.9799999999996
S12,UNKNOWN,Wednesday,2024-08,-4604.36
S12,Baby Care,Friday,2024-09,66125.96999999999
S12,Baby Care,Monday,2024-09,79291.60999999997
S12,Baby Care,Saturday,2024-09,102305.16000000006
S12,Baby Care,Sunday,2024-09,166789.63999999998
S12,Baby Care,Thursday,2024-09,75146.37000000001
S12,Baby Care,Tuesday,2024-09,52164.87
S12,Baby Care,Wednesday,2024-09,40058.590000000004
S12,Bakery,Friday,2024-09,11501.469999999998
S12,Bakery,Monday,2024-09,12915.480000000001
S12,Bakery,Saturday,2024-09,20464.849999999995
S12,Bakery,Sunday,2024-09,21120.37
S12,Bakery,Thursday,2024-09,10088.020000000002
S12,Bakery,Tuesday,2024-09,11425.679999999998
S12,Bakery,Wednesday,2024-09,10637.77
S12,Beverages,Friday,2024-09,28141.309999999998
S12,Beverages,Monday,2024-09,22952.969999999987
S12,Beverages,Saturday,2024-09,40290.15
S12,Beverages,Sunday,2024-09,50656.780000000006
S12,Beverages,Thursday,2024-09,25964.310000000005
S12,Beverages,Tuesday,2024-09,11745.69
S12,Beverages,Wednesday,2024-09,20434.540000000005
S12,Biscuits & Snacks,Friday,2024-09,7712.749999999998
S12,Biscuits & Snacks,Monday,2024-09,6790.2400000000025
S12,Biscuits & Snacks,Saturday,2024-09,9899.43
S12,Biscuits & Snacks,Sunday,2024-09,10643.549999999997
S12,Biscuits & Snacks,Thursday,2024-09,4797.660000000001
S12,Biscuits & Snacks,Tuesday,2024-09,3705.82
S12,Biscuits & Snacks,Wednesday,2024-09,6092.59
S12,Confectionery,Friday,2024-09,23056.260000000002
S12,Confectionery,Monday,2024-09,18137.559999999994
S12,Confectionery,Saturday,2024-09,24043.769999999993
S12,Confectionery,Sunday,2024-09,38446.880000000005
S12,Confectionery,Thursday,2024-09,16087.749999999996
S12,Confectionery,Tuesday,2024-09,11800.04
S12,Confectionery,Wednesday,2024-09,10645.98
S12,Dairy,Friday,2024-09,37243.58999999999
S12,Dairy,Monday,2024-09,36223.659999999996
S12,Dairy,Saturday,2024-09,48165.719999999994
S12,Dairy,Sunday,2024-09,84812.04999999999
S12,Dairy,Thursday,2024-09,34162.72
S12,Dairy,Tuesday,2024-09,21587.779999999995
S12,Dairy,Wednesday,2024-09,28272.73000000001
S12,Edible Oils,Friday,2024-09,122212.52
S12,Edible Oils,Monday,2024-09,65311.509999999995
S12,Edible Oils,Saturday,2024-09,132185.39999999994
S12,Edible Oils,Sunday,2024-09,139782.63999999998
S12,Edible Oils,Thursday,2024-09,80019.66
S12,Edible Oils,Tuesday,2024-09,42084.76
S12,Edible Oils,Wednesday,2024-09,43470.909999999996
S12,Frozen & Ready to Eat,Friday,2024-09,32323.860000000004
S12,Frozen & Ready to Eat,Monday,2024-09,13878.539999999997
S12,Frozen & Ready to Eat,Saturday,2024-09,36622.109999999986
S12,Frozen & Ready to Eat,Sunday,2024-09,54707.31000000001
S12,Frozen & Ready to Eat,Thursday,2024-09,27938.58
S12,Frozen & Ready to Eat,Tuesday,2024-09,14098.33
S12,Frozen & Ready to Eat,Wednesday,2024-09,22911.190000000002
S12,Fruits & Vegetables,Friday,2024-09,14702.240000000003
S12,Fruits & Vegetables,Monday,2024-09,13536.97
S12,Fruits & Vegetables,Saturday,2024-09,24398.289999999997
S12,Fruits & Vegetables,Sunday,2024-09,32145.530000000002
S12,Fruits & Vegetables,Thursday,2024-09,10507.939999999999
S12,Fruits & Vegetables,Tuesday,2024-09,9513.19
S12,Fruits & Vegetables,Wednesday,2024-09,15414.829999999996
S12,Home Care,Friday,2024-09,29691.029999999995
S12,Home Care,Monday,2024-09,27488.519999999993
S12,Home Care,Saturday,2024-09,30195.709999999992
S12,Home Care,Sunday,2024-09,53411.770000000004
S12,Home Care,Thursday,2024-09,22581.0
S12,Home Care,Tuesday,2024-09,18228.89
S12,Home Care,Wednesday,2024-09,23059.360000000008
S12,Personal Care,Friday,2024-09,51979.73999999999
S12,Personal Care,Monday,2024-09,34804.44999999999
S12,Personal Care,Saturday,2024-09,51602.53000000001
S12,Personal Care,Sunday,2024-09,67594.47000000002
S12,Personal Care,Thursday,2024-09,31265.32
S12,Personal Care,Tuesday,2024-09,19881.940000000002
S12,Personal Care,Wednesday,2024-09,24342.570000000007
S12,Spices & Masala,Friday,2024-09,23194.999999999996
S12,Spices & Masala,Monday,2024-09,18611.61
S12,Spices & Masala,Saturday,2024-09,26427.239999999994
S12,Spices & Masala,Sunday,2024-09,32086.75000000001
S12,Spices & Masala,Thursday,2024-09,12701.019999999997
S12,Spices & Masala,Tuesday,2024-09,11562.320000000003
S12,Spices & Masala,Wednesday,2024-09,9878.55
S12,Staples & Grains,Friday,2024-09,111591.40000000002
S12,Staples & Grains,Monday,2024-09,89108.84000000001
S12,Staples & Grains,Saturday,2024-09,164345.21
S12,Staples & Grains,Sunday,2024-09,175566.06
S12,Staples & Grains,Thursday,2024-09,80367.68999999999
S12,Staples & Grains,Tuesday,2024-09,47462.860000000015
S12,Staples & Grains,Wednesday,2024-09,62194.96
S12,Stationery & General,Friday,2024-09,26352.73
S12,Stationery & General,Monday,2024-09,23806.429999999993
S12,Stationery & General,Saturday,2024-09,41141.54
S12,Stationery & General,Sunday,2024-09,36821.90999999998
S12,Stationery & General,Thursday,2024-09,23675.410000000003
S12,Stationery & General,Tuesday,2024-09,13149.03
S12,Stationery & General,Wednesday,2024-09,23125.340000000004
S12,UNKNOWN,Friday,2024-09,-7153.5599999999995
S12,UNKNOWN,Monday,2024-09,-5342.970000000002
S12,UNKNOWN,Saturday,2024-09,-6052.780000000002
S12,UNKNOWN,Sunday,2024-09,-11065.220000000003
S12,UNKNOWN,Thursday,2024-09,-4930.389999999999
S12,UNKNOWN,Tuesday,2024-09,-4179.11
S12,UNKNOWN,Wednesday,2024-09,-3438.08
S12,Baby Care,Friday,2024-10,116700.98000000001
S12,Baby Care,Monday,2024-10,59485.880000000005
S12,Baby Care,Saturday,2024-10,181330.23
S12,Baby Care,Sunday,2024-10,94417.70999999999
S12,Baby Care,Thursday,2024-10,93509.74999999999
S12,Baby Care,Tuesday,2024-10,108830.02000000002
S12,Baby Care,Wednesday,2024-10,113521.3
S12,Bakery,Friday,2024-10,15559.229999999998
S12,Bakery,Monday,2024-10,12330.520000000002
S12,Bakery,Saturday,2024-10,18814.689999999995
S12,Bakery,Sunday,2024-10,18535.319999999996
S12,Bakery,Thursday,2024-10,24672.530000000006
S12,Bakery,Tuesday,2024-10,16266.679999999998
S12,Bakery,Wednesday,2024-10,15096.289999999999
S12,Beverages,Friday,2024-10,28872.899999999998
S12,Beverages,Monday,2024-10,23141.809999999994
S12,Beverages,Saturday,2024-10,45044.64999999998
S12,Beverages,Sunday,2024-10,41379.39000000001
S12,Beverages,Thursday,2024-10,36106.770000000004
S12,Beverages,Tuesday,2024-10,32895.63999999999
S12,Beverages,Wednesday,2024-10,30308.11000000001
S12,Biscuits & Snacks,Friday,2024-10,7912.870000000001
S12,Biscuits & Snacks,Monday,2024-10,5776.050000000002
S12,Biscuits & Snacks,Saturday,2024-10,10944.960000000001
S12,Biscuits & Snacks,Sunday,2024-10,9241.870000000003
S12,Biscuits & Snacks,Thursday,2024-10,8691.25
S12,Biscuits & Snacks,Tuesday,2024-10,10679.960000000005
S12,Biscuits & Snacks,Wednesday,2024-10,8513.890000000001
S12,Confectionery,Friday,2024-10,19421.500000000004
S12,Confectionery,Monday,2024-10,12811.049999999997
S12,Confectionery,Saturday,2024-10,33305.63999999999
S12,Confectionery,Sunday,2024-10,21167.21
S12,Confectionery,Thursday,2024-10,19987.94999999999
S12,Confectionery,Tuesday,2024-10,20044.58
S12,Confectionery,Wednesday,2024-10,20761.36
S12,Dairy,Friday,2024-10,36454.83
S12,Dairy,Monday,2024-10,31212.539999999997
S12,Dairy,Saturday,2024-10,68373.55
S12,Dairy,Sunday,2024-10,59724.99
S12,Dairy,Thursday,2024-10,52957.15999999999
S12,Dairy,Tuesday,2024-10,56406.130000000005
S12,Dairy,Wednesday,2024-10,44137.51999999999
S12,Edible Oils,Friday,2024-10,129741.05999999997
S12,Edible Oils,Monday,2024-10,51453.4
S12,Edible Oils,Saturday,2024-10,131140.5
S12,Edible Oils,Sunday,2024-10,112222.28999999996
S12,Edible Oils,Thursday,2024-10,106151.69999999997
S12,Edible Oils,Tuesday,2024-10,117423.25999999998
S12,Edible Oils,Wednesday,2024-10,107318.82999999994
S12,Frozen & Ready to Eat,Friday,2024-10,45979.80999999999
S12,Frozen & Ready to Eat,Monday,2024-10,38092.38999999999
S12,Frozen & Ready to Eat,Saturday,2024-10,51405.83999999997
S12,Frozen & Ready to Eat,Sunday,2024-10,45440.890000000014
S12,Frozen & Ready to Eat,Thursday,2024-10,40506.22
S12,Frozen & Ready to Eat,Tuesday,2024-10,47581.47000000001
S12,Frozen & Ready to Eat,Wednesday,2024-10,42995.87000000001
S12,Fruits & Vegetables,Friday,2024-10,20311.19
S12,Fruits & Vegetables,Monday,2024-10,12169.82
S12,Fruits & Vegetables,Saturday,2024-10,26866.159999999996
S12,Fruits & Vegetables,Sunday,2024-10,20434.570000000003
S12,Fruits & Vegetables,Thursday,2024-10,17037.55
S12,Fruits & Vegetables,Tuesday,2024-10,20774.259999999995
S12,Fruits & Vegetables,Wednesday,2024-10,14020.020000000004
S12,Home Care,Friday,2024-10,31919.639999999996
S12,Home Care,Monday,2024-10,33324.61
S12,Home Care,Saturday,2024-10,46815.740000000005
S12,Home Care,Sunday,2024-10,37754.149999999994
S12,Home Care,Thursday,2024-10,32142.659999999996
S12,Home Care,Tuesday,2024-10,40834.18
S12,Home Care,Wednesday,2024-10,30920.249999999993
S12,Personal Care,Friday,2024-10,40132.11999999999
S12,Personal Care,Monday,2024-10,39260.56999999999
S12,Personal Care,Saturday,2024-10,71574.87000000001
S12,Personal Care,Sunday,2024-10,56502.429999999986
S12,Personal Care,Thursday,2024-10,49681.97999999999
S12,Personal Care,Tuesday,2024-10,49255.749999999985
S12,Personal Care,Wednesday,2024-10,36431.73
S12,Spices & Masala,Friday,2024-10,19665.589999999997
S12,Spices & Masala,Monday,2024-10,18129.71
S12,Spices & Masala,Saturday,2024-10,27724.309999999998
S12,Spices & Masala,Sunday,2024-10,26564.509999999995
S12,Spices & Masala,Thursday,2024-10,21086.32999999999
S12,Spices & Masala,Tuesday,2024-10,26182.38
S12,Spices & Masala,Wednesday,2024-10,15641.4
S12,Staples & Grains,Friday,2024-10,90811.24999999999
S12,Staples & Grains,Monday,2024-10,83252.16
S12,Staples & Grains,Saturday,2024-10,178491.66999999995
S12,Staples & Grains,Sunday,2024-10,123421.72
S12,Staples & Grains,Thursday,2024-10,126166.79999999997
S12,Staples & Grains,Tuesday,2024-10,156812.27
S12,Staples & Grains,Wednesday,2024-10,165158.09999999998
S12,Stationery & General,Friday,2024-10,35724.93000000001
S12,Stationery & General,Monday,2024-10,24077.17000000001
S12,Stationery & General,Saturday,2024-10,46942.44000000003
S12,Stationery & General,Sunday,2024-10,40392.829999999994
S12,Stationery & General,Thursday,2024-10,30329.78
S12,Stationery & General,Tuesday,2024-10,38852.64
S12,Stationery & General,Wednesday,2024-10,37194.62
S12,UNKNOWN,Friday,2024-10,-7138.650000000003
S12,UNKNOWN,Monday,2024-10,-4700.3099999999995
S12,UNKNOWN,Saturday,2024-10,-8232.539999999999
S12,UNKNOWN,Sunday,2024-10,-4755.629999999999
S12,UNKNOWN,Thursday,2024-10,-5714.219999999999
S12,UNKNOWN,Tuesday,2024-10,-6505.880000000001
S12,UNKNOWN,Wednesday,2024-10,-6704.55
S12,Baby Care,Friday,2024-11,128335.43000000001
S12,Baby Care,Monday,2024-11,56947.45
S12,Baby Care,Saturday,2024-11,172296.78999999995
S12,Baby Care,Sunday,2024-11,145806.86999999994
S12,Baby Care,Thursday,2024-11,69666.87999999999
S12,Baby Care,Tuesday,2024-11,62675.48000000002
S12,Baby Care,Wednesday,2024-11,81710.77000000003
S12,Bakery,Friday,2024-11,18395.590000000004
S12,Bakery,Monday,2024-11,16746.440000000002
S12,Bakery,Saturday,2024-11,27132.619999999995
S12,Bakery,Sunday,2024-11,19961.65999999999
S12,Bakery,Thursday,2024-11,15067.450000000003
S12,Bakery,Tuesday,2024-11,9054.890000000001
S12,Bakery,Wednesday,2024-11,12693.529999999997
S12,Beverages,Friday,2024-11,37478.76000000001
S12,Beverages,Monday,2024-11,31295.579999999998
S12,Beverages,Saturday,2024-11,34315.98
S12,Beverages,Sunday,2024-11,44922.689999999995
S12,Beverages,Thursday,2024-11,17214.08
S12,Beverages,Tuesday,2024-11,31172.71000000001
S12,Beverages,Wednesday,2024-11,23125.13
S12,Biscuits & Snacks,Friday,2024-11,7103.139999999999
S12,Biscuits & Snacks,Monday,2024-11,6538.670000000001
S12,Biscuits & Snacks,Saturday,2024-11,14696.680000000008
S12,Biscuits & Snacks,Sunday,2024-11,14394.419999999996
S12,Biscuits & Snacks,Thursday,2024-11,6102.779999999999
S12,Biscuits & Snacks,Tuesday,2024-11,5634.7
S12,Biscuits & Snacks,Wednesday,2024-11,6853.860000000002
S12,Confectionery,Friday,2024-11,20640.769999999993
S12,Confectionery,Monday,2024-11,22662.250000000007
S12,Confectionery,Saturday,2024-11,37629.48999999998
S12,Confectionery,Sunday,2024-11,27283.649999999987
S12,Confectionery,Thursday,2024-11,12097.499999999998
S12,Confectionery,Tuesday,2024-11,17743.489999999998
S12,Confectionery,Wednesday,2024-11,16706.36
S12,Dairy,Friday,2024-11,54156.149999999994
S12,Dairy,Monday,2024-11,32391.36
S12,Dairy,Saturday,2024-11,89570.24999999993
S12,Dairy,Sunday,2024-11,69949.83999999998
S12,Dairy,Thursday,2024-11,39261.759999999995
S12,Dairy,Tuesday,2024-11,21896.970000000005
S12,Dairy,Wednesday,2024-11,36159.12000000001
S12,Edible Oils,Friday,2024-11,109722.02999999998
S12,Edible Oils,Monday,2024-11,68380.70999999999
S12,Edible Oils,Saturday,2024-11,161843.45999999996
S12,Edible Oils,Sunday,2024-11,144626.00999999998
S12,Edible Oils,Thursday,2024-11,69476.65000000002
S12,Edible Oils,Tuesday,2024-11,72380.72000000002
S12,Edible Oils,Wednesday,2024-11,56786.26
S12,Frozen & Ready to Eat,Friday,2024-11,38203.259999999995
S12,Frozen & Ready to Eat,Monday,2024-11,25508.22
S12,Frozen & Ready to Eat,Saturday,2024-11,61974.65
S12,Frozen & Ready to Eat,Sunday,2024-11,39142.100000000006
S12,Frozen & Ready to Eat,Thursday,2024-11,26746.369999999995
S12,Frozen & Ready to Eat,Tuesday,2024-11,21932.93
S12,Frozen & Ready to Eat,Wednesday,2024-11,24016.089999999997
S12,Fruits & Vegetables,Friday,2024-11,23499.759999999995
S12,Fruits & Vegetables,Monday,2024-11,13929.24
S12,Fruits & Vegetables,Saturday,2024-11,32119.390000000003
S12,Fruits & Vegetables,Sunday,2024-11,28988.830000000005
S12,Fruits & Vegetables,Thursday,2024-11,11870.760000000002
S12,Fruits & Vegetables,Tuesday,2024-11,7980.52
S12,Fruits & Vegetables,Wednesday,2024-11,16483.509999999995
S12,Home Care,Friday,2024-11,43572.87
S12,Home Care,Monday,2024-11,31223.050000000003
S12,Home Care,Saturday,2024-11,41102.929999999986
S12,Home Care,Sunday,2024-11,37042.99999999999
S12,Home Care,Thursday,2024-11,21610.660000000003
S12,Home Care,Tuesday,2024-11,20554.92
S12,Home Care,Wednesday,2024-11,25757.739999999994
S12,Personal Care,Friday,2024-11,56011.44999999998
S12,Personal Care,Monday,2024-11,36328.090000000004
S12,Personal Care,Saturday,2024-11,84103.52999999998
S12,Personal Care,Sunday,2024-11,65117.19
S12,Personal Care,Thursday,2024-11,23998.1
S12,Personal Care,Tuesday,2024-11,36360.83
S12,Personal Care,Wednesday,2024-11,34423.479999999996
S12,Spices & Masala,Friday,2024-11,29558.42
S12,Spices & Masala,Monday,2024-11,20215.47
S12,Spices & Masala,Saturday,2024-11,40407.69
S12,Spices & Masala,Sunday,2024-11,32500.8
S12,Spices & Masala,Thursday,2024-11,10733.480000000007
S12,Spices & Masala,Tuesday,2024-11,16515.2
S12,Spices & Masala,Wednesday,2024-11,20588.91
S12,Staples & Grains,Friday,2024-11,125031.19000000003
S12,Staples & Grains,Monday,2024-11,101972.39000000004
S12,Staples & Grains,Saturday,2024-11,185460.92999999996
S12,Staples & Grains,Sunday,2024-11,111918.84999999998
S12,Staples & Grains,Thursday,2024-11,114442.66000000003
S12,Staples & Grains,Tuesday,2024-11,50713.94
S12,Staples & Grains,Wednesday,2024-11,99664.70999999999
S12,Stationery & General,Friday,2024-11,37569.83
S12,Stationery & General,Monday,2024-11,18089.73
S12,Stationery & General,Saturday,2024-11,59521.300000000025
S12,Stationery & General,Sunday,2024-11,42727.959999999985
S12,Stationery & General,Thursday,2024-11,23708.88000000001
S12,Stationery & General,Tuesday,2024-11,18819.420000000006
S12,Stationery & General,Wednesday,2024-11,20721.02
S12,UNKNOWN,Friday,2024-11,-8791.470000000001
S12,UNKNOWN,Monday,2024-11,-3369.110000000001
S12,UNKNOWN,Saturday,2024-11,-10192.770000000002
S12,UNKNOWN,Sunday,2024-11,-7332.060000000001
S12,UNKNOWN,Thursday,2024-11,-3046.0400000000004
S12,UNKNOWN,Tuesday,2024-11,-5034.23
S12,UNKNOWN,Wednesday,2024-11,-5157.43
S12,Baby Care,Friday,2024-12,77568.66
S12,Baby Care,Monday,2024-12,109141.05000000002
S12,Baby Care,Saturday,2024-12,158012.11000000002
S12,Baby Care,Sunday,2024-12,143476.87999999995
S12,Baby Care,Thursday,2024-12,77077.16999999997
S12,Baby Care,Tuesday,2024-12,86715.25999999998
S12,Baby Care,Wednesday,2024-12,47411.65000000001
S12,Bakery,Friday,2024-12,16435.120000000003
S12,Bakery,Monday,2024-12,16768.63
S12,Bakery,Saturday,2024-12,12993.940000000004
S12,Bakery,Sunday,2024-12,23263.609999999997
S12,Bakery,Thursday,2024-12,11764.170000000002
S12,Bakery,Tuesday,2024-12,15405.74
S12,Bakery,Wednesday,2024-12,8564.659999999998
S12,Beverages,Friday,2024-12,28636.700000000008
S12,Beverages,Monday,2024-12,23845.859999999997
S12,Beverages,Saturday,2024-12,39696.39
S12,Beverages,Sunday,2024-12,54554.62999999999
S12,Beverages,Thursday,2024-12,21086.230000000003
S12,Beverages,Tuesday,2024-12,28846.260000000006
S12,Beverages,Wednesday,2024-12,17770.969999999998
S12,Biscuits & Snacks,Friday,2024-12,7886.62
S12,Biscuits & Snacks,Monday,2024-12,8865.350000000002
S12,Biscuits & Snacks,Saturday,2024-12,12774.300000000005
S12,Biscuits & Snacks,Sunday,2024-12,10810.2
S12,Biscuits & Snacks,Thursday,2024-12,7025.979999999998
S12,Biscuits & Snacks,Tuesday,2024-12,7675.520000000001
S12,Biscuits & Snacks,Wednesday,2024-12,4625.81
S12,Confectionery,Friday,2024-12,19150.07
S12,Confectionery,Monday,2024-12,16042.820000000003
S12,Confectionery,Saturday,2024-12,22608.049999999996
S12,Confectionery,Sunday,2024-12,30230.840000000004
S12,Confectionery,Thursday,2024-12,18997.38
S12,Confectionery,Tuesday,2024-12,18757.55
S12,Confectionery,Wednesday,2024-12,13627.340000000004
S12,Dairy,Friday,2024-12,28462.230000000003
S12,Dairy,Monday,2024-12,56389.100000000006
S12,Dairy,Saturday,2024-12,60034.529999999984
S12,Dairy,Sunday,2024-12,74839.03000000001
S12,Dairy,Thursday,2024-12,30507.490000000005
S12,Dairy,Tuesday,2024-12,39909.69000000001
S12,Dairy,Wednesday,2024-12,33332.64
S12,Edible Oils,Friday,2024-12,87344.05
S12,Edible Oils,Monday,2024-12,114041.15999999999
S12,Edible Oils,Saturday,2024-12,110939.58
S12,Edible Oils,Sunday,2024-12,161850.2699999999
S12,Edible Oils,Thursday,2024-12,97502.80999999998
S12,Edible Oils,Tuesday,2024-12,82461.84
S12,Edible Oils,Wednesday,2024-12,47935.560000000005
S12,Frozen & Ready to Eat,Friday,2024-12,25250.229999999996
S12,Frozen & Ready to Eat,Monday,2024-12,31044.379999999997
S12,Frozen & Ready to Eat,Saturday,2024-12,48449.77999999999
S12,Frozen & Ready to Eat,Sunday,2024-12,52020.63000000001
S12,Frozen & Ready to Eat,Thursday,2024-12,27244.919999999995
S12,Frozen & Ready to Eat,Tuesday,2024-12,32531.360000000004
S12,Frozen & Ready to Eat,Wednesday,2024-12,20659.459999999995
S12,Fruits & Vegetables,Friday,2024-12,12837.03
S12,Fruits & Vegetables,Monday,2024-12,12395.210000000001
S12,Fruits & Vegetables,Saturday,2024-12,27013.89999999999
S12,Fruits & Vegetables,Sunday,2024-12,28799.009999999995
S12,Fruits & Vegetables,Thursday,2024-12,11103.799999999997
S12,Fruits & Vegetables,Tuesday,2024-12,16235.549999999997
S12,Fruits & Vegetables,Wednesday,2024-12,14219.25
S12,Home Care,Friday,2024-12,31187.740000000005
S12,Home Care,Monday,2024-12,24209.03
S12,Home Care,Saturday,2024-12,35422.10999999999
S12,Home Care,Sunday,2024-12,54430.349999999984
S12,Home Care,Thursday,2024-12,32822.17
S12,Home Care,Tuesday,2024-12,29855.389999999992
S12,Home Care,Wednesday,2024-12,22585.51
S12,Personal Care,Friday,2024-12,42954.39000000001
S12,Personal Care,Monday,2024-12,46653.70999999999
S12,Personal Care,Saturday,2024-12,67523.16999999998
S12,Personal Care,Sunday,2024-12,68139.16999999998
S12,Personal Care,Thursday,2024-12,31470.7
S12,Personal Care,Tuesday,2024-12,28880.48
S12,Personal Care,Wednesday,2024-12,24146.290000000005
S12,Spices & Masala,Friday,2024-12,21005.129999999994
S12,Spices & Masala,Monday,2024-12,18212.069999999996
S12,Spices & Masala,Saturday,2024-12,28880.079999999998
S12,Spices & Masala,Sunday,2024-12,31045.629999999997
S12,Spices & Masala,Thursday,2024-12,17424.84
S12,Spices & Masala,Tuesday,2024-12,21202.8
S12,Spices & Masala,Wednesday,2024-12,8368.89
S12,Staples & Grains,Friday,2024-12,112147.64000000004
S12,Staples & Grains,Monday,2024-12,92640.46
S12,Staples & Grains,Saturday,2024-12,174046.8099999999
S12,Staples & Grains,Sunday,2024-12,164940.45
S12,Staples & Grains,Thursday,2024-12,64438.86999999999
S12,Staples & Grains,Tuesday,2024-12,96211.97
S12,Staples & Grains,Wednesday,2024-12,78688.26000000001
S12,Stationery & General,Friday,2024-12,26536.68
S12,Stationery & General,Monday,2024-12,33974.48000000001
S12,Stationery & General,Saturday,2024-12,37211.01000000002
S12,Stationery & General,Sunday,2024-12,54237.44999999999
S12,Stationery & General,Thursday,2024-12,23369.06000000001
S12,Stationery & General,Tuesday,2024-12,22349.840000000007
S12,Stationery & General,Wednesday,2024-12,25708.230000000003
S12,UNKNOWN,Friday,2024-12,-5701.12
S12,UNKNOWN,Monday,2024-12,-5997.38
S12,UNKNOWN,Saturday,2024-12,-6850.199999999999
S12,UNKNOWN,Sunday,2024-12,-6953.36
S12,UNKNOWN,Thursday,2024-12,-4852.19
S12,UNKNOWN,Tuesday,2024-12,-4750.539999999999
S12,UNKNOWN,Wednesday,2024-12,-4988.47
